Summary,Description,Priority,Status,Reporter,Assignee,Request type,Issue Type,Categoría,Date Created,Comment,Comment
limite de compra de usdc,"hola, queria comprar $500.000 de usdc con pesos pero me dice que supere mi limite mensual. hay forma de aumentarlo? necesito operar hoy.",Highest,Resolved,qm:96e3bf0d-beea-4cd2-bca9-568ee30412d2:18f50c0f-dfaf-4c48-b4f7-e1a3b581b478,maximilianojavierjulio@gmail.com,Portal Tokenia,Service Request,Límites y restricciones,12/Jun/25 1:25 PM,"12/Jun/25 3:50 PM;maximilianojavierjulio@gmail.com;¡Hola! Entiendo que estás consultando sobre el límite para comprar USDC con pesos. En Tokenia, los límites para operar están vinculados con el nivel de verificación de tu cuenta. Para cuentas con verificación básica, el tope para comprar criptomonedas es de $300.000 ARS por mes. Si querés aumentar este monto y operar con un límite de hasta $2.000.000 ARS mensuales, tenés que completar el proceso de verificación completa. Podés hacerlo desde la sección 'Perfil' en tu cuenta, buscando la opción 'Verificación de cuenta'. Si ya tenés la verificación completa y aún así ves el límite, por favor, envianos un mensaje con tu nombre de usuario para que revisemos tu situación.","12/Jun/25 4:55 PM;qm:96e3bf0d-beea-4cd2-bca9-568ee30412d2:18f50c0f-dfaf-4c48-b4f7-e1a3b581b478;perfecto, ya lo pude resolver"
grafico de precios no carga en la app,"hola, hace como 2 dias q abro la app y el grafico de precios (el de velas) no me aparece. se queda en blanco o a veces me aparece un circulo cargando y no pasa nada. quiero ver los movimientos y no puedo. mi celu es un iphone 11 con ios 16.3. probe desinstalar y volver a instalar pero sigue igual.",Medium,Resolved,qm:96e3bf0d-beea-4cd2-bca9-568ee30412d2:af30ed9d-7e74-4e4e-8304-5e91abcd1392,maximilianojavierjulio@gmail.com,Tokenia Email,General request,Problemas técnicos de la app/web,6/Nov/25 11:49 PM,"7/Nov/25 2:48 AM;maximilianojavierjulio@gmail.com;¡Hola! Gracias por avisarnos. Registramos que algunos usuarios están teniendo dificultades con la carga de gráficos en la aplicación de iOS. Nuestro equipo ya está revisando esto para dar una solución lo antes posible. Como alternativa, podés ver los gráficos de precios sin problema desde nuestra web ingresando con tu navegador.","7/Nov/25 3:34 AM;qm:96e3bf0d-beea-4cd2-bca9-568ee30412d2:af30ed9d-7e74-4e4e-8304-5e91abcd1392;gracias, ya se solucionó"
no me carga el historial de movimientos en la app,"hola, estoy viendo que desde ayer no puedo ver mis movimientos. la app se queda como cargando y nunca aparece nada. tengo un iphone 14 pro con ios 17.2 y la app version 3.4.7. ya probé reinstalarla pero sigue igual. en la compu si me anda bien.",Medium,Work in Progress,qm:96e3bf0d-beea-4cd2-bca9-568ee30412d2:1777a0ba-d198-44c3-908f-eb26c7d492f5,maxi220julio@gmail.com,Tokenia Web,Service Request,Problemas técnicos de la app/web,24/Sep/25 4:10 AM,"24/Sep/25 6:02 AM;maxi220julio@gmail.com;¡Hola! Gracias por avisarnos sobre este inconveniente. Confirmamos que estamos experimentando una falla en la aplicación que impide visualizar el historial de movimientos correctamente en algunos dispositivos. Nuestro equipo técnico ya está trabajando para resolverlo cuanto antes. Mientras tanto, podés acceder a tu historial de transacciones sin problema desde la versión web de Tokenia en tu navegador.",
compra de solana en pendiente hace varias horas,"hola, hice una compra de 0.5 solanas hoy a la mañana, tipo 10hs. la plata se me descontó de la cuenta de mercado pago, pero en la app de tokenia la operacion sigue como 'pendiente'. ya son las 2 de la tarde. que hago? la plata no me volvio y no tengo las sol. quiero que me las acrediten porfa.",Medium,Resolved,qm:96e3bf0d-beea-4cd2-bca9-568ee30412d2:27688d60-4eb7-4c49-a534-a6d78f6fddb8,maxyjulio18@gmail.com,Tokenia App,Service Request,Operaciones de compra/venta crypto,12/Nov/25 7:34 PM,"12/Nov/25 9:31 PM;maxyjulio18@gmail.com;Hola, entendemos tu preocupación por la compra de SOL que todavía figura como 'pendiente' después de tantas horas. Para que podamos rastrear tu transacción y darte una solución, por favor, envianos el identificador de la operación que te figura en la app de Tokenia y, si lo tenés a mano, el comprobante de la transferencia o pago que hiciste desde Mercado Pago. Con esos datos, vamos a poder verificar qué sucedió y resolverlo lo antes posible.","12/Nov/25 10:01 PM;qm:96e3bf0d-beea-4cd2-bca9-568ee30412d2:27688d60-4eb7-4c49-a534-a6d78f6fddb8;listo, funciono. gracias"
me salto un aviso de inicio de sesion raro,"hola, me salto una notificacion en el celu de que alguien inicio sesion en mi cuenta de tokenia desde un iphone en cordoba capital. yo estoy en rosario y no tengo iphone. no fui yo. me da cosa, estan mis ahorros ahi. que hago?",High,Resolved,qm:96e3bf0d-beea-4cd2-bca9-568ee30412d2:62830fe6-8218-47cb-b71b-65c6cccd540a,maxi220julio@gmail.com,Tokenia Email,General request,Seguridad de la cuenta,25/Oct/25 8:13 PM,"25/Oct/25 9:17 PM;maxi220julio@gmail.com;Hola! Entendemos perfectamente tu preocupación. Ya suspendimos tu cuenta de forma preventiva para proteger tus fondos. Para que puedas volver a usarla con tranquilidad, vamos a necesitar que verifiques tu identidad.","25/Oct/25 10:36 PM;qm:96e3bf0d-beea-4cd2-bca9-568ee30412d2:62830fe6-8218-47cb-b71b-65c6cccd540a;gracias, ya se solucionó"
no me llegaron los usdt de la compra,"hola, ayer a la tarde quise comprar 100 usdt con pesos desde mi cuenta y la app me dijo que la operacion se estaba procesando. la plata (los ARS) me la debitaron de la cuenta bancaria pero los usdt no me aparecen en el balance de tokenia. ya pasaron como 4 horas y sigue sin aparecer. tengo el comprobante de la compra si lo necesitan.",Medium,Resolved,qm:96e3bf0d-beea-4cd2-bca9-568ee30412d2:2cc33309-869f-4207-ba0a-d00e2c5d79b9,maxyjulio18@gmail.com,Tokenia Web,Service Request,Operaciones de compra/venta fiat,6/Jan/26 7:00 AM,"6/Jan/26 9:53 AM;maxyjulio18@gmail.com;Hola! Entiendo tu preocupación por la compra de tus USDT. Para que podamos verificar lo que sucedió, por favor, envianos el número de operación o el comprobante de la compra. Con esa información, revisamos el estado de tu transacción y te confirmamos qué pasó.","6/Jan/26 10:14 AM;qm:96e3bf0d-beea-4cd2-bca9-568ee30412d2:2cc33309-869f-4207-ba0a-d00e2c5d79b9;perfecto, ya lo pude resolver"
"genere otra direccion para btc, la anterior sigue andando?","hola, ayer le pase una direccion de btc de tokenia a un amigo para que me mande algo, pero hoy entre a la app y sin querer toque 'generar nueva direccion' para ver que onda y me dio una distinta. mi pregunta es si la que le di a mi amigo sigue sirviendo o tiene que usar esta nueva si o si? el ya tiene agendada la vieja. gracias!",High,Resolved,qm:96e3bf0d-beea-4cd2-bca9-568ee30412d2:54e0a821-80de-475f-9ddc-36c025d2c2ad,maxi220julio@gmail.com,Portal Tokenia,Service Request,Billetera y direcciones,20/Dec/25 11:16 AM,"20/Dec/25 12:39 PM;maxi220julio@gmail.com;¡Hola! Te cuento que no tenés que preocuparte por eso. En Tokenia, las direcciones de depósito de criptomonedas como Bitcoin suelen ser permanentes, incluso si generás una nueva. Esto significa que la dirección anterior que le pasaste a tu amigo sigue siendo completamente válida para recibir fondos. Podés seguir usándola con confianza. Si ves una opción para generar una nueva dirección, es más que nada para comodidad o si querés una nueva por alguna razón específica, pero la anterior sigue activa.","20/Dec/25 1:09 PM;qm:96e3bf0d-beea-4cd2-bca9-568ee30412d2:54e0a821-80de-475f-9ddc-36c025d2c2ad;genial, muchas gracias por la ayuda"
no veo mi direccion de btc para recibir,quiero recibir bitcoins de un amigo pero cuando entro a la parte de recibir btc no me aparece la direccion para copiarla. me sale como una pantalla en blanco o un cartel q dice 'error al cargar'. quiero q me la pasen xfa o arreglen el problema. son como 0.05 btc,Medium,Waiting for Customer,qm:96e3bf0d-beea-4cd2-bca9-568ee30412d2:58c8f6de-b191-481c-b086-3ad59825148f,maxyjulio18@gmail.com,Tokenia App,Service Request,Billetera y direcciones,11/Jun/25 8:23 PM,"11/Jun/25 10:14 PM;maxyjulio18@gmail.com;Lamento que estés teniendo problemas para ver tu dirección de Bitcoin. Esto puede pasar a veces por una carga de datos o un inconveniente temporal en la app. Para solucionarlo, te pido que intentes con estos pasos:  1. Cerrá la sesión y volvé a entrar a la aplicación.  2. Si sigue sin aparecer, probá desde la versión web de Tokenia en tu navegador.  3. Asegurate de tener la última versión de la app instalada.  Si después de intentar esto la dirección aún no se muestra, contactanos de nuevo con una captura de pantalla del error para que podamos revisar qué está pasando con tu cuenta.",
no me deja entrar con face id,"hola buenas, desde ayer que actualice el iphone no me deja entrar a tokenia con face id, me tira que fallo el reconocimiento aunque soy yo. probe con la clave normal y tampoco me deja, dice datos incorrectos. ya intente 4 veces y tengo miedo de que me bloqueen la cuenta.",High,Resolved,qm:96e3bf0d-beea-4cd2-bca9-568ee30412d2:f6265e73-c077-4093-9441-1f20cbfeaf40,maxi220julio@gmail.com,Tokenia App,Service Request,Acceso y autenticación,3/May/25 9:14 AM,"3/May/25 11:20 AM;maxi220julio@gmail.com;Hola, entendemos la situación. El Face ID puede fallar después de una actualización del sistema operativo, esto no afecta el ingreso con clave. Para entrar con contraseña, te recomendamos ir a 'Olvidé mi clave' desde la pantalla principal para generar una nueva. Así evitamos que la cuenta se bloquee por los intentos fallidos.","3/May/25 12:05 PM;qm:96e3bf0d-beea-4cd2-bca9-568ee30412d2:f6265e73-c077-4093-9441-1f20cbfeaf40;gracias, ya pude entrar con la clave nueva"
la verificacion en dos pasos no me manda el codigo,tengo activado el 2fa por sms y desde anoche no me llega el codigo para entrar. probe pedirlo como 5 veces y nada. necesito entrar para hacer una operacion.,Highest,Escalated,qm:96e3bf0d-beea-4cd2-bca9-568ee30412d2:1979be20-22df-4ea9-a264-020aef7b27f7,maxyjulio18@gmail.com,Tokenia Web,Service Request,Acceso y autenticación,14/Aug/25 6:40 PM,"14/Aug/25 9:15 PM;maxyjulio18@gmail.com;Hola, gracias por avisarnos. Tuvimos demoras puntuales en el envío de códigos por SMS con algunas operadoras. Vamos a derivar tu caso al equipo técnico para revisar tu número específicamente. Te contactamos apenas tengamos novedades.",
el btc que deposite no aparece en mi cuenta,mande 0.02 btc a la direccion que me dio la app hace 3 horas. en blockchain.com ya figura con 4 confirmaciones pero en tokenia no veo nada todavia. el hash es 3a9f... por si sirve.,High,Resolved,qm:96e3bf0d-beea-4cd2-bca9-568ee30412d2:e34f737c-f7d6-4402-906c-c89d3851033f,maximilianojavierjulio@gmail.com,Tokenia App,Service Request,Depósitos y retiros,2/Feb/26 11:02 AM,"2/Feb/26 1:30 PM;maximilianojavierjulio@gmail.com;Hola, para poder revisar tu depósito necesitamos que nos compartas el hash completo de la transacción (TxID). Con ese dato vamos a verificar en qué estado se encuentra y, si corresponde, acreditar el saldo de forma manual.","2/Feb/26 2:10 PM;qm:96e3bf0d-beea-4cd2-bca9-568ee30412d2:e34f737c-f7d6-4402-906c-c89d3851033f;perfecto, ya se acredito. gracias"
retire ars y no me llego el dinero al banco,pedi un retiro de 60000 pesos a mi cuenta del bbva hace un dia y medio. en la app figura como completado pero en el banco no tengo nada acreditado todavia.,Medium,Resolved,qm:96e3bf0d-beea-4cd2-bca9-568ee30412d2:58c8f6de-b191-481c-b086-3ad59825148f,maxi220julio@gmail.com,Portal Tokenia,Service Request,Depósitos y retiros,19/Sep/25 3:20 PM,"19/Sep/25 5:45 PM;maxi220julio@gmail.com;Hola, los retiros a cuentas bancarias pueden demorar hasta 24 horas hábiles en verse reflejados, dependiendo del banco receptor. Si ya pasó ese plazo y no lo ves acreditado, pasanos el número de operación para hacer el seguimiento con el banco.","20/Sep/25 9:02 AM;qm:96e3bf0d-beea-4cd2-bca9-568ee30412d2:58c8f6de-b191-481c-b086-3ad59825148f;ya me llego, gracias"
como hago para invitar a un amigo y ganar el bono,vi que tienen un programa de referidos pero no se donde esta mi codigo para compartir. alguien me puede decir donde lo encuentro?,Low,Resolved,qm:96e3bf0d-beea-4cd2-bca9-568ee30412d2:e370d25e-5cfb-48c6-9833-7546b43b5f6f,maxyjulio18@gmail.com,Tokenia Email,General request,Información y consultas generales,8/Jul/25 10:45 AM,"8/Jul/25 2:30 PM;maxyjulio18@gmail.com;Hola, tu código de referido lo encontrás en la sección 'Referidos' dentro de tu perfil. Ahí también vas a poder ver cuántas personas se registraron con tu código y el estado de las bonificaciones.","8/Jul/25 3:00 PM;qm:96e3bf0d-beea-4cd2-bca9-568ee30412d2:e370d25e-5cfb-48c6-9833-7546b43b5f6f;genial, ya lo encontre"
tokenia cobra algo por tener la cuenta,queria saber si hay algun costo de mantenimiento mensual por tener una cuenta en tokenia aunque no opere.,Low,Resolved,qm:96e3bf0d-beea-4cd2-bca9-568ee30412d2:7df2247b-a9d7-446f-9908-5e1029612e5c,maximilianojavierjulio@gmail.com,Tokenia Web,Service Request,Información y consultas generales,27/Mar/26 8:05 PM,"27/Mar/26 9:40 PM;maximilianojavierjulio@gmail.com;Hola, no hay ningún costo de mantenimiento por tener una cuenta en Tokenia. Solo se aplican comisiones al momento de realizar una operación de compra, venta o retiro.","27/Mar/26 10:15 PM;qm:96e3bf0d-beea-4cd2-bca9-568ee30412d2:7df2247b-a9d7-446f-9908-5e1029612e5c;perfecto, gracias por la info"
cuanto cobran por retirar pesos al banco,"quiero sacar 200000 pesos a mi cuenta del santander, hay alguna comision por ese retiro?",Medium,Resolved,qm:96e3bf0d-beea-4cd2-bca9-568ee30412d2:64cb148f-e970-4d60-b1d5-b8f416b8022f,maxi220julio@gmail.com,Portal Tokenia,Service Request,Tarifas y comisiones,15/Oct/25 1:30 PM,"15/Oct/25 3:50 PM;maxi220julio@gmail.com;Hola, los retiros en pesos a cuentas bancarias no tienen comisión de nuestra parte. El monto que solicites se transfiere completo a tu cuenta, sin descuentos adicionales.","15/Oct/25 4:20 PM;qm:96e3bf0d-beea-4cd2-bca9-568ee30412d2:64cb148f-e970-4d60-b1d5-b8f416b8022f;genial, muchas gracias"
porque me cobraron distinto en dos compras iguales de eth,"compre 0.1 eth el lunes y despues 0.1 eth el miercoles, misma cantidad, pero la comision que me cobraron fue distinta en pesos. no entiendo por que si es el mismo monto de cripto.",Medium,Resolved,qm:96e3bf0d-beea-4cd2-bca9-568ee30412d2:10fce4eb-6818-4f3a-bd6d-35cfa471b0ac,maxyjulio18@gmail.com,Tokenia App,Service Request,Tarifas y comisiones,11/Nov/25 5:55 PM,"11/Nov/25 7:30 PM;maxyjulio18@gmail.com;Hola, la comisión siempre es del 1% sobre el monto de la operación, pero como el precio del ETH varía día a día, el valor en pesos de esa comisión también cambia aunque la cantidad de cripto sea la misma. No se trata de un cobro distinto, sino de la fluctuación del precio de mercado.","11/Nov/25 8:10 PM;qm:96e3bf0d-beea-4cd2-bca9-568ee30412d2:10fce4eb-6818-4f3a-bd6d-35cfa471b0ac;ah ya entiendo, gracias por la aclaracion"
cuanto tarda en aprobarse el kyc con pasaporte,"soy extranjero y hice la verificacion con mi pasaporte hace 3 dias, todavia sigue en revision. es normal que tarde mas que con dni?",Medium,Resolved,qm:96e3bf0d-beea-4cd2-bca9-568ee30412d2:9b001302-64de-4529-89e2-79e3b221b797,maximilianojavierjulio@gmail.com,Tokenia Web,Service Request,Verificación de identidad,30/Jun/25 4:12 PM,"30/Jun/25 6:50 PM;maximilianojavierjulio@gmail.com;Hola, la verificación con pasaporte puede llevar un poco más de tiempo que con DNI porque requiere una validación adicional. El plazo habitual es de hasta 5 días hábiles. Si transcurrido ese plazo seguís sin novedades, contactanos nuevamente.","30/Jun/25 7:15 PM;qm:96e3bf0d-beea-4cd2-bca9-568ee30412d2:9b001302-64de-4529-89e2-79e3b221b797;dale, espero entonces. gracias"
me rechazaron el kyc por el domicilio,"hice la verificacion y me llego un mail diciendo que el comprobante de domicilio no era valido. use una factura de luz de este mes, no entiendo cual es el problema.",High,Escalated,qm:96e3bf0d-beea-4cd2-bca9-568ee30412d2:0df99cfc-26bd-40c6-8e90-a343fc8c2ef8,maxi220julio@gmail.com,Tokenia Email,General request,Verificación de identidad,22/Jan/26 9:30 AM,"22/Jan/26 11:50 AM;maxi220julio@gmail.com;Hola, los comprobantes de domicilio deben tener una antigüedad menor a 90 días y mostrar claramente tu nombre completo y la dirección. Si tu factura cumple con esos requisitos, vamos a derivar tu caso al equipo de verificación para que revisen el documento de forma manual.",
quiero cancelar una compra de ada que hice mal,"puse comprar 500 ada en vez de 50, me equivoque de cero. la operacion todavia dice pendiente, la puedo cancelar antes de que se confirme?",High,Resolved,qm:96e3bf0d-beea-4cd2-bca9-568ee30412d2:d2644145-7b97-47e1-82a6-cfb0dcd7ac06,maxyjulio18@gmail.com,Tokenia App,Service Request,Operaciones de compra/venta crypto,5/Dec/25 12:15 PM,"5/Dec/25 12:45 PM;maxyjulio18@gmail.com;Hola, mientras la operación figure como pendiente todavía es posible cancelarla desde la sección de órdenes activas en la app. Si ya se confirmó, no se puede revertir, pero sí podés vender el excedente de inmediato al precio de mercado.","5/Dec/25 1:00 PM;qm:96e3bf0d-beea-4cd2-bca9-568ee30412d2:d2644145-7b97-47e1-82a6-cfb0dcd7ac06;llegue a cancelarla justo a tiempo, gracias"
cambiaron el mail de mi cuenta sin que yo lo pida,"entre a mi perfil y el correo registrado ya no es el mio, es uno que no reconozco. no hice ningun cambio. me preocupa que hayan entrado a mi cuenta.",Highest,Escalated,qm:96e3bf0d-beea-4cd2-bca9-568ee30412d2:100cf02a-d965-49dc-a96c-a17602637b44,maximilianojavierjulio@gmail.com,Tokenia Web,Service Request,Seguridad de la cuenta,9/Apr/26 7:48 AM,"9/Apr/26 8:20 AM;maximilianojavierjulio@gmail.com;Hola, entendemos la gravedad de la situación. Suspendimos tu cuenta de forma preventiva para proteger tus fondos. Vamos a derivar tu caso al equipo de seguridad para investigar el cambio de correo y restablecer el acceso de forma segura.",
no me deja cambiar la contraseña desde el perfil,"entre a mi perfil para cambiar la clave por las dudas y cuando pongo la nueva contraseña me tira error, dice que no cumple los requisitos pero tiene mayuscula numero y simbolo. no entiendo que le falta.",Low,Resolved,qm:96e3bf0d-beea-4cd2-bca9-568ee30412d2:6829bfc5-d867-4e24-aeac-e948f6fe1b23,maxyjulio18@gmail.com,Tokenia Web,Service Request,Acceso y autenticación,4/Jun/25 3:15 PM,"4/Jun/25 5:40 PM;maxyjulio18@gmail.com;Hola, la contraseña necesita al menos 8 caracteres, una mayúscula, un número y un símbolo especial, y no puede repetir tu contraseña anterior. Si tu nueva clave cumple con todo esto y sigue sin aceptarla, probá cerrando la sesión y volviendo a intentar desde la app actualizada.","4/Jun/25 6:10 PM;qm:96e3bf0d-beea-4cd2-bca9-568ee30412d2:6829bfc5-d867-4e24-aeac-e948f6fe1b23;era eso, estaba repitiendo la anterior. gracias"
mi cuenta se cerro sola mientras operaba,estaba haciendo una compra y de repente la app me saco la sesion y tuve que volver a entrar. me preocupa que haya pasado algo raro con mi cuenta.,Medium,Resolved,qm:96e3bf0d-beea-4cd2-bca9-568ee30412d2:2cc33309-869f-4207-ba0a-d00e2c5d79b9,maxi220julio@gmail.com,Tokenia App,Service Request,Acceso y autenticación,17/Feb/26 6:22 PM,"17/Feb/26 8:50 PM;maxi220julio@gmail.com;Hola, revisamos tu cuenta y no encontramos ningún acceso sospechoso. El cierre de sesión automático puede ocurrir por inactividad o por una actualización de seguridad en segundo plano. Tu operación no se vio afectada.","17/Feb/26 9:15 PM;qm:96e3bf0d-beea-4cd2-bca9-568ee30412d2:2cc33309-869f-4207-ba0a-d00e2c5d79b9;buenisimo, gracias por confirmar"
compre dot y el precio final no coincide con el que vi,"vi el precio de polkadot a $2500 y cuando confirme la compra me cobraron como si fuera a $2650. paso todo muy rapido, en menos de un minuto. es normal esa diferencia?",Medium,Resolved,qm:96e3bf0d-beea-4cd2-bca9-568ee30412d2:3d798707-4bb8-413e-a607-86b6366d584d,maximilianojavierjulio@gmail.com,Portal Tokenia,Service Request,Operaciones de compra/venta crypto,9/Aug/25 2:47 PM,"9/Aug/25 4:00 PM;maximilianojavierjulio@gmail.com;Hola, el precio de las criptomonedas se actualiza constantemente según el mercado, por eso puede variar entre el momento en que lo ves y el momento en que confirmás la operación. Esa diferencia corresponde a la fluctuación normal del precio en esos segundos.","9/Aug/25 4:30 PM;qm:96e3bf0d-beea-4cd2-bca9-568ee30412d2:3d798707-4bb8-413e-a607-86b6366d584d;ah bueno, tiene sentido. gracias"
no encuentro como hacer una venta parcial de mi btc,"tengo 0.3 btc y quiero vender solo una parte, como 0.1, pero en la app solo me deja poner el monto en pesos y no se cuanto btc exacto estoy vendiendo. hay forma de ver eso?",Low,Resolved,qm:96e3bf0d-beea-4cd2-bca9-568ee30412d2:de0d6cf7-b049-41d4-8412-41e6f9a97992,maxyjulio18@gmail.com,Tokenia App,Service Request,Operaciones de compra/venta crypto,22/Oct/25 11:10 AM,"22/Oct/25 1:45 PM;maxyjulio18@gmail.com;Hola, en la pantalla de venta podés tocar el ícono que dice 'ARS' junto al monto para cambiar a la unidad de la criptomoneda. Así vas a poder ingresar directamente la cantidad de BTC que querés vender en vez del monto en pesos.","22/Oct/25 2:05 PM;qm:96e3bf0d-beea-4cd2-bca9-568ee30412d2:de0d6cf7-b049-41d4-8412-41e6f9a97992;ahi esta, no lo habia visto. gracias"
quiero saber si puedo cargar pesos con tarjeta de debito,vi que se puede cargar por transferencia pero queria saber si tambien aceptan tarjeta de debito para cargar saldo en pesos.,Low,Resolved,qm:96e3bf0d-beea-4cd2-bca9-568ee30412d2:2d6d7e33-c1c9-48e1-b5bc-7f83ed940fbd,maxi220julio@gmail.com,Tokenia Email,General request,Operaciones de compra/venta fiat,13/May/25 9:00 AM,"13/May/25 12:20 PM;maxi220julio@gmail.com;Hola, por el momento en Tokenia solo aceptamos carga de fondos en pesos por transferencia bancaria. No tenemos disponible la opción de carga con tarjeta de débito o crédito.","13/May/25 12:40 PM;qm:96e3bf0d-beea-4cd2-bca9-568ee30412d2:2d6d7e33-c1c9-48e1-b5bc-7f83ed940fbd;entendido, gracias por la aclaracion"
hice una transferencia de mas y quiero que me devuelvan la diferencia,tenia que transferir 50000 pesos pero me equivoque y mande 500000. ya se acredito todo en tokenia. queria pedir que me devuelvan los 450000 de mas a mi cuenta bancaria.,High,Resolved,qm:96e3bf0d-beea-4cd2-bca9-568ee30412d2:38db461d-acf4-4174-9229-abec66530d80,maximilianojavierjulio@gmail.com,Portal Tokenia,Service Request,Operaciones de compra/venta fiat,28/Nov/25 4:35 PM,"28/Nov/25 6:00 PM;maximilianojavierjulio@gmail.com;Hola, no hay problema. Como el monto ya está acreditado en tu saldo de Tokenia, simplemente podés solicitar un retiro de $450.000 a tu cuenta bancaria desde la app, sin necesidad de ningún trámite adicional.","28/Nov/25 6:20 PM;qm:96e3bf0d-beea-4cd2-bca9-568ee30412d2:38db461d-acf4-4174-9229-abec66530d80;ah que facil, ya lo hago. gracias"
cuanto tarda un retiro de usdt a binance,"quiero retirar 500 usdt a mi cuenta de binance, cuanto tiempo demora ese tipo de retiro entre exchanges?",Low,Resolved,qm:96e3bf0d-beea-4cd2-bca9-568ee30412d2:11bcee9e-5c21-4a2b-9982-9c4869410e51,maxyjulio18@gmail.com,Tokenia Web,Service Request,Depósitos y retiros,6/Jul/25 3:50 PM,"6/Jul/25 4:30 PM;maxyjulio18@gmail.com;Hola, los retiros de USDT a otro exchange como Binance suelen demorar entre 10 y 30 minutos, dependiendo de la red que uses y la congestión del momento. Asegurate de elegir la misma red en Tokenia y en Binance para evitar demoras.","6/Jul/25 5:00 PM;qm:96e3bf0d-beea-4cd2-bca9-568ee30412d2:11bcee9e-5c21-4a2b-9982-9c4869410e51;perfecto, gracias por la info"
mi deposito de solana quedo con menos confirmaciones de las necesarias,"mande 10 sol a tokenia hace 20 minutos, en el explorador de solana ya figura confirmado pero en la app sigue diciendo pendiente. cuanto mas tengo que esperar?",Medium,Work in Progress,qm:96e3bf0d-beea-4cd2-bca9-568ee30412d2:743e4c73-9f65-4707-867d-362ed5c61c85,maxi220julio@gmail.com,Tokenia App,Service Request,Depósitos y retiros,31/Jan/26 10:15 AM,"31/Jan/26 11:00 AM;maxi220julio@gmail.com;Hola, los depósitos de Solana suelen acreditarse en pocos minutos por la velocidad de esa red. Si ya pasaron más de 15 minutos y sigue pendiente, pasanos el hash de la transacción para revisar qué está pasando.",
quiero saber si puedo poner una clave adicional para retiros,"me gustaria tener una segunda confirmacion o clave especifica solo para cuando hago retiros, para mas seguridad. existe esa opcion?",Low,Resolved,qm:96e3bf0d-beea-4cd2-bca9-568ee30412d2:b930251b-8e9d-4251-b2fe-30e4c9544346,maximilianojavierjulio@gmail.com,Tokenia Email,General request,Seguridad de la cuenta,16/Sep/25 1:20 PM,"16/Sep/25 3:45 PM;maximilianojavierjulio@gmail.com;Hola, actualmente los retiros ya están protegidos por la verificación en dos pasos si la tenés activada en tu cuenta. No contamos con una clave adicional específica solo para retiros, pero activar el 2FA te da ese nivel extra de seguridad que buscás.","16/Sep/25 4:10 PM;qm:96e3bf0d-beea-4cd2-bca9-568ee30412d2:b930251b-8e9d-4251-b2fe-30e4c9544346;entendido, voy a activarlo entonces"
me llegaron varios intentos de inicio de sesion fallidos que no fui yo,"el celular me mando como 5 notificaciones de intentos de inicio de sesion fallidos en un ratito, todos desde una ubicacion que no es la mia. yo no intente entrar en ese momento.",High,Resolved,qm:96e3bf0d-beea-4cd2-bca9-568ee30412d2:d0de7e09-4c5e-463c-9d38-74616182f078,maxyjulio18@gmail.com,Tokenia App,Service Request,Seguridad de la cuenta,3/Dec/25 8:40 PM,"3/Dec/25 9:10 PM;maxyjulio18@gmail.com;Hola, gracias por avisarnos. Los intentos fallidos no lograron acceder a tu cuenta gracias a las medidas de seguridad activas. Igualmente, te recomendamos cambiar tu contraseña por precaución y activar la verificación en dos pasos si todavía no la tenés.","3/Dec/25 9:35 PM;qm:96e3bf0d-beea-4cd2-bca9-568ee30412d2:d0de7e09-4c5e-463c-9d38-74616182f078;listo, ya cambie la clave y active el 2fa. gracias"
puedo tener mas de una direccion de deposito para la misma cripto,"quiero saber si puedo generar varias direcciones distintas de btc dentro de mi cuenta, para organizarme mejor con distintos depositos.",Low,Resolved,qm:96e3bf0d-beea-4cd2-bca9-568ee30412d2:18f50c0f-dfaf-4c48-b4f7-e1a3b581b478,maxi220julio@gmail.com,Tokenia Web,Service Request,Billetera y direcciones,20/Apr/25 5:25 PM,"20/Apr/25 6:50 PM;maxi220julio@gmail.com;Hola, en Tokenia cada usuario cuenta con una única dirección activa por criptomoneda a la vez. Podés generar una nueva dirección cuando quieras, pero eso reemplaza la visible en la app, aunque la anterior sigue siendo válida para recibir fondos.","20/Apr/25 7:15 PM;qm:96e3bf0d-beea-4cd2-bca9-568ee30412d2:18f50c0f-dfaf-4c48-b4f7-e1a3b581b478;entendido, gracias por explicarme"
la direccion de deposito de usdt trc20 no me carga,"quiero depositar usdt por la red trc20 pero cuando elijo esa red en la app no me genera la direccion, se queda cargando y nada.",Medium,Resolved,qm:96e3bf0d-beea-4cd2-bca9-568ee30412d2:8f54090f-7904-47c1-a169-777fc6d2704a,maximilianojavierjulio@gmail.com,Tokenia App,Service Request,Billetera y direcciones,14/Mar/26 12:30 PM,"14/Mar/26 2:00 PM;maximilianojavierjulio@gmail.com;Hola, detectamos una demora puntual en la generación de direcciones para la red TRC-20. Ya lo derivamos a nuestro equipo técnico. Como alternativa, podés intentar generar la dirección desde la versión web mientras se resuelve.","14/Mar/26 2:30 PM;qm:96e3bf0d-beea-4cd2-bca9-568ee30412d2:8f54090f-7904-47c1-a169-777fc6d2704a;desde la web si me la genero, gracias"
tokenia tiene atencion los fines de semana,queria saber si el soporte de tokenia atiende sabados y domingos o solo dias habiles.,Low,Resolved,qm:96e3bf0d-beea-4cd2-bca9-568ee30412d2:59252f93-ef1e-4477-9c17-be2742a566e2,maxi220julio@gmail.com,Tokenia Email,General request,Información y consultas generales,10/Jun/25 11:00 AM,"10/Jun/25 2:15 PM;maxi220julio@gmail.com;Hola, nuestro equipo de soporte atiende todos los días de la semana, incluidos sábados y domingos, aunque los tiempos de respuesta pueden ser un poco más largos los fines de semana.","10/Jun/25 2:40 PM;qm:96e3bf0d-beea-4cd2-bca9-568ee30412d2:59252f93-ef1e-4477-9c17-be2742a566e2;buenisimo, gracias"
se puede usar tokenia para pagar servicios,"vi que otras billeteras tienen la opcion de pagar servicios como luz o gas, tokenia tiene algo asi?",Low,Resolved,qm:96e3bf0d-beea-4cd2-bca9-568ee30412d2:474abcb9-0c93-42b3-ad19-185467bf0daf,maxyjulio18@gmail.com,Tokenia Web,Service Request,Información y consultas generales,25/Aug/25 4:45 PM,"25/Aug/25 6:10 PM;maxyjulio18@gmail.com;Hola, por el momento Tokenia está enfocado en la compra, venta y resguardo de criptomonedas, y no ofrecemos el pago de servicios como luz o gas. Es una función que no descartamos a futuro.","25/Aug/25 6:30 PM;qm:96e3bf0d-beea-4cd2-bca9-568ee30412d2:474abcb9-0c93-42b3-ad19-185467bf0daf;ok, gracias por aclarar"
hay comision por transferir entre usuarios de tokenia,"si le quiero mandar usdt a otro usuario de tokenia usando solo el nombre de usuario, sin salir a una wallet externa, tiene alguna comision eso?",Low,Resolved,qm:96e3bf0d-beea-4cd2-bca9-568ee30412d2:e1ec8af6-b713-442c-a841-58d7d71b1c58,maxi220julio@gmail.com,Tokenia App,Service Request,Tarifas y comisiones,2/Oct/25 9:50 AM,"2/Oct/25 11:20 AM;maxi220julio@gmail.com;Hola, las transferencias internas entre usuarios de Tokenia no tienen ninguna comisión. Solo se cobra comisión cuando hacés una compra, venta o un retiro hacia una billetera externa o cuenta bancaria.","2/Oct/25 11:45 AM;qm:96e3bf0d-beea-4cd2-bca9-568ee30412d2:e1ec8af6-b713-442c-a841-58d7d71b1c58;genial, no sabia eso. gracias"
la comision de retiro de btc me parece muy alta hoy,quise retirar 0.01 btc y la comision de red que me mostro fue bastante mas alta que otras veces. es porque esta mas cara la red ahora?,Medium,Resolved,qm:96e3bf0d-beea-4cd2-bca9-568ee30412d2:dac60d3e-f27a-4686-80f6-92944511c469,maximilianojavierjulio@gmail.com,Tokenia Web,Service Request,Tarifas y comisiones,19/Dec/25 2:05 PM,"19/Dec/25 3:30 PM;maximilianojavierjulio@gmail.com;Hola, la comisión de red para retiros de Bitcoin varía según la congestión de la blockchain en cada momento. Cuando hay más operaciones circulando, el costo de red sube temporalmente. No se trata de un cargo adicional de Tokenia, sino del costo de la red en sí.","19/Dec/25 4:00 PM;qm:96e3bf0d-beea-4cd2-bca9-568ee30412d2:dac60d3e-f27a-4686-80f6-92944511c469;ah ok, entendido. gracias"
no me llegan las notificaciones push de la app,tengo las notificaciones activadas en el celu pero no me llega ninguna alerta de precio ni de operaciones desde hace una semana.,Low,Resolved,qm:96e3bf0d-beea-4cd2-bca9-568ee30412d2:a5143b7f-6e1e-46f4-b12b-a399e68ad117,maxyjulio18@gmail.com,Tokenia App,Service Request,Problemas técnicos de la app/web,7/Jul/25 10:20 AM,"7/Jul/25 1:00 PM;maxyjulio18@gmail.com;Hola, te recomendamos revisar en la configuración de tu celular que los permisos de notificación para la app de Tokenia estén habilitados, y también que dentro de la app, en Perfil > Notificaciones, estén activadas las que te interesan.","7/Jul/25 1:30 PM;qm:96e3bf0d-beea-4cd2-bca9-568ee30412d2:a5143b7f-6e1e-46f4-b12b-a399e68ad117;tenia desactivado un permiso del celu, ya lo arregle. gracias"
la app me pide actualizar pero en la store no aparece la actualizacion,la app de tokenia me tira un cartel de que hay una actualizacion disponible pero cuando voy a la play store me dice que ya tengo la ultima version instalada.,Medium,Resolved,qm:96e3bf0d-beea-4cd2-bca9-568ee30412d2:33cc9396-5d04-4365-9342-7e7873e36c3d,maxi220julio@gmail.com,Tokenia App,Service Request,Problemas técnicos de la app/web,13/Feb/26 3:35 PM,"13/Feb/26 5:00 PM;maxi220julio@gmail.com;Hola, ese mensaje puede aparecer por un error de caché en la app. Te recomendamos cerrar la aplicación completamente, reiniciar el celular y volver a abrirla. Si el cartel sigue apareciendo, contactanos nuevamente.","13/Feb/26 5:40 PM;qm:96e3bf0d-beea-4cd2-bca9-568ee30412d2:33cc9396-5d04-4365-9342-7e7873e36c3d;reiniciando el celu se soluciono, gracias"
los limites son distintos para retiro en pesos y en cripto,"queria saber si el limite diario que tengo aplica por igual tanto para retiros en pesos como para retiros de criptomonedas, o son limites separados.",Low,Resolved,qm:96e3bf0d-beea-4cd2-bca9-568ee30412d2:bac4fff3-b55b-446d-8297-e90cf54f15ee,maximilianojavierjulio@gmail.com,Tokenia Email,General request,Límites y restricciones,5/Nov/25 8:15 AM,"5/Nov/25 11:40 AM;maximilianojavierjulio@gmail.com;Hola, los límites de retiro en pesos y en criptomonedas se manejan de forma independiente. El tope diario que tenés en ARS no afecta ni se descuenta del límite disponible para retiros de cripto, y viceversa.","5/Nov/25 12:10 PM;qm:96e3bf0d-beea-4cd2-bca9-568ee30412d2:bac4fff3-b55b-446d-8297-e90cf54f15ee;perfecto, gracias por la aclaracion"
me restringieron poder comprar mas de una cripto especifica,"quiero comprar mas cantidad de una moneda que ya tengo bastante, pero la app no me deja pasar de cierto monto solo para esa cripto. las demas si me dejan operar normal.",Medium,Escalated,qm:96e3bf0d-beea-4cd2-bca9-568ee30412d2:1777a0ba-d198-44c3-908f-eb26c7d492f5,maxyjulio18@gmail.com,Tokenia Web,Service Request,Límites y restricciones,21/Mar/26 6:50 PM,"21/Mar/26 8:15 PM;maxyjulio18@gmail.com;Hola, algunas criptomonedas pueden tener límites de concentración por cuenta como medida de gestión de riesgo. Vamos a derivar tu caso al equipo correspondiente para que revisen tu situación puntual y te den una respuesta más precisa.",
puedo actualizar mi domicilio despues de verificado,me mude de casa hace poco y mi kyc ya esta aprobado con la direccion vieja. tengo que hacer algo o no afecta en nada?,Low,Resolved,qm:96e3bf0d-beea-4cd2-bca9-568ee30412d2:61a723ec-a2c5-4d6b-9a2b-3b24f12b4fba,maxi220julio@gmail.com,Tokenia App,Service Request,Verificación de identidad,12/Aug/25 1:10 PM,"12/Aug/25 3:30 PM;maxi220julio@gmail.com;Hola, te recomendamos actualizar tu comprobante de domicilio desde la sección de Verificación en tu perfil para que quede reflejado tu nuevo domicilio. No afecta el uso de tu cuenta, pero es importante mantener los datos al día.","12/Aug/25 4:00 PM;qm:96e3bf0d-beea-4cd2-bca9-568ee30412d2:61a723ec-a2c5-4d6b-9a2b-3b24f12b4fba;listo, ya lo actualice. gracias"
mi verificacion quedo en un estado raro que no entiendo,en la app me aparece mi verificacion como 'pendiente de revision adicional' y no se que significa eso ni que tengo que hacer.,Medium,Work in Progress,qm:96e3bf0d-beea-4cd2-bca9-568ee30412d2:fc0d1ff2-2855-492b-96b5-6013d0097f09,maximilianojavierjulio@gmail.com,Tokenia Web,Service Request,Verificación de identidad,27/Sep/25 10:45 AM,"27/Sep/25 1:20 PM;maximilianojavierjulio@gmail.com;Hola, ese estado indica que tu solicitud requiere una revisión manual adicional por parte de nuestro equipo de compliance, algo que puede ocurrir en algunos casos particulares. No necesitás hacer nada por ahora, te vamos a notificar apenas tengamos una resolución.",
me registre pero no me llega el mail de confirmacion,cree la cuenta hace un rato y todavia no me llega el correo para confirmar el registro. ya revise spam y promociones y no esta.,Medium,Resolved,qm:96e3bf0d-beea-4cd2-bca9-568ee30412d2:d2644145-7b97-47e1-82a6-cfb0dcd7ac06,maxi220julio@gmail.com,Tokenia App,Service Request,Acceso y autenticación,8/May/25 4:10 PM,"8/May/25 6:00 PM;maxi220julio@gmail.com;Hola, revisamos tu registro y detectamos una demora puntual en el envío de correos de confirmación. Ya te reenviamos el mail, debería llegarte en los próximos minutos.","8/May/25 6:20 PM;qm:96e3bf0d-beea-4cd2-bca9-568ee30412d2:d2644145-7b97-47e1-82a6-cfb0dcd7ac06;ahi me llego, gracias"
puedo tener dos cuentas de tokenia con el mismo dni,un familiar me pidio si le puedo prestar mi cuenta pero le dije que mejor se haga la suya. igual quiero confirmar si el sistema permite dos cuentas con el mismo documento por algun motivo.,Low,Resolved,qm:96e3bf0d-beea-4cd2-bca9-568ee30412d2:100cf02a-d965-49dc-a96c-a17602637b44,maximilianojavierjulio@gmail.com,Tokenia Email,General request,Acceso y autenticación,19/Jul/25 9:35 AM,"19/Jul/25 11:50 AM;maximilianojavierjulio@gmail.com;Hola, no está permitido tener más de una cuenta asociada al mismo DNI. Cada persona debe operar únicamente con su propia cuenta y documentación.","19/Jul/25 12:10 PM;qm:96e3bf0d-beea-4cd2-bca9-568ee30412d2:100cf02a-d965-49dc-a96c-a17602637b44;perfecto, eso le voy a decir. gracias"
quiero programar una compra automatica todas las semanas,me gustaria comprar 20 dolares de btc todas las semanas sin tener que entrar a hacerlo manual cada vez. existe esa opcion en tokenia?,Low,Resolved,qm:96e3bf0d-beea-4cd2-bca9-568ee30412d2:9700668d-bb18-4ce6-a136-d0d4eac1741d,maxyjulio18@gmail.com,Tokenia App,Service Request,Operaciones de compra/venta crypto,3/Sep/25 1:15 PM,"3/Sep/25 3:40 PM;maxyjulio18@gmail.com;Hola, todavía no contamos con una función de compras automáticas o recurrentes en la plataforma. Es algo que estamos evaluando incorporar a futuro, pero por ahora las compras se hacen de forma manual.","3/Sep/25 4:00 PM;qm:96e3bf0d-beea-4cd2-bca9-568ee30412d2:9700668d-bb18-4ce6-a136-d0d4eac1741d;ok, gracias por decirme"
mi orden de venta se ejecuto a un precio distinto al que puse,puse una orden limite para vender eth a 2800 dolares pero se me ejecuto a 2750. no entiendo por que si puse un precio especifico.,High,Resolved,qm:96e3bf0d-beea-4cd2-bca9-568ee30412d2:d0de7e09-4c5e-463c-9d38-74616182f078,maxi220julio@gmail.com,Tokenia Web,Service Request,Operaciones de compra/venta crypto,27/Oct/25 5:30 PM,"27/Oct/25 7:00 PM;maxi220julio@gmail.com;Hola, revisamos tu orden y en este caso se ejecutó como una orden de mercado en lugar de límite, posiblemente por una selección incorrecta al confirmar. Vamos a revisar el detalle de tu operación y te confirmamos si corresponde algún ajuste.",
puedo retirar a la cuenta de otra persona,"quiero hacer un retiro pero a la cuenta bancaria de mi pareja, no a la mia. se puede hacer eso o tiene que ser siempre a mi propia cuenta?",Medium,Resolved,qm:96e3bf0d-beea-4cd2-bca9-568ee30412d2:674ac83f-1d63-434a-8866-f6dd4341d356,maximilianojavierjulio@gmail.com,Tokenia Email,General request,Operaciones de compra/venta fiat,11/Jun/25 10:05 AM,"11/Jun/25 1:30 PM;maximilianojavierjulio@gmail.com;Hola, por políticas de seguridad los retiros en pesos solo pueden realizarse a una cuenta bancaria que esté a tu mismo nombre y DNI registrado en Tokenia. No es posible retirar a la cuenta de un tercero.","11/Jun/25 2:00 PM;qm:96e3bf0d-beea-4cd2-bca9-568ee30412d2:674ac83f-1d63-434a-8866-f6dd4341d356;entendido, gracias por aclarar"
el retiro me quedo en estado fallido y no se por que,"pedi un retiro de 30000 pesos y despues de un rato la app me lo puso como fallido, sin ninguna explicacion. el dinero sigue en mi saldo de tokenia asi que no lo perdi, pero quiero saber que paso.",Medium,Resolved,qm:96e3bf0d-beea-4cd2-bca9-568ee30412d2:ef0b6aae-d68d-4334-a61f-95c3b62988e2,maxyjulio18@gmail.com,Tokenia App,Service Request,Operaciones de compra/venta fiat,5/Feb/26 2:50 PM,"5/Feb/26 4:20 PM;maxyjulio18@gmail.com;Hola, ese estado suele deberse a un rechazo del banco receptor, por ejemplo si el CBU quedó inactivo o hubo un error de validación. Como el monto sigue en tu saldo, podés intentar el retiro nuevamente verificando que tu CBU esté correctamente cargado.","5/Feb/26 4:45 PM;qm:96e3bf0d-beea-4cd2-bca9-568ee30412d2:ef0b6aae-d68d-4334-a61f-95c3b62988e2;tenia mal un numero del cbu, ya lo corregi y funciono. gracias"
puedo cancelar un deposito de cripto que ya envie,"mande btc a tokenia hace 5 minutos pero me arrepenti, hay forma de cancelar el envio antes de que se acredite?",Low,Resolved,qm:96e3bf0d-beea-4cd2-bca9-568ee30412d2:8f54090f-7904-47c1-a169-777fc6d2704a,maxi220julio@gmail.com,Tokenia Web,Service Request,Depósitos y retiros,18/Mar/26 8:00 AM,"18/Mar/26 9:15 AM;maxi220julio@gmail.com;Hola, una vez que una transacción de criptomonedas se envía a la blockchain, no es posible cancelarla ni de nuestro lado ni del tuyo. El depósito se va a acreditar automáticamente en tu cuenta apenas tenga las confirmaciones necesarias.",
el retiro de ada tarda mas de lo que dice la app,la app decia que el retiro de cardano tardaria unos minutos pero ya paso mas de una hora y no me llega a la wallet externa.,Medium,Resolved,qm:96e3bf0d-beea-4cd2-bca9-568ee30412d2:e47a2d76-f372-4142-897f-eca911b6a07f,maximilianojavierjulio@gmail.com,Tokenia App,Service Request,Depósitos y retiros,9/Jan/26 6:40 PM,"9/Jan/26 7:30 PM;maximilianojavierjulio@gmail.com;Hola, revisamos tu retiro y detectamos una demora puntual en el procesamiento de operaciones de ADA por un ajuste técnico en curso. Ya se procesó correctamente, en unos minutos deberías verlo en tu billetera externa.","9/Jan/26 8:00 PM;qm:96e3bf0d-beea-4cd2-bca9-568ee30412d2:e47a2d76-f372-4142-897f-eca911b6a07f;ya llego, gracias por la ayuda"
quiero saber que hacer si pierdo el celular con la app instalada,"si pierdo el telefono donde tengo tokenia instalado y el 2fa configurado, como hago para recuperar el acceso desde otro dispositivo?",Medium,Resolved,qm:96e3bf0d-beea-4cd2-bca9-568ee30412d2:523b7784-4b02-4405-a351-8ddea820c049,maxyjulio18@gmail.com,Tokenia Email,General request,Seguridad de la cuenta,14/Apr/25 3:20 PM,"14/Apr/25 5:45 PM;maxyjulio18@gmail.com;Hola, si perdés el dispositivo con el 2FA configurado, podés instalar la app en un celular nuevo e iniciar sesión con tu mail y contraseña. Para desactivar el 2FA anterior vamos a pedirte que verifiques tu identidad con un video selfie y tu DNI, por seguridad.","14/Apr/25 6:10 PM;qm:96e3bf0d-beea-4cd2-bca9-568ee30412d2:523b7784-4b02-4405-a351-8ddea820c049;buenisimo, ahora se como proceder si me pasa. gracias"
me parece que un familiar entro a mi cuenta sin permiso,vi en el historial de sesiones un acceso desde un dispositivo que reconozco como el celular de mi hermano. no le di permiso para entrar a mi cuenta.,High,Escalated,qm:96e3bf0d-beea-4cd2-bca9-568ee30412d2:52b9c06a-5595-4581-95ec-9cac2fa1ea04,maxi220julio@gmail.com,Tokenia App,Service Request,Seguridad de la cuenta,23/Nov/25 7:10 PM,"23/Nov/25 8:30 PM;maxi220julio@gmail.com;Hola, entendemos la preocupación. Te recomendamos cambiar tu contraseña de inmediato y cerrar todas las sesiones activas desde Perfil > Seguridad > Sesiones activas. Vamos a derivar tu caso para que revisen si hubo algún movimiento no autorizado en tu cuenta.",
no se cual es la diferencia entre billetera custodial y no custodial en tokenia,lei en internet sobre billeteras custodiales y no custodiales y no se cual de las dos es la que tokenia usa para guardar mis criptomonedas.,Low,Resolved,qm:96e3bf0d-beea-4cd2-bca9-568ee30412d2:e370d25e-5cfb-48c6-9833-7546b43b5f6f,maximilianojavierjulio@gmail.com,Tokenia Web,Service Request,Billetera y direcciones,30/Aug/25 11:25 AM,"30/Aug/25 1:50 PM;maximilianojavierjulio@gmail.com;Hola, Tokenia utiliza un modelo de billetera custodial, lo que significa que nosotros resguardamos las claves privadas de tu cuenta. Esto te da la comodidad de no tener que administrar vos mismo las claves, aunque implica confiar la custodia a la plataforma.","30/Aug/25 2:15 PM;qm:96e3bf0d-beea-4cd2-bca9-568ee30412d2:e370d25e-5cfb-48c6-9833-7546b43b5f6f;ah perfecto, ahora entiendo. gracias"
la direccion de btc que me dieron tiene formato distinto al que conozco,la direccion de bitcoin que me genero tokenia empieza con bc1 y las que use antes en otro exchange empezaban con 1 o 3. es normal esa diferencia?,Low,Resolved,qm:96e3bf0d-beea-4cd2-bca9-568ee30412d2:0df99cfc-26bd-40c6-8e90-a343fc8c2ef8,maxyjulio18@gmail.com,Tokenia App,Service Request,Billetera y direcciones,16/Dec/25 4:00 PM,"16/Dec/25 5:30 PM;maxyjulio18@gmail.com;Hola, sí, es completamente normal. Las direcciones que empiezan con 'bc1' corresponden al formato SegWit nativo de Bitcoin, mientras que las que empiezan con '1' o '3' son formatos más antiguos. Todas son válidas y podés recibir fondos sin problema con cualquiera de ellas.","16/Dec/25 5:50 PM;qm:96e3bf0d-beea-4cd2-bca9-568ee30412d2:0df99cfc-26bd-40c6-8e90-a343fc8c2ef8;genial, gracias por la explicacion"
tokenia tiene alguna app de escritorio o solo movil y web,quiero saber si existe una version de tokenia para instalar en la computadora o solo esta disponible como app de celular y pagina web.,Low,Resolved,qm:96e3bf0d-beea-4cd2-bca9-568ee30412d2:1979be20-22df-4ea9-a264-020aef7b27f7,maxi220julio@gmail.com,Tokenia Email,General request,Información y consultas generales,22/May/25 9:40 AM,"22/May/25 12:05 PM;maxi220julio@gmail.com;Hola, por el momento Tokenia está disponible únicamente como aplicación móvil (Android e iOS) y como plataforma web, accesible desde cualquier navegador. No contamos con una versión de escritorio instalable.","22/May/25 12:30 PM;qm:96e3bf0d-beea-4cd2-bca9-568ee30412d2:1979be20-22df-4ea9-a264-020aef7b27f7;perfecto, con la web me manejo. gracias"
como hago para dar de baja mi cuenta definitivamente,ya no quiero seguir usando tokenia y me gustaria saber el proceso para cerrar mi cuenta por completo.,Medium,Resolved,qm:96e3bf0d-beea-4cd2-bca9-568ee30412d2:e34f737c-f7d6-4402-906c-c89d3851033f,maximilianojavierjulio@gmail.com,Tokenia Web,Service Request,Información y consultas generales,6/Oct/25 3:15 PM,"6/Oct/25 5:40 PM;maximilianojavierjulio@gmail.com;Hola, para dar de baja tu cuenta primero necesitás retirar la totalidad de tu saldo, tanto en pesos como en criptomonedas. Una vez que tu cuenta esté en cero, podés solicitar el cierre definitivo escribiéndonos a soporte@tokenia.com.","6/Oct/25 6:05 PM;qm:96e3bf0d-beea-4cd2-bca9-568ee30412d2:e34f737c-f7d6-4402-906c-c89d3851033f;entendido, voy a retirar todo primero. gracias"
las comisiones bajan si opero mas seguido,"hago bastantes operaciones por mes, hay algun descuento en la comision por volumen de operaciones?",Low,Resolved,qm:96e3bf0d-beea-4cd2-bca9-568ee30412d2:58c8f6de-b191-481c-b086-3ad59825148f,maxyjulio18@gmail.com,Tokenia App,Service Request,Tarifas y comisiones,29/Jul/25 12:50 PM,"29/Jul/25 2:20 PM;maxyjulio18@gmail.com;Hola, por el momento no contamos con un esquema de descuentos por volumen de operaciones. La comisión del 1% se aplica de manera uniforme para todos los usuarios, sin importar la frecuencia con la que operen.","29/Jul/25 2:45 PM;qm:96e3bf0d-beea-4cd2-bca9-568ee30412d2:58c8f6de-b191-481c-b086-3ad59825148f;entendido, gracias por la info"
me cobraron comision en una operacion que cancele,"intente comprar eth pero cancele la operacion antes de que se confirme. igual me aparece un pequeño descuento en mi saldo, no se si es la comision.",Medium,Resolved,qm:96e3bf0d-beea-4cd2-bca9-568ee30412d2:af30ed9d-7e74-4e4e-8304-5e91abcd1392,maxi220julio@gmail.com,Tokenia Web,Service Request,Tarifas y comisiones,15/Feb/26 10:30 AM,"15/Feb/26 12:00 PM;maxi220julio@gmail.com;Hola, las operaciones canceladas antes de confirmarse no deberían generar ningún cargo. Revisamos tu cuenta y vamos a verificar el movimiento puntual que mencionás para confirmar si corresponde una reversión.",
la app pesa mucho y no tengo espacio en el celular,quiero actualizar tokenia pero la ultima version pesa bastante mas que antes y no me entra en el celular. hay alguna version mas liviana?,Low,Resolved,qm:96e3bf0d-beea-4cd2-bca9-568ee30412d2:1777a0ba-d198-44c3-908f-eb26c7d492f5,maximilianojavierjulio@gmail.com,Tokenia Email,General request,Problemas técnicos de la app/web,4/Sep/25 8:50 AM,"4/Sep/25 11:15 AM;maximilianojavierjulio@gmail.com;Hola, no contamos con una versión más liviana de la app en este momento. Como alternativa, mientras liberás espacio en tu celular, podés acceder a tu cuenta desde el navegador en tokenia.com sin necesidad de instalar nada.","4/Sep/25 11:40 AM;qm:96e3bf0d-beea-4cd2-bca9-568ee30412d2:1777a0ba-d198-44c3-908f-eb26c7d492f5;buena idea, uso la web entonces. gracias"
el grafico de precios se ve cortado en mi pantalla,"en un celular con pantalla mas chica, el grafico de precios de bitcoin se ve cortado, no puedo ver los numeros del eje.",Low,Resolved,qm:96e3bf0d-beea-4cd2-bca9-568ee30412d2:61a723ec-a2c5-4d6b-9a2b-3b24f12b4fba,maxyjulio18@gmail.com,Tokenia App,Service Request,Problemas técnicos de la app/web,12/Jan/26 5:20 PM,"12/Jan/26 6:45 PM;maxyjulio18@gmail.com;Hola, gracias por reportarlo. Es un problema de visualización en pantallas más pequeñas que ya identificamos y estamos corrigiendo para una próxima actualización. Mientras tanto, podés rotar el celular a horizontal para ver el gráfico completo.","12/Jan/26 7:10 PM;qm:96e3bf0d-beea-4cd2-bca9-568ee30412d2:61a723ec-a2c5-4d6b-9a2b-3b24f12b4fba;con la pantalla horizontal se ve bien, gracias"
mi limite de retiro bajo despues de un tiempo sin operar,no entre a tokenia por varios meses y ahora que volvi a usarlo el limite de retiro es mas bajo que antes. tiene que ver con la inactividad?,Medium,Resolved,qm:96e3bf0d-beea-4cd2-bca9-568ee30412d2:6829bfc5-d867-4e24-aeac-e948f6fe1b23,maxi220julio@gmail.com,Tokenia Web,Service Request,Límites y restricciones,1/Apr/26 9:10 AM,"1/Apr/26 11:30 AM;maxi220julio@gmail.com;Hola, los límites no deberían reducirse por inactividad. Es posible que tu nivel de verificación haya requerido una actualización de datos. Te recomendamos revisar la sección de Verificación en tu perfil para confirmar si hay algún paso pendiente.","1/Apr/26 12:00 PM;qm:96e3bf0d-beea-4cd2-bca9-568ee30412d2:6829bfc5-d867-4e24-aeac-e948f6fe1b23;tenia un documento vencido, ya lo actualice. gracias"
puedo verificarme si soy menor de edad con autorizacion de mis padres,tengo 17 años y queria saber si puedo abrir una cuenta en tokenia con el permiso de mis papas o hay que ser mayor de edad si o si.,Low,Resolved,qm:96e3bf0d-beea-4cd2-bca9-568ee30412d2:2cc33309-869f-4207-ba0a-d00e2c5d79b9,maximilianojavierjulio@gmail.com,Tokenia Email,General request,Verificación de identidad,17/Jun/25 2:00 PM,"17/Jun/25 4:20 PM;maximilianojavierjulio@gmail.com;Hola, para operar en Tokenia es requisito ser mayor de edad. No es posible abrir una cuenta siendo menor, incluso con autorización de los padres, ya que la normativa vigente exige la mayoría de edad para este tipo de servicios financieros.","17/Jun/25 4:45 PM;qm:96e3bf0d-beea-4cd2-bca9-568ee30412d2:2cc33309-869f-4207-ba0a-d00e2c5d79b9;entendido, voy a esperar a cumplir 18 entonces"
"mi dni vencio y ya lo actualice, como aviso a tokenia",mi documento vencio hace poco y ya tengo el nuevo. como hago para actualizar los datos en mi cuenta de tokenia?,Medium,Resolved,qm:96e3bf0d-beea-4cd2-bca9-568ee30412d2:3d798707-4bb8-413e-a607-86b6366d584d,maxyjulio18@gmail.com,Tokenia App,Service Request,Verificación de identidad,24/Oct/25 1:40 PM,"24/Oct/25 3:05 PM;maxyjulio18@gmail.com;Hola, para actualizar tu documento vencido, ingresá a Perfil > Verificación > Actualizar documento y subí las fotos de tu DNI nuevo junto con una selfie. El proceso de revisión tarda hasta 48 horas hábiles.","24/Oct/25 3:30 PM;qm:96e3bf0d-beea-4cd2-bca9-568ee30412d2:3d798707-4bb8-413e-a607-86b6366d584d;listo, ya lo subi. gracias"
quiero cambiar el numero de telefono asociado a mi cuenta,"tengo un numero viejo cargado en tokenia que ya no uso mas, como hago para actualizarlo por el nuevo?",Low,Resolved,qm:96e3bf0d-beea-4cd2-bca9-568ee30412d2:743e4c73-9f65-4707-867d-362ed5c61c85,maxi220julio@gmail.com,Tokenia App,Service Request,Acceso y autenticación,2/Jun/25 11:20 AM,"2/Jun/25 1:45 PM;maxi220julio@gmail.com;Hola, para actualizar tu número de teléfono ingresá a Perfil > Datos personales > Teléfono. Vas a tener que verificar el nuevo número con un código que te enviamos por SMS.","2/Jun/25 2:10 PM;qm:96e3bf0d-beea-4cd2-bca9-568ee30412d2:743e4c73-9f65-4707-867d-362ed5c61c85;listo, ya lo actualice. gracias"
no puedo entrar desde la computadora pero desde el celu si,"en la version web de tokenia me tira error al poner mis datos, pero desde la app del celular entro sin problema con las mismas credenciales.",Medium,Resolved,qm:96e3bf0d-beea-4cd2-bca9-568ee30412d2:b930251b-8e9d-4251-b2fe-30e4c9544346,maxyjulio18@gmail.com,Tokenia Web,Service Request,Acceso y autenticación,14/Sep/25 3:50 PM,"14/Sep/25 5:20 PM;maxyjulio18@gmail.com;Hola, ese tipo de error suele deberse a datos guardados en el navegador. Te recomendamos borrar las cookies y el caché del sitio, o probar desde una ventana de incógnito para descartar el problema.","14/Sep/25 5:45 PM;qm:96e3bf0d-beea-4cd2-bca9-568ee30412d2:b930251b-8e9d-4251-b2fe-30e4c9544346;en incognito entre bien, era el navegador. gracias"
puedo ver el historial de precios de una cripto especifica,"quiero ver como vinieron subiendo o bajando el precio de solana en el ultimo mes, hay algun grafico historico en la app?",Low,Resolved,qm:96e3bf0d-beea-4cd2-bca9-568ee30412d2:d0de7e09-4c5e-463c-9d38-74616182f078,maximilianojavierjulio@gmail.com,Tokenia App,Service Request,Operaciones de compra/venta crypto,8/Nov/25 4:30 PM,"8/Nov/25 6:00 PM;maximilianojavierjulio@gmail.com;Hola, sí, dentro de la ficha de cada criptomoneda en la sección Mercados vas a encontrar un gráfico histórico con distintos rangos de tiempo (24hs, 7 días, 1 mes, 1 año) para ver la evolución del precio.","8/Nov/25 6:20 PM;qm:96e3bf0d-beea-4cd2-bca9-568ee30412d2:d0de7e09-4c5e-463c-9d38-74616182f078;genial, ya lo encontre. gracias"
intente comprar y me aparecio que no tengo saldo suficiente pero si tengo,"quise comprar 100 dolares de btc y me dice que no tengo saldo, pero en mi cuenta figuran 150 dolares disponibles.",High,Resolved,qm:96e3bf0d-beea-4cd2-bca9-568ee30412d2:100cf02a-d965-49dc-a96c-a17602637b44,maxi220julio@gmail.com,Tokenia App,Service Request,Operaciones de compra/venta crypto,20/Dec/25 12:10 PM,"20/Dec/25 1:40 PM;maxi220julio@gmail.com;Hola, es posible que parte de tu saldo esté reservado por una orden pendiente que tengas abierta. Revisá en la sección de órdenes activas si hay alguna operación sin confirmar que esté reteniendo esos fondos.","20/Dec/25 2:00 PM;qm:96e3bf0d-beea-4cd2-bca9-568ee30412d2:100cf02a-d965-49dc-a96c-a17602637b44;tenia una orden vieja pendiente, la cancele y ahora si pude comprar. gracias"
se puede depositar pesos desde una cuenta que no es mia,un amigo me quiere prestar plata y transferirla directo a mi cuenta de tokenia desde su banco. eso se puede o el cbu origen tiene que ser mio si o si?,Medium,Resolved,qm:96e3bf0d-beea-4cd2-bca9-568ee30412d2:9700668d-bb18-4ce6-a136-d0d4eac1741d,maximilianojavierjulio@gmail.com,Tokenia Email,General request,Operaciones de compra/venta fiat,26/Apr/25 10:15 AM,"26/Apr/25 1:00 PM;maximilianojavierjulio@gmail.com;Hola, por políticas de prevención de lavado de dinero, los depósitos en pesos deben provenir de una cuenta bancaria a tu propio nombre. No podemos aceptar transferencias de terceros hacia tu cuenta de Tokenia.","26/Apr/25 1:20 PM;qm:96e3bf0d-beea-4cd2-bca9-568ee30412d2:9700668d-bb18-4ce6-a136-d0d4eac1741d;entendido, le voy a pedir que me lo transfiera a mi cuenta primero"
mi transferencia bancaria fue rechazada y no se por que,quise transferir 40000 pesos a tokenia y el banco me dice que la operacion fue rechazada por el destino. no entiendo si el problema es de mi banco o de tokenia.,Medium,Escalated,qm:96e3bf0d-beea-4cd2-bca9-568ee30412d2:11bcee9e-5c21-4a2b-9982-9c4869410e51,maxyjulio18@gmail.com,Tokenia Web,Service Request,Operaciones de compra/venta fiat,3/Jul/25 5:00 PM,"3/Jul/25 6:30 PM;maxyjulio18@gmail.com;Hola, ese tipo de rechazo suele originarse del lado del banco emisor. De todas formas, vamos a revisar si hubo algún inconveniente con el CBU de destino de Tokenia para descartar un problema puntual de nuestro lado.",
quiero saber si hay un monto minimo para depositar cripto,"antes de mandar btc a tokenia queria saber si hay un monto minimo aceptado, no quiero mandar poquito y que se pierda.",Low,Resolved,qm:96e3bf0d-beea-4cd2-bca9-568ee30412d2:743e4c73-9f65-4707-867d-362ed5c61c85,maxi220julio@gmail.com,Tokenia Web,Service Request,Depósitos y retiros,11/Aug/25 9:45 AM,"11/Aug/25 11:20 AM;maxi220julio@gmail.com;Hola, el monto mínimo de depósito varía según la criptomoneda, generalmente equivalente a unos pocos dólares. Podés ver el mínimo exacto para cada cripto en la pantalla de depósito antes de generar la dirección.","11/Aug/25 11:40 AM;qm:96e3bf0d-beea-4cd2-bca9-568ee30412d2:743e4c73-9f65-4707-867d-362ed5c61c85;perfecto, gracias por la info"
el retiro de dolares digitales usdc no aparece en mi wallet metamask,"retire 200 usdc a mi metamask hace un rato, en la app de tokenia ya figura como completado pero en metamask no veo nada todavia.",Medium,Resolved,qm:96e3bf0d-beea-4cd2-bca9-568ee30412d2:e370d25e-5cfb-48c6-9833-7546b43b5f6f,maximilianojavierjulio@gmail.com,Tokenia App,Service Request,Depósitos y retiros,29/Feb/26 3:15 PM,"29/Feb/26 4:00 PM;maximilianojavierjulio@gmail.com;Hola, para confirmar la recepción necesitamos el hash de la transacción de nuestro lado. Además, revisá en Metamask que hayas agregado el token USDC manualmente, a veces no aparece el saldo si el token no está importado en la wallet.","29/Feb/26 4:25 PM;qm:96e3bf0d-beea-4cd2-bca9-568ee30412d2:e370d25e-5cfb-48c6-9833-7546b43b5f6f;tenia razon, no tenia el token agregado. ya lo veo, gracias"
como se que un mail es realmente de tokenia y no es falso,quiero saber que caracteristicas tiene que tener un mail para confirmar que es de ustedes de verdad y no un intento de phishing.,Low,Resolved,qm:96e3bf0d-beea-4cd2-bca9-568ee30412d2:0df99cfc-26bd-40c6-8e90-a343fc8c2ef8,maxyjulio18@gmail.com,Tokenia Email,General request,Seguridad de la cuenta,7/Oct/25 1:30 PM,"7/Oct/25 3:50 PM;maxyjulio18@gmail.com;Hola, los correos oficiales de Tokenia siempre provienen del dominio @tokenia.com. Nunca te vamos a pedir tu contraseña, código 2FA o datos de tarjeta por correo o mensaje. Ante cualquier duda, no hagas clic en enlaces y contactanos directamente desde la app.","7/Oct/25 4:15 PM;qm:96e3bf0d-beea-4cd2-bca9-568ee30412d2:0df99cfc-26bd-40c6-8e90-a343fc8c2ef8;perfecto, ahora se que revisar. gracias"
quiero desactivar el 2fa por un tiempo,activé el 2fa pero me esta trayendo problemas porque viajo seguido y cambio de chip. queria saber si puedo desactivarlo temporalmente.,Medium,Resolved,qm:96e3bf0d-beea-4cd2-bca9-568ee30412d2:d2644145-7b97-47e1-82a6-cfb0dcd7ac06,maxi220julio@gmail.com,Tokenia Web,Service Request,Seguridad de la cuenta,16/May/25 8:20 AM,"16/May/25 10:45 AM;maxi220julio@gmail.com;Hola, podés desactivar el 2FA desde Perfil > Seguridad, pero te recomendamos mantenerlo activo ya que es una capa de protección importante para tu cuenta. Como alternativa, considerá usar una app de autenticación en vez del SMS, así no dependés de tu chip.","16/May/25 11:10 AM;qm:96e3bf0d-beea-4cd2-bca9-568ee30412d2:d2644145-7b97-47e1-82a6-cfb0dcd7ac06;buena idea, voy a cambiar a la app entonces"
la app me muestra un balance distinto al que tengo en verdad,en la pantalla principal me figura un saldo de btc distinto al que veo cuando entro al detalle de la moneda. cual es el correcto?,Medium,Resolved,qm:96e3bf0d-beea-4cd2-bca9-568ee30412d2:38db461d-acf4-4174-9229-abec66530d80,maximilianojavierjulio@gmail.com,Tokenia App,Service Request,Billetera y direcciones,21/Sep/25 2:40 PM,"21/Sep/25 4:10 PM;maximilianojavierjulio@gmail.com;Hola, esa diferencia puede deberse a que la pantalla principal no se actualizó todavía. El saldo correcto y actualizado siempre es el que ves en el detalle de la moneda. Probá refrescar la pantalla principal deslizando hacia abajo.","21/Sep/25 4:30 PM;qm:96e3bf0d-beea-4cd2-bca9-568ee30412d2:38db461d-acf4-4174-9229-abec66530d80;listo, refresque y ahora coincide. gracias"
quiero exportar mi historial de direcciones usadas,"necesito un listado de todas las direcciones de deposito que use en tokenia para mi registro personal, hay forma de descargarlo?",Low,Resolved,qm:96e3bf0d-beea-4cd2-bca9-568ee30412d2:10fce4eb-6818-4f3a-bd6d-35cfa471b0ac,maxyjulio18@gmail.com,Tokenia Email,General request,Billetera y direcciones,13/Jan/26 11:50 AM,"13/Jan/26 2:15 PM;maxyjulio18@gmail.com;Hola, por el momento no existe una función para exportar el historial de direcciones usadas directamente desde la app. Si lo necesitás para algún trámite específico, podés solicitarlo por este medio y te lo enviamos manualmente.","13/Jan/26 2:40 PM;qm:96e3bf0d-beea-4cd2-bca9-568ee30412d2:10fce4eb-6818-4f3a-bd6d-35cfa471b0ac;dale, te paso el detalle de lo que necesito por privado"
hacen streaming o contenido educativo sobre criptomonedas,vi que otras plataformas tienen contenido educativo o streams sobre el mercado cripto. tokenia tiene algo asi?,Low,Resolved,qm:96e3bf0d-beea-4cd2-bca9-568ee30412d2:9b001302-64de-4529-89e2-79e3b221b797,maxi220julio@gmail.com,Tokenia Web,Service Request,Información y consultas generales,9/Mar/26 4:05 PM,"9/Mar/26 6:30 PM;maxi220julio@gmail.com;Hola, por el momento no contamos con contenido educativo propio dentro de la plataforma, pero es algo que estamos evaluando para el futuro. Gracias por la sugerencia, la vamos a tener en cuenta.","9/Mar/26 6:50 PM;qm:96e3bf0d-beea-4cd2-bca9-568ee30412d2:9b001302-64de-4529-89e2-79e3b221b797;buenisimo, espero que lo agreguen"
como consigo factura de mis operaciones para declarar impuestos,necesito un comprobante o factura de mis compras del ultimo año para presentar en mi declaracion de ganancias. donde lo consigo?,Medium,Resolved,qm:96e3bf0d-beea-4cd2-bca9-568ee30412d2:0df99cfc-26bd-40c6-8e90-a343fc8c2ef8,maximilianojavierjulio@gmail.com,Tokenia Email,General request,Información y consultas generales,15/Nov/25 9:00 AM,"15/Nov/25 12:30 PM;maximilianojavierjulio@gmail.com;Hola, podés descargar el resumen anual de tus operaciones desde Perfil > Actividad > Exportar historial. Ahí vas a encontrar el detalle de todas tus compras, ventas y comisiones del período que selecciones.","15/Nov/25 1:00 PM;qm:96e3bf0d-beea-4cd2-bca9-568ee30412d2:0df99cfc-26bd-40c6-8e90-a343fc8c2ef8;perfecto, ya lo descargue. gracias"
por que el spread es mas alto en criptos menos conocidas,note que cuando compro btc el spread es chico pero cuando compro una altcoin menos popular el spread es bastante mas grande. es normal eso?,Low,Resolved,qm:96e3bf0d-beea-4cd2-bca9-568ee30412d2:af30ed9d-7e74-4e4e-8304-5e91abcd1392,maxyjulio18@gmail.com,Tokenia App,Service Request,Tarifas y comisiones,2/Dec/25 3:25 PM,"2/Dec/25 5:00 PM;maxyjulio18@gmail.com;Hola, sí, es normal. El spread depende de la liquidez de cada criptomoneda en el mercado. Las más conocidas como BTC o ETH suelen tener spreads más bajos por su alto volumen de operaciones, mientras que las altcoins menos populares tienden a tener spreads más amplios.","2/Dec/25 5:20 PM;qm:96e3bf0d-beea-4cd2-bca9-568ee30412d2:af30ed9d-7e74-4e4e-8304-5e91abcd1392;ah, tiene sentido. gracias por explicarme"
la app no me reconoce la huella digital para entrar,"tengo configurado el ingreso por huella pero desde ayer no me reconoce el dedo, tengo que entrar siempre con la clave manual.",Low,Resolved,qm:96e3bf0d-beea-4cd2-bca9-568ee30412d2:1979be20-22df-4ea9-a264-020aef7b27f7,maxi220julio@gmail.com,Tokenia App,Service Request,Problemas técnicos de la app/web,25/Jul/25 7:40 AM,"25/Jul/25 10:00 AM;maxi220julio@gmail.com;Hola, te recomendamos entrar a la configuración de huellas digitales de tu celular y volver a registrar tu huella. A veces el sistema operativo del teléfono necesita actualizar ese registro para que la app lo reconozca correctamente.",25/Jul/25 10:20 AM;qm:96e3bf0d-beea-4cd2-bca9-568ee30412d2:1979be20-22df-4ea9-a264-020aef7b27f7;reregistre la huella y ahora anda. gracias
la busqueda de criptomonedas no encuentra algunas monedas,"busco una moneda especifica en el buscador de mercados y no me aparece, aunque se que tokenia la tiene porque la compre antes.",Medium,Resolved,qm:96e3bf0d-beea-4cd2-bca9-568ee30412d2:e34f737c-f7d6-4402-906c-c89d3851033f,maximilianojavierjulio@gmail.com,Tokenia Web,Service Request,Problemas técnicos de la app/web,10/Feb/26 1:15 PM,"10/Feb/26 2:50 PM;maximilianojavierjulio@gmail.com;Hola, gracias por avisarnos. Puede tratarse de un problema puntual del buscador que ya reportamos a nuestro equipo técnico. Mientras tanto, podés acceder directamente a esa moneda desde la sección de tu billetera si ya tenés saldo de ella.","10/Feb/26 3:10 PM;qm:96e3bf0d-beea-4cd2-bca9-568ee30412d2:e34f737c-f7d6-4402-906c-c89d3851033f;encontrada desde ahi, gracias"
"hay limite para la cantidad de operaciones por dia, no solo por monto","quiero saber si ademas del limite de dinero, hay un tope de cantidad de operaciones que puedo hacer en un dia.",Low,Resolved,qm:96e3bf0d-beea-4cd2-bca9-568ee30412d2:100cf02a-d965-49dc-a96c-a17602637b44,maxyjulio18@gmail.com,Tokenia Email,General request,Límites y restricciones,18/Apr/25 12:35 PM,"18/Apr/25 3:00 PM;maxyjulio18@gmail.com;Hola, no tenemos un límite en la cantidad de operaciones diarias, solo aplican los topes de monto según tu nivel de verificación. Podés realizar tantas compras o ventas como quieras mientras te mantengas dentro del límite de monto disponible.","18/Apr/25 3:20 PM;qm:96e3bf0d-beea-4cd2-bca9-568ee30412d2:100cf02a-d965-49dc-a96c-a17602637b44;entendido, gracias por aclarar"
subi mi selfie pero el sistema dice que no coincide con el dni,"hice el proceso de verificacion, subi el dni y despues la selfie, pero me rechazo diciendo que las caras no coinciden. soy yo en las dos fotos.",High,Escalated,qm:96e3bf0d-beea-4cd2-bca9-568ee30412d2:59252f93-ef1e-4477-9c17-be2742a566e2,maxi220julio@gmail.com,Tokenia App,Service Request,Verificación de identidad,6/Jun/25 6:15 PM,"6/Jun/25 8:30 PM;maxi220julio@gmail.com;Hola, entendemos la situación. Este tipo de rechazo puede ocurrir por mala iluminación o ángulos que dificultan la comparación automática. Vamos a derivar tu caso a revisión manual por parte de nuestro equipo de verificación para que evalúen las fotos directamente.",
quiero saber los limites exactos que tengo ahora mismo,"no me acuerdo cual es mi limite actual de retiro diario y mensual, hay algun lugar donde pueda verlo dentro de la app?",Low,Resolved,qm:96e3bf0d-beea-4cd2-bca9-568ee30412d2:e1ec8af6-b713-442c-a841-58d7d71b1c58,maxi220julio@gmail.com,Tokenia App,Service Request,Límites y restricciones,5/May/25 10:00 AM,"5/May/25 12:15 PM;maxi220julio@gmail.com;Hola, podés ver tus límites actuales desde Perfil > Límites y niveles. Ahí vas a encontrar el detalle del monto disponible para retiros diarios, mensuales y por operación según tu nivel de verificación.","5/May/25 12:40 PM;qm:96e3bf0d-beea-4cd2-bca9-568ee30412d2:e1ec8af6-b713-442c-a841-58d7d71b1c58;ya lo encontre, gracias"
me restringieron temporalmente por una alerta de seguridad,intente hacer una operacion grande y la app me dice que esta restringida temporalmente por revision de seguridad. cuanto dura esa restriccion?,High,Resolved,qm:96e3bf0d-beea-4cd2-bca9-568ee30412d2:dac60d3e-f27a-4686-80f6-92944511c469,maximilianojavierjulio@gmail.com,Tokenia Web,Service Request,Límites y restricciones,19/Aug/25 4:20 PM,"19/Aug/25 6:00 PM;maximilianojavierjulio@gmail.com;Hola, las restricciones temporales por revisión de seguridad suelen levantarse dentro de las 24 horas hábiles, una vez que confirmamos que la operación no representa un riesgo. Te vamos a avisar apenas se libere.","20/Aug/25 9:10 AM;qm:96e3bf0d-beea-4cd2-bca9-568ee30412d2:dac60d3e-f27a-4686-80f6-92944511c469;ya se libero, gracias por la rapidez"
puedo pedir un limite especial para una operacion puntual,"necesito hacer una operacion de un monto mayor al que tengo habilitado, hay forma de pedir una excepcion para ese caso especifico?",Medium,Escalated,qm:96e3bf0d-beea-4cd2-bca9-568ee30412d2:d0de7e09-4c5e-463c-9d38-74616182f078,maxyjulio18@gmail.com,Tokenia Email,General request,Límites y restricciones,2/Oct/25 8:45 AM,"2/Oct/25 11:00 AM;maxyjulio18@gmail.com;Hola, para operaciones que superan tu límite actual, la vía habitual es completar la verificación del siguiente nivel. En casos puntuales evaluamos excepciones, así que vamos a derivar tu solicitud al equipo correspondiente para que la analicen.",
las comisiones aparecen en el comprobante de la operacion,"cuando hago una compra, despues puedo ver un detalle o comprobante donde figure la comision que pague por esa operacion en particular?",Low,Resolved,qm:96e3bf0d-beea-4cd2-bca9-568ee30412d2:2d6d7e33-c1c9-48e1-b5bc-7f83ed940fbd,maxi220julio@gmail.com,Tokenia App,Service Request,Tarifas y comisiones,23/Jun/25 2:10 PM,"23/Jun/25 4:30 PM;maxi220julio@gmail.com;Hola, sí, cada operación genera un comprobante detallado que podés ver desde Actividad > seleccionás la operación. Ahí vas a encontrar el desglose completo, incluyendo el monto de la comisión aplicada.","23/Jun/25 4:50 PM;qm:96e3bf0d-beea-4cd2-bca9-568ee30412d2:2d6d7e33-c1c9-48e1-b5bc-7f83ed940fbd;perfecto, ya lo vi. gracias"
la comision para operar btc es igual que para las altcoins,"queria confirmar si la comision del 1% aplica por igual sea que compre bitcoin o una moneda menos conocida, o varia segun la cripto.",Low,Resolved,qm:96e3bf0d-beea-4cd2-bca9-568ee30412d2:38db461d-acf4-4174-9229-abec66530d80,maximilianojavierjulio@gmail.com,Tokenia Email,General request,Tarifas y comisiones,14/Nov/25 9:30 AM,"14/Nov/25 11:50 AM;maximilianojavierjulio@gmail.com;Hola, la comisión de plataforma del 1% es la misma para todas las criptomonedas disponibles en Tokenia. Lo que sí puede variar entre monedas es el spread de mercado, que depende de la liquidez de cada una.","14/Nov/25 12:15 PM;qm:96e3bf0d-beea-4cd2-bca9-568ee30412d2:38db461d-acf4-4174-9229-abec66530d80;entendido, gracias por la aclaracion"
puedo cargar dolares en vez de pesos directamente,"vivo en una zona donde manejo mas dolares que pesos, se puede depositar directamente en usd en vez de ars?",Low,Resolved,qm:96e3bf0d-beea-4cd2-bca9-568ee30412d2:52b9c06a-5595-4581-95ec-9cac2fa1ea04,maxyjulio18@gmail.com,Tokenia Web,Service Request,Operaciones de compra/venta fiat,1/Sep/25 3:00 PM,"1/Sep/25 5:15 PM;maxyjulio18@gmail.com;Hola, actualmente en Argentina el depósito fiat en Tokenia se realiza únicamente en pesos por transferencia bancaria local. No contamos con la opción de carga directa en dólares para este mercado.","1/Sep/25 5:35 PM;qm:96e3bf0d-beea-4cd2-bca9-568ee30412d2:52b9c06a-5595-4581-95ec-9cac2fa1ea04;entendido, gracias por la info"
el retiro de pesos quedo pendiente de aprobacion manual,"pedi un retiro de 150000 pesos y me aparece como pendiente de aprobacion manual, nunca me habia pasado eso antes con montos mas chicos.",Medium,Resolved,qm:96e3bf0d-beea-4cd2-bca9-568ee30412d2:e47a2d76-f372-4142-897f-eca911b6a07f,maxi220julio@gmail.com,Tokenia App,Service Request,Operaciones de compra/venta fiat,28/Jan/26 1:45 PM,"28/Jan/26 3:20 PM;maxi220julio@gmail.com;Hola, los retiros que superan cierto monto pasan automáticamente por una revisión manual adicional como medida de seguridad. Este proceso puede tomar hasta 24 horas hábiles. Ya está en revisión y te vamos a notificar cuando se complete.","28/Jan/26 3:45 PM;qm:96e3bf0d-beea-4cd2-bca9-568ee30412d2:e47a2d76-f372-4142-897f-eca911b6a07f;entendido, quedo esperando entonces"
puedo verificarme con licencia de conducir en vez de dni,no tengo el dni a mano en este momento pero si mi licencia de conducir. sirve para el proceso de verificacion?,Low,Resolved,qm:96e3bf0d-beea-4cd2-bca9-568ee30412d2:523b7784-4b02-4405-a351-8ddea820c049,maximilianojavierjulio@gmail.com,Tokenia Email,General request,Verificación de identidad,10/Jul/25 11:10 AM,"10/Jul/25 1:35 PM;maximilianojavierjulio@gmail.com;Hola, para el proceso de verificación en Argentina solo aceptamos DNI o pasaporte vigente como documentos válidos. La licencia de conducir no es aceptada como documento de identificación para este trámite.","10/Jul/25 2:00 PM;qm:96e3bf0d-beea-4cd2-bca9-568ee30412d2:523b7784-4b02-4405-a351-8ddea820c049;entendido, voy a esperar a tener el dni entonces"
mi verificacion fue aprobada pero los limites no cambiaron,me llego el mail de que mi kyc de nivel 2 fue aprobado hace un dia pero cuando reviso mis limites siguen siendo los del nivel 1.,Medium,Resolved,qm:96e3bf0d-beea-4cd2-bca9-568ee30412d2:8f54090f-7904-47c1-a169-777fc6d2704a,maxyjulio18@gmail.com,Tokenia App,Service Request,Verificación de identidad,24/Mar/26 10:50 AM,"24/Mar/26 1:20 PM;maxyjulio18@gmail.com;Hola, disculpá el inconveniente, a veces la actualización de límites tarda unos minutos en reflejarse después de la aprobación. Ya verificamos tu cuenta y confirmamos que tu nivel 2 está activo, probá cerrar sesión y volver a entrar para que se actualice la información.","24/Mar/26 1:45 PM;qm:96e3bf0d-beea-4cd2-bca9-568ee30412d2:8f54090f-7904-47c1-a169-777fc6d2704a;ahora si aparecen los nuevos limites, gracias"
quiero saber si puedo usar la misma cuenta en varios dispositivos,"tengo tokenia instalado en mi celu y quiero instalarlo tambien en una tablet, puedo usar la misma cuenta en los dos al mismo tiempo?",Low,Resolved,qm:96e3bf0d-beea-4cd2-bca9-568ee30412d2:6829bfc5-d867-4e24-aeac-e948f6fe1b23,maxi220julio@gmail.com,Tokenia App,Service Request,Acceso y autenticación,12/Jun/25 4:15 PM,"12/Jun/25 6:00 PM;maxi220julio@gmail.com;Hola, sí, podés iniciar sesión con tu misma cuenta en varios dispositivos sin problema. Los datos se sincronizan automáticamente entre todos los dispositivos donde tengas la sesión iniciada.","12/Jun/25 6:20 PM;qm:96e3bf0d-beea-4cd2-bca9-568ee30412d2:6829bfc5-d867-4e24-aeac-e948f6fe1b23;genial, gracias"
quiero saber que pasa si el precio cambia mientras confirmo la compra,"cuando estoy por confirmar una compra de eth, hay unos segundos entre que veo el precio y confirmo. si el precio sube en esos segundos, se cancela la operacion o se ejecuta igual?",Low,Resolved,qm:96e3bf0d-beea-4cd2-bca9-568ee30412d2:1979be20-22df-4ea9-a264-020aef7b27f7,maximilianojavierjulio@gmail.com,Tokenia Web,Service Request,Operaciones de compra/venta crypto,17/Oct/25 5:40 PM,"17/Oct/25 7:10 PM;maximilianojavierjulio@gmail.com;Hola, el precio que ves se congela por unos segundos mientras confirmás la operación. Si ese plazo vence antes de confirmar, la app te va a mostrar el precio actualizado para que confirmes con el nuevo valor.","17/Oct/25 7:30 PM;qm:96e3bf0d-beea-4cd2-bca9-568ee30412d2:1979be20-22df-4ea9-a264-020aef7b27f7;ah que bueno que avisa antes, gracias"
necesito saber si tokenia soporta la red polygon para usdt,"quiero depositar usdt pero por la red polygon porque tiene comisiones bajas, tokenia la soporta?",Low,Resolved,qm:96e3bf0d-beea-4cd2-bca9-568ee30412d2:e34f737c-f7d6-4402-906c-c89d3851033f,maxyjulio18@gmail.com,Tokenia App,Service Request,Depósitos y retiros,4/Dec/25 12:25 PM,"4/Dec/25 2:00 PM;maxyjulio18@gmail.com;Hola, por el momento Tokenia soporta USDT en las redes ERC-20, TRC-20 y BEP-20. La red Polygon todavía no está disponible, pero es algo que estamos evaluando incorporar más adelante.","4/Dec/25 2:20 PM;qm:96e3bf0d-beea-4cd2-bca9-568ee30412d2:e34f737c-f7d6-4402-906c-c89d3851033f;entendido, voy a usar trc20 entonces"
me gustaria saber si puedo poner un pin adicional solo para la app,"ademas de la clave de tokenia, quiero un pin corto solo para abrir la app en el celular, existe esa funcion?",Low,Resolved,qm:96e3bf0d-beea-4cd2-bca9-568ee30412d2:1777a0ba-d198-44c3-908f-eb26c7d492f5,maxi220julio@gmail.com,Tokenia App,Service Request,Seguridad de la cuenta,20/Feb/26 9:15 AM,"20/Feb/26 11:40 AM;maxi220julio@gmail.com;Hola, sí, podés activar un PIN de acceso rápido o el desbloqueo biométrico desde Perfil > Seguridad > Bloqueo de app. Esto agrega una capa extra sin necesidad de ingresar tu contraseña completa cada vez.","20/Feb/26 12:00 PM;qm:96e3bf0d-beea-4cd2-bca9-568ee30412d2:1777a0ba-d198-44c3-908f-eb26c7d492f5;perfecto, ya lo active. gracias"
puedo ver cuanto vale mi portfolio completo en pesos,"tengo varias criptos distintas y quiero ver el valor total de todo junto convertido a pesos, hay alguna pantalla que muestre eso?",Low,Resolved,qm:96e3bf0d-beea-4cd2-bca9-568ee30412d2:61a723ec-a2c5-4d6b-9a2b-3b24f12b4fba,maximilianojavierjulio@gmail.com,Tokenia Web,Service Request,Billetera y direcciones,31/May/25 3:30 PM,"31/May/25 5:50 PM;maximilianojavierjulio@gmail.com;Hola, sí, en la pantalla principal de tu billetera vas a ver el valor total de tu portfolio convertido a pesos, sumando todas las criptomonedas y el saldo en ARS que tengas.","31/May/25 6:10 PM;qm:96e3bf0d-beea-4cd2-bca9-568ee30412d2:61a723ec-a2c5-4d6b-9a2b-3b24f12b4fba;ahi lo vi, gracias"
tokenia esta disponible en otros paises de latinoamerica,"veo que mencionan operaciones en pesos, reales y otras monedas. tokenia opera en otros paises ademas de argentina?",Low,Resolved,qm:96e3bf0d-beea-4cd2-bca9-568ee30412d2:10fce4eb-6818-4f3a-bd6d-35cfa471b0ac,maxi220julio@gmail.com,Tokenia Email,General request,Información y consultas generales,6/Apr/26 8:30 AM,"6/Apr/26 11:00 AM;maxi220julio@gmail.com;Hola, sí, Tokenia opera actualmente en Argentina, Brasil, Uruguay y Estados Unidos, con soporte para las monedas locales de cada país. Cada mercado tiene sus propias condiciones según la regulación local.","6/Apr/26 11:20 AM;qm:96e3bf0d-beea-4cd2-bca9-568ee30412d2:10fce4eb-6818-4f3a-bd6d-35cfa471b0ac;que bueno, gracias por la info"
la app me consume mucha bateria en segundo plano,"note que tokenia consume bastante bateria aunque no la este usando activamente, hay alguna configuracion para reducir eso?",Low,Resolved,qm:96e3bf0d-beea-4cd2-bca9-568ee30412d2:9b001302-64de-4529-89e2-79e3b221b797,maxyjulio18@gmail.com,Tokenia App,Service Request,Problemas técnicos de la app/web,15/Sep/25 6:50 PM,"15/Sep/25 8:20 PM;maxyjulio18@gmail.com;Hola, esto puede deberse a las notificaciones push y actualizaciones de precio en tiempo real. Podés reducir el consumo desactivando las alertas de precio que no uses desde Perfil > Notificaciones.","15/Sep/25 8:45 PM;qm:96e3bf0d-beea-4cd2-bca9-568ee30412d2:9b001302-64de-4529-89e2-79e3b221b797;desactive algunas alertas, mejoro bastante. gracias"
como cambio el idioma de la aplicacion,"tokenia me aparece en español pero me gustaria saber si se puede cambiar a ingles, para un familiar que no habla bien español.",Low,Resolved,qm:96e3bf0d-beea-4cd2-bca9-568ee30412d2:d2644145-7b97-47e1-82a6-cfb0dcd7ac06,maxi220julio@gmail.com,Tokenia App,Service Request,Acceso y autenticación,9/May/25 1:20 PM,"9/May/25 3:40 PM;maxi220julio@gmail.com;Hola, podés cambiar el idioma de la app desde Perfil > Configuración > Idioma. Por el momento contamos con español, portugués e inglés disponibles.","9/May/25 4:00 PM;qm:96e3bf0d-beea-4cd2-bca9-568ee30412d2:d2644145-7b97-47e1-82a6-cfb0dcd7ac06;genial, ya lo cambie. gracias"
perdi acceso a mi mail y no puedo recibir el codigo de verificacion,hace poco me hackearon el gmail y lo perdi por completo. ahora no puedo verificar mi identidad en tokenia porque el codigo va a ese mail. como hago?,Highest,Escalated,qm:96e3bf0d-beea-4cd2-bca9-568ee30412d2:b930251b-8e9d-4251-b2fe-30e4c9544346,maximilianojavierjulio@gmail.com,Tokenia Email,General request,Acceso y autenticación,3/Nov/25 5:10 PM,"3/Nov/25 7:30 PM;maximilianojavierjulio@gmail.com;Hola, entendemos la gravedad de la situación. Para casos de pérdida de acceso al mail registrado, vamos a necesitar una verificación de identidad más exhaustiva con nuestro equipo de seguridad para actualizar tu correo de forma segura. Te contactamos por otro medio para coordinar los siguientes pasos.",
quiero saber si se puede deshacer un swap entre criptos,"hice un cambio de btc a eth y me arrepenti, todavia se puede revertir esa operacion o ya quedo hecha para siempre?",Medium,Resolved,qm:96e3bf0d-beea-4cd2-bca9-568ee30412d2:af30ed9d-7e74-4e4e-8304-5e91abcd1392,maxyjulio18@gmail.com,Tokenia App,Service Request,Operaciones de compra/venta crypto,14/Jun/25 2:35 PM,"14/Jun/25 4:00 PM;maxyjulio18@gmail.com;Hola, una vez confirmado el swap entre criptomonedas, la operación queda ejecutada y no se puede revertir. Si querés volver a tener BTC, tendrías que hacer un nuevo swap en sentido contrario al precio de mercado actual.","14/Jun/25 4:20 PM;qm:96e3bf0d-beea-4cd2-bca9-568ee30412d2:af30ed9d-7e74-4e4e-8304-5e91abcd1392;entendido, ya hice el cambio de vuelta. gracias"
mi orden de compra con stop loss no se ejecuto cuando debia,"configure un stop loss para vender automatico si el precio bajaba de cierto valor, pero el precio bajo y la orden no se ejecuto.",High,Escalated,qm:96e3bf0d-beea-4cd2-bca9-568ee30412d2:9700668d-bb18-4ce6-a136-d0d4eac1741d,maxi220julio@gmail.com,Tokenia Web,Service Request,Operaciones de compra/venta crypto,22/Sep/25 11:45 AM,"22/Sep/25 1:30 PM;maxi220julio@gmail.com;Hola, lamentamos el inconveniente. Vamos a revisar el detalle técnico de tu orden de stop loss para entender por qué no se activó en el momento esperado. Te contactamos con los resultados de la investigación.",
puedo programar un retiro automatico todos los meses,"quiero que se retire automaticamente una parte de mi saldo en pesos todos los meses a mi cuenta bancaria, existe esa opcion?",Low,Resolved,qm:96e3bf0d-beea-4cd2-bca9-568ee30412d2:64cb148f-e970-4d60-b1d5-b8f416b8022f,maximilianojavierjulio@gmail.com,Tokenia Email,General request,Operaciones de compra/venta fiat,8/Feb/26 9:20 AM,"8/Feb/26 11:45 AM;maximilianojavierjulio@gmail.com;Hola, por el momento no contamos con la función de retiros automáticos o programados. Los retiros se solicitan manualmente cada vez desde la app.","8/Feb/26 12:05 PM;qm:96e3bf0d-beea-4cd2-bca9-568ee30412d2:64cb148f-e970-4d60-b1d5-b8f416b8022f;entendido, gracias"
el tipo de cambio que usa tokenia es distinto al oficial,vi que el precio del dolar que usan para convertir a pesos es distinto al del banco nacion. de donde sacan esa cotizacion?,Low,Resolved,qm:96e3bf0d-beea-4cd2-bca9-568ee30412d2:10fce4eb-6818-4f3a-bd6d-35cfa471b0ac,maxyjulio18@gmail.com,Tokenia Web,Service Request,Operaciones de compra/venta fiat,27/Jul/25 3:50 PM,"27/Jul/25 6:10 PM;maxyjulio18@gmail.com;Hola, la cotización que usamos se basa en un promedio de mercado de referencia para operaciones cripto, que puede diferir del tipo de cambio oficial bancario. Esta cotización se actualiza en tiempo real dentro de la app.","27/Jul/25 6:30 PM;qm:96e3bf0d-beea-4cd2-bca9-568ee30412d2:10fce4eb-6818-4f3a-bd6d-35cfa471b0ac;ah entendido, gracias por explicarme"
mi retiro fue enviado a una direccion que no reconozco,"pedi un retiro de eth y en el historial figura una direccion de destino que yo no puse, no se de donde salio esa direccion.",Highest,Escalated,qm:96e3bf0d-beea-4cd2-bca9-568ee30412d2:0df99cfc-26bd-40c6-8e90-a343fc8c2ef8,maximilianojavierjulio@gmail.com,Tokenia App,Service Request,Depósitos y retiros,11/Dec/25 7:15 PM,"11/Dec/25 8:00 PM;maximilianojavierjulio@gmail.com;Hola, tomamos esto muy en serio. Vamos a suspender tu cuenta de forma preventiva mientras investigamos qué generó esa dirección de destino. Nuestro equipo de seguridad se va a poner en contacto con vos a la brevedad.",
cuantas veces puedo retirar por dia,"aparte del monto maximo, hay un limite de cantidad de retiros que puedo hacer en un mismo dia?",Low,Resolved,qm:96e3bf0d-beea-4cd2-bca9-568ee30412d2:e370d25e-5cfb-48c6-9833-7546b43b5f6f,maxi220julio@gmail.com,Tokenia Email,General request,Depósitos y retiros,5/Mar/26 10:30 AM,"5/Mar/26 12:50 PM;maxi220julio@gmail.com;Hola, no hay un límite en la cantidad de retiros diarios, solo el tope de monto total según tu nivel de verificación. Podés hacer varios retiros pequeños siempre que no superes el límite disponible.","5/Mar/26 1:10 PM;qm:96e3bf0d-beea-4cd2-bca9-568ee30412d2:e370d25e-5cfb-48c6-9833-7546b43b5f6f;perfecto, gracias"
quiero un reporte de todas las veces que accedi a mi cuenta,"necesito ver el historial completo de inicios de sesion de mi cuenta, desde que fecha hasta que fecha, para revisar si hubo algo raro.",Medium,Resolved,qm:96e3bf0d-beea-4cd2-bca9-568ee30412d2:100cf02a-d965-49dc-a96c-a17602637b44,maxyjulio18@gmail.com,Tokenia Web,Service Request,Seguridad de la cuenta,16/Apr/25 8:00 AM,"16/Apr/25 10:20 AM;maxyjulio18@gmail.com;Hola, podés ver tu historial de inicios de sesión desde Perfil > Seguridad > Sesiones activas y recientes. Ahí figuran las fechas, dispositivos e ubicaciones aproximadas de cada acceso.","16/Abr/25 10:45 AM;qm:96e3bf0d-beea-4cd2-bca9-568ee30412d2:100cf02a-d965-49dc-a96c-a17602637b44;encontrado, gracias"
"no me deja copiar la direccion de deposito, solo escanear el qr","en algunos casos necesito copiar la direccion como texto para pegarla en otro lado, pero solo me aparece la opcion de escanear el codigo qr.",Low,Resolved,qm:96e3bf0d-beea-4cd2-bca9-568ee30412d2:e34f737c-f7d6-4402-906c-c89d3851033f,maxi220julio@gmail.com,Tokenia App,Service Request,Billetera y direcciones,29/Oct/25 4:10 PM,"29/Oct/25 5:40 PM;maxi220julio@gmail.com;Hola, debajo del código QR también aparece la dirección en formato texto con un botón para copiarla. Si no lo ves, probá actualizar la app a la última versión disponible.","29/Oct/25 6:00 PM;qm:96e3bf0d-beea-4cd2-bca9-568ee30412d2:e34f737c-f7d6-4402-906c-c89d3851033f;actualice la app y ahora si aparece, gracias"
tokenia tiene algun seguro sobre los fondos depositados,"queria saber si en caso de un hackeo masivo a la plataforma, mis fondos estan asegurados de alguna forma.",Medium,Resolved,qm:96e3bf0d-beea-4cd2-bca9-568ee30412d2:9b001302-64de-4529-89e2-79e3b221b797,maximilianojavierjulio@gmail.com,Tokenia Web,Service Request,Información y consultas generales,20/Jan/26 2:00 PM,"20/Jan/26 4:30 PM;maximilianojavierjulio@gmail.com;Hola, Tokenia mantiene la mayoría de los fondos de usuarios en billeteras frías (offline) como medida de seguridad, y contamos con protocolos de seguridad multicapa. Te recomendamos revisar nuestros términos y condiciones para el detalle completo sobre custodia de fondos.","20/Jan/26 5:00 PM;qm:96e3bf0d-beea-4cd2-bca9-568ee30412d2:9b001302-64de-4529-89e2-79e3b221b797;gracias, lo voy a revisar"
hay comision por cancelar una orden pendiente,"quiero cancelar una orden de compra que puse hace un rato y todavia no se ejecuto, tiene algun costo cancelarla?",Low,Resolved,qm:96e3bf0d-beea-4cd2-bca9-568ee30412d2:1979be20-22df-4ea9-a264-020aef7b27f7,maxyjulio18@gmail.com,Tokenia App,Service Request,Tarifas y comisiones,12/Aug/25 1:50 PM,"12/Aug/25 3:20 PM;maxyjulio18@gmail.com;Hola, cancelar una orden pendiente que todavía no se ejecutó no tiene ningún costo. Solo se cobra comisión cuando la operación efectivamente se confirma.","12/Aug/25 3:40 PM;qm:96e3bf0d-beea-4cd2-bca9-568ee30412d2:1979be20-22df-4ea9-a264-020aef7b27f7;perfecto, la cancelo entonces. gracias"
el modo oscuro de la app tiene un error visual,"active el modo oscuro y algunos textos quedan con letras negras sobre fondo negro, no se pueden leer.",Low,Resolved,qm:96e3bf0d-beea-4cd2-bca9-568ee30412d2:d0de7e09-4c5e-463c-9d38-74616182f078,maxi220julio@gmail.com,Tokenia App,Service Request,Problemas técnicos de la app/web,3/Feb/26 6:30 PM,"3/Feb/26 8:00 PM;maxi220julio@gmail.com;Hola, gracias por reportarlo. Es un error conocido en algunas secciones con el modo oscuro que ya está siendo corregido por nuestro equipo. Mientras tanto, te recomendamos usar el modo claro para evitar el inconveniente.","3/Feb/26 8:20 PM;qm:96e3bf0d-beea-4cd2-bca9-568ee30412d2:d0de7e09-4c5e-463c-9d38-74616182f078;cambie a modo claro, gracias"
mi cuenta esta restringida solo para retiros no para compras,puedo seguir comprando y vendiendo normal pero cuando quiero retirar me aparece bloqueado. es normal esa restriccion parcial?,Medium,Resolved,qm:96e3bf0d-beea-4cd2-bca9-568ee30412d2:38db461d-acf4-4174-9229-abec66530d80,maximilianojavierjulio@gmail.com,Tokenia Web,Service Request,Límites y restricciones,18/Oct/25 3:40 PM,"18/Oct/25 5:10 PM;maximilianojavierjulio@gmail.com;Hola, sí, es posible que una cuenta tenga restricciones parciales, por ejemplo solo para retiros mientras se completa una verificación adicional, sin afectar la posibilidad de operar. Revisá tu perfil de verificación para ver si hay algún paso pendiente.","18/Oct/25 5:35 PM;qm:96e3bf0d-beea-4cd2-bca9-568ee30412d2:38db461d-acf4-4174-9229-abec66530d80;tenia un dato pendiente de completar, ya lo hice. gracias"
necesito verificarme para mi empresa no como persona fisica,"quiero abrir una cuenta a nombre de mi empresa, no como persona fisica. el proceso de verificacion es distinto para eso?",Medium,Resolved,qm:96e3bf0d-beea-4cd2-bca9-568ee30412d2:52b9c06a-5595-4581-95ec-9cac2fa1ea04,maxyjulio18@gmail.com,Tokenia Email,General request,Verificación de identidad,25/Sep/25 11:20 AM,"25/Sep/25 2:00 PM;maxyjulio18@gmail.com;Hola, para cuentas empresariales el proceso de verificación requiere documentación adicional como el CUIT, estatuto de la empresa y datos de los representantes legales. Te vamos a enviar el formulario específico para cuentas institucionales a tu correo.","25/Sep/25 2:25 PM;qm:96e3bf0d-beea-4cd2-bca9-568ee30412d2:52b9c06a-5595-4581-95ec-9cac2fa1ea04;perfecto, quedo esperando el formulario. gracias"
mi limite bajo despues de reportar un problema de seguridad,hace unos dias reporte un movimiento sospechoso y desde entonces mis limites de operacion son mas bajos que antes. tiene relacion una cosa con la otra?,Medium,Resolved,qm:96e3bf0d-beea-4cd2-bca9-568ee30412d2:fc0d1ff2-2855-492b-96b5-6013d0097f09,maxi220julio@gmail.com,Tokenia Web,Service Request,Límites y restricciones,7/May/25 2:10 PM,"7/May/25 4:30 PM;maxi220julio@gmail.com;Hola, sí, cuando se reporta un incidente de seguridad podemos reducir temporalmente los límites como medida preventiva mientras se resuelve la investigación. Una vez cerrado el caso, tus límites habituales se restablecen.","7/May/25 4:50 PM;qm:96e3bf0d-beea-4cd2-bca9-568ee30412d2:fc0d1ff2-2855-492b-96b5-6013d0097f09;entendido, gracias por la explicacion"
quiero bajar mi propio limite de operacion por precaucion,"quiero autolimitarme para no operar montos grandes de forma impulsiva, se puede pedir que me bajen el limite yo mismo?",Low,Resolved,qm:96e3bf0d-beea-4cd2-bca9-568ee30412d2:e1ec8af6-b713-442c-a841-58d7d71b1c58,maximilianojavierjulio@gmail.com,Tokenia Email,General request,Límites y restricciones,19/Nov/25 9:45 AM,"19/Nov/25 12:10 PM;maximilianojavierjulio@gmail.com;Hola, no hay un problema en absoluto, valoramos mucho que tomes esta decisión. Podés solicitarnos un límite personalizado más bajo por este medio, indicando el monto que te gustaría establecer, y lo configuramos en tu cuenta.","19/Nov/25 12:35 PM;qm:96e3bf0d-beea-4cd2-bca9-568ee30412d2:e1ec8af6-b713-442c-a841-58d7d71b1c58;genial, te paso el monto que quiero por privado"
la app tarda mucho en generar una direccion nueva de deposito,"cada vez que pido una direccion nueva de btc tarda como un minuto en aparecer, es normal esa demora?",Low,Resolved,qm:96e3bf0d-beea-4cd2-bca9-568ee30412d2:dac60d3e-f27a-4686-80f6-92944511c469,maxyjulio18@gmail.com,Tokenia App,Service Request,Billetera y direcciones,13/Jul/25 10:40 AM,"13/Jul/25 12:15 PM;maxyjulio18@gmail.com;Hola, la generación de nuevas direcciones puede tardar unos segundos por los protocolos de seguridad que verificamos antes de asignarla. Si la demora supera los 2 minutos, contactanos nuevamente para revisarlo.","13/Jul/25 12:40 PM;qm:96e3bf0d-beea-4cd2-bca9-568ee30412d2:dac60d3e-f27a-4686-80f6-92944511c469;tardo como 40 segundos nomas, esta bien entonces. gracias"
como me doy de baja de los mails promocionales,"me llegan bastantes correos de promociones de tokenia y quiero dejar de recibirlos, sin dar de baja la cuenta.",Low,Resolved,qm:96e3bf0d-beea-4cd2-bca9-568ee30412d2:d2644145-7b97-47e1-82a6-cfb0dcd7ac06,maxi220julio@gmail.com,Tokenia Email,General request,Información y consultas generales,1/Oct/25 8:15 AM,"1/Oct/25 10:40 AM;maxi220julio@gmail.com;Hola, podés desactivar los correos promocionales desde Perfil > Notificaciones > Correos de marketing. Vas a seguir recibiendo únicamente las notificaciones importantes relacionadas con tu cuenta.","1/Oct/25 11:00 AM;qm:96e3bf0d-beea-4cd2-bca9-568ee30412d2:d2644145-7b97-47e1-82a6-cfb0dcd7ac06;listo, ya lo desactive. gracias"
me aparece un mensaje de mantenimiento cuando quiero operar,entre a la app para hacer una compra y me sale un cartel de que la plataforma esta en mantenimiento. cuanto va a durar?,Medium,Resolved,qm:96e3bf0d-beea-4cd2-bca9-568ee30412d2:b930251b-8e9d-4251-b2fe-30e4c9544346,maximilianojavierjulio@gmail.com,Tokenia Web,Service Request,Problemas técnicos de la app/web,26/Jun/25 11:50 PM,"27/Jun/25 12:40 AM;maximilianojavierjulio@gmail.com;Hola, estamos realizando un mantenimiento programado que estimamos finalizar en las próximas 2 horas. Durante ese período las operaciones no van a estar disponibles, pero tu saldo y datos no se ven afectados.","27/Jun/25 1:20 AM;qm:96e3bf0d-beea-4cd2-bca9-568ee30412d2:b930251b-8e9d-4251-b2fe-30e4c9544346;gracias por avisar, voy a esperar"
quiero configurar alertas de cualquier movimiento en mi cuenta,"me gustaria recibir un mail o notificacion cada vez que se hace cualquier operacion en mi cuenta, para tener control total. se puede activar eso?",Low,Resolved,qm:96e3bf0d-beea-4cd2-bca9-568ee30412d2:52b9c06a-5595-4581-95ec-9cac2fa1ea04,maxyjulio18@gmail.com,Tokenia App,Service Request,Seguridad de la cuenta,9/Sep/25 4:20 PM,"9/Sep/25 6:45 PM;maxyjulio18@gmail.com;Hola, sí, podés activar las alertas de movimientos desde Perfil > Notificaciones > Alertas de actividad. Ahí vas a poder elegir recibir un aviso por cada operación, depósito o retiro que se realice en tu cuenta.","9/Sep/25 7:05 PM;qm:96e3bf0d-beea-4cd2-bca9-568ee30412d2:52b9c06a-5595-4581-95ec-9cac2fa1ea04;perfecto, ya las active todas. gracias"
las comisiones son mas bajas para cuentas verificadas de nivel alto,"tengo entendido que en algunos exchanges cuanto mas verificada esta tu cuenta, menor es la comision. en tokenia funciona asi tambien?",Low,Resolved,qm:96e3bf0d-beea-4cd2-bca9-568ee30412d2:af30ed9d-7e74-4e4e-8304-5e91abcd1392,maxi220julio@gmail.com,Tokenia Email,General request,Tarifas y comisiones,15/Dec/25 10:05 AM,"15/Dec/25 12:30 PM;maxi220julio@gmail.com;Hola, en Tokenia la comisión del 1% es igual para todos los usuarios sin importar el nivel de verificación. El nivel de verificación solo afecta los límites de monto disponibles para operar, no el costo de las operaciones.","15/Dec/25 12:50 PM;qm:96e3bf0d-beea-4cd2-bca9-568ee30412d2:af30ed9d-7e74-4e4e-8304-5e91abcd1392;ah entendido, gracias por aclarar"
el retiro que hice hace un mes todavia no llega y me olvide de seguirlo,hace bastante tiempo pedi un retiro de dai y nunca lo termine de rastrear. queria saber si todavia esta pendiente o se perdio.,High,Resolved,qm:96e3bf0d-beea-4cd2-bca9-568ee30412d2:9700668d-bb18-4ce6-a136-d0d4eac1741d,maximilianojavierjulio@gmail.com,Tokenia Email,General request,Depósitos y retiros,8/Sep/25 1:35 PM,"8/Sep/25 4:00 PM;maximilianojavierjulio@gmail.com;Hola, revisamos tu historial y encontramos que ese retiro efectivamente quedó pendiente por un error interno en su momento. Ya lo reprocesamos manualmente y debería llegar a tu billetera en los próximos minutos. Disculpá la demora.","8/Sep/25 4:50 PM;qm:96e3bf0d-beea-4cd2-bca9-568ee30412d2:9700668d-bb18-4ce6-a136-d0d4eac1741d;ya me llego, muchas gracias por resolverlo"
puedo tener dos metodos de 2fa activos al mismo tiempo,"tengo el 2fa por sms, quiero agregar tambien el de app authenticator como respaldo. se pueden tener los dos juntos?",Low,Resolved,qm:96e3bf0d-beea-4cd2-bca9-568ee30412d2:e34f737c-f7d6-4402-906c-c89d3851033f,maxi220julio@gmail.com,Tokenia Web,Service Request,Acceso y autenticación,24/Apr/25 3:15 PM,"24/Apr/25 5:40 PM;maxi220julio@gmail.com;Hola, por el momento el sistema permite tener activo un solo método de verificación en dos pasos a la vez. Te recomendamos usar la app autenticadora, ya que es más segura y no depende de la señal del celular como el SMS.","24/Apr/25 6:00 PM;qm:96e3bf0d-beea-4cd2-bca9-568ee30412d2:e34f737c-f7d6-4402-906c-c89d3851033f;listo, cambio al authenticator entonces"
quiero saber si hay comision oculta en el precio que muestra la app,"cuando veo el precio de una cripto en la pantalla principal, ese precio ya incluye la comision o se suma aparte al momento de comprar?",Low,Resolved,qm:96e3bf0d-beea-4cd2-bca9-568ee30412d2:1979be20-22df-4ea9-a264-020aef7b27f7,maxyjulio18@gmail.com,Tokenia App,Service Request,Operaciones de compra/venta crypto,30/Oct/25 12:40 PM,"30/Oct/25 2:10 PM;maxyjulio18@gmail.com;Hola, el precio que ves en la pantalla principal es el precio de mercado, sin comisión incluida. La comisión del 1% se suma por separado al momento de confirmar la compra o venta, y la ves detallada antes de confirmar.","30/Oct/25 2:30 PM;qm:96e3bf0d-beea-4cd2-bca9-568ee30412d2:1979be20-22df-4ea9-a264-020aef7b27f7;ahora esta claro, gracias"
puedo depositar pesos desde una billetera virtual como mercado pago,"tengo saldo en mercado pago, se puede transferir directo desde ahi a tokenia o tiene que ser si o si desde una cuenta bancaria tradicional?",Low,Resolved,qm:96e3bf0d-beea-4cd2-bca9-568ee30412d2:64cb148f-e970-4d60-b1d5-b8f416b8022f,maximilianojavierjulio@gmail.com,Tokenia Email,General request,Operaciones de compra/venta fiat,17/Aug/25 11:30 AM,"17/Aug/25 2:00 PM;maximilianojavierjulio@gmail.com;Hola, sí, podés transferir desde Mercado Pago a tu cuenta de Tokenia siempre que uses el CBU o CVU asociado a tu cuenta de Mercado Pago para hacer la transferencia. El proceso de acreditación funciona igual que con cualquier otro banco.","17/Aug/25 2:25 PM;qm:96e3bf0d-beea-4cd2-bca9-568ee30412d2:64cb148f-e970-4d60-b1d5-b8f416b8022f;genial, no lo sabia. gracias"
mi verificacion esta aprobada pero no puedo operar igual,el kyc me figura como aprobado en mi perfil pero cuando intento comprar me dice que complete la verificacion. no entiendo la contradiccion.,High,Resolved,qm:96e3bf0d-beea-4cd2-bca9-568ee30412d2:0df99cfc-26bd-40c6-8e90-a343fc8c2ef8,maxi220julio@gmail.com,Tokenia App,Service Request,Verificación de identidad,6/May/25 10:50 AM,"6/May/25 1:15 PM;maxi220julio@gmail.com;Hola, disculpá el inconveniente, puede tratarse de una demora en la sincronización de tu estado de verificación entre nuestros sistemas. Ya revisamos tu cuenta y confirmamos que tu KYC está aprobado. Probá cerrar sesión y volver a entrar para actualizar la información.","6/May/25 1:40 PM;qm:96e3bf0d-beea-4cd2-bca9-568ee30412d2:0df99cfc-26bd-40c6-8e90-a343fc8c2ef8;ya me deja operar, gracias"
cuanto tiempo tengo para completar el kyc despues de registrarme,me registre hace unos dias pero todavia no hice la verificacion de identidad. hay un plazo limite antes de que se cierre la cuenta o algo asi?,Low,Resolved,qm:96e3bf0d-beea-4cd2-bca9-568ee30412d2:8f54090f-7904-47c1-a169-777fc6d2704a,maximilianojavierjulio@gmail.com,Tokenia Email,General request,Verificación de identidad,21/Oct/25 9:00 AM,"21/Oct/25 11:30 AM;maximilianojavierjulio@gmail.com;Hola, no hay un plazo límite para completar la verificación, tu cuenta se mantiene activa aunque no operes. Igualmente te recomendamos completarla cuando puedas para poder empezar a operar sin restricciones.","21/Oct/25 11:50 AM;qm:96e3bf0d-beea-4cd2-bca9-568ee30412d2:8f54090f-7904-47c1-a169-777fc6d2704a;buenisimo, la hago este fin de semana entonces"
me piden un video adicional para la verificacion y no se por que,"despues de subir el dni y la selfie normal, ahora me piden un video adicional diciendo mi nombre y una frase especifica. es un paso nuevo?",Medium,Resolved,qm:96e3bf0d-beea-4cd2-bca9-568ee30412d2:e1ec8af6-b713-442c-a841-58d7d71b1c58,maxyjulio18@gmail.com,Tokenia Web,Service Request,Verificación de identidad,4/Feb/26 3:20 PM,"4/Feb/26 5:45 PM;maxyjulio18@gmail.com;Hola, ese video adicional es un paso de verificación reforzada que aplicamos en algunos casos para confirmar que la persona detrás de la cuenta está presente y activa. No es un error, simplemente seguí las instrucciones que te muestra la app para completarlo.","4/Feb/26 6:10 PM;qm:96e3bf0d-beea-4cd2-bca9-568ee30412d2:e1ec8af6-b713-442c-a841-58d7d71b1c58;ah ok, ya lo grabe. gracias por la explicacion"
como contacto a tokenia si no tengo internet en el celular,"estoy en una zona sin buena señal de datos, hay algun numero de telefono al que pueda llamar para contactar a soporte?",Low,Resolved,qm:96e3bf0d-beea-4cd2-bca9-568ee30412d2:d0de7e09-4c5e-463c-9d38-74616182f078,maxi220julio@gmail.com,Tokenia Email,General request,Información y consultas generales,11/Jul/25 4:00 PM,"11/Jul/25 6:20 PM;maxi220julio@gmail.com;Hola, por el momento no contamos con atención telefónica, nuestro soporte funciona únicamente a través de la app, el correo y la web. Te recomendamos escribirnos apenas tengas conexión y te respondemos a la brevedad.","11/Jul/25 6:40 PM;qm:96e3bf0d-beea-4cd2-bca9-568ee30412d2:d0de7e09-4c5e-463c-9d38-74616182f078;entendido, gracias por la info"
los numeros de mi saldo aparecen con formato incorrecto,"en mi perfil el saldo me aparece como 1.234.56 en vez de 1234.56 pesos, parece un error en como se muestran los puntos y comas.",Low,Resolved,qm:96e3bf0d-beea-4cd2-bca9-568ee30412d2:e34f737c-f7d6-4402-906c-c89d3851033f,maximilianojavierjulio@gmail.com,Tokenia Web,Service Request,Problemas técnicos de la app/web,23/Aug/25 2:10 PM,"23/Aug/25 4:35 PM;maximilianojavierjulio@gmail.com;Hola, gracias por avisarnos. Ese es un error de formato regional que afecta a algunos usuarios, ya lo derivamos a nuestro equipo técnico para su corrección. El monto real de tu saldo no se ve afectado, solo la forma en que se muestra en pantalla.","23/Aug/25 5:00 PM;qm:96e3bf0d-beea-4cd2-bca9-568ee30412d2:e34f737c-f7d6-4402-906c-c89d3851033f;menos mal que la plata esta bien, gracias por confirmar"
quiero saber que datos personales tiene tokenia guardados de mi,por temas de privacidad queria saber que informacion mia tienen guardada y si puedo pedir que la eliminen si cierro la cuenta.,Medium,Resolved,qm:96e3bf0d-beea-4cd2-bca9-568ee30412d2:38db461d-acf4-4174-9229-abec66530d80,maxyjulio18@gmail.com,Tokenia Email,General request,Seguridad de la cuenta,16/Mar/26 10:15 AM,"16/Mar/26 1:40 PM;maxyjulio18@gmail.com;Hola, guardamos los datos necesarios para cumplir con la normativa vigente, como tu DNI, comprobante de domicilio e historial de operaciones. Podés solicitar el detalle completo de tus datos y su eliminación (dentro de lo permitido por ley) escribiéndonos a soporte@tokenia.com.","16/Mar/26 2:05 PM;qm:96e3bf0d-beea-4cd2-bca9-568ee30412d2:38db461d-acf4-4174-9229-abec66530d80;perfecto, gracias por la info"
hay costo por transferir de tokenia a otra cuenta propia en otro exchange,"quiero mover mis usdt de tokenia a otra cuenta que tengo en otro exchange, a nombre mio tambien. tiene el mismo costo que un retiro normal?",Low,Resolved,qm:96e3bf0d-beea-4cd2-bca9-568ee30412d2:1777a0ba-d198-44c3-908f-eb26c7d492f5,maxi220julio@gmail.com,Tokenia App,Service Request,Tarifas y comisiones,29/Sep/25 1:25 PM,"29/Sep/25 3:50 PM;maxi220julio@gmail.com;Hola, sí, transferir a otra cuenta tuya en otro exchange se procesa igual que cualquier retiro de criptomonedas, con el mismo costo de comisión de red que aplicaría a cualquier destino externo.","29/Sep/25 4:10 PM;qm:96e3bf0d-beea-4cd2-bca9-568ee30412d2:1777a0ba-d198-44c3-908f-eb26c7d492f5;entendido, gracias"
puedo ver el estado de mi deposito en tiempo real dentro de la app,"cuando hago un deposito de cripto, hay alguna pantalla donde vea el progreso de las confirmaciones en tiempo real, o solo se ve cuando ya esta acreditado?",Low,Resolved,qm:96e3bf0d-beea-4cd2-bca9-568ee30412d2:61a723ec-a2c5-4d6b-9a2b-3b24f12b4fba,maximilianojavierjulio@gmail.com,Tokenia App,Service Request,Depósitos y retiros,5/Jun/25 12:00 PM,"5/Jun/25 2:20 PM;maximilianojavierjulio@gmail.com;Hola, sí, desde la sección Actividad > tu depósito en curso, podés ver el estado con el número de confirmaciones actuales y las necesarias para acreditarlo. Se actualiza automáticamente a medida que la red confirma la transacción.","5/Jun/25 2:45 PM;qm:96e3bf0d-beea-4cd2-bca9-568ee30412d2:61a723ec-a2c5-4d6b-9a2b-3b24f12b4fba;genial, ya lo encontre. gracias"
la app me pide confirmar la direccion dos veces antes de retirar,"cuando quiero retirar cripto, me pide escribir la direccion de destino dos veces para confirmar. es asi siempre o es un error?",Low,Resolved,qm:96e3bf0d-beea-4cd2-bca9-568ee30412d2:e370d25e-5cfb-48c6-9833-7546b43b5f6f,maxyjulio18@gmail.com,Tokenia Web,Service Request,Billetera y direcciones,12/Nov/25 4:40 PM,"12/Nov/25 6:00 PM;maxyjulio18@gmail.com;Hola, es una medida de seguridad intencional. Pedimos confirmar la dirección de destino dos veces para reducir el riesgo de errores de tipeo que puedan resultar en pérdida de fondos por envíos a direcciones incorrectas.","12/Nov/25 6:20 PM;qm:96e3bf0d-beea-4cd2-bca9-568ee30412d2:e370d25e-5cfb-48c6-9833-7546b43b5f6f;ah que bueno, tiene sentido. gracias"
mi cuenta esta activa pero no me acuerdo cuando la cree,"necesito saber la fecha exacta en que abri mi cuenta de tokenia para un tramite, donde puedo verla?",Low,Resolved,qm:96e3bf0d-beea-4cd2-bca9-568ee30412d2:100cf02a-d965-49dc-a96c-a17602637b44,maxi220julio@gmail.com,Tokenia Email,General request,Acceso y autenticación,20/Dec/25 3:00 PM,"20/Dec/25 5:25 PM;maxi220julio@gmail.com;Hola, la fecha de creación de tu cuenta la podés ver desde Perfil > Datos de la cuenta. Ahí figura la antigüedad exacta desde que te registraste en Tokenia.","20/Dec/25 5:45 PM;qm:96e3bf0d-beea-4cd2-bca9-568ee30412d2:100cf02a-d965-49dc-a96c-a17602637b44;encontrada, gracias"
mi cuenta quedo con limite cero despues de un cambio de datos,"actualice mi domicilio en el perfil y ahora todos mis limites figuran en cero, no puedo ni comprar ni retirar nada.",High,Resolved,qm:96e3bf0d-beea-4cd2-bca9-568ee30412d2:dac60d3e-f27a-4686-80f6-92944511c469,maxi220julio@gmail.com,Tokenia App,Service Request,Límites y restricciones,2/Aug/25 9:30 AM,"2/Aug/25 11:50 AM;maxi220julio@gmail.com;Hola, cuando se actualiza un dato sensible como el domicilio, el sistema pone la cuenta en revisión temporal por seguridad, lo que puede reducir los límites a cero momentáneamente. Ya verificamos tu cambio y restablecimos tus límites habituales.","2/Aug/25 12:10 PM;qm:96e3bf0d-beea-4cd2-bca9-568ee30412d2:dac60d3e-f27a-4686-80f6-92944511c469;ya volvieron los limites normales, gracias"
existe algun limite especifico para nuevos usuarios en su primera semana,"recien me registre, hay alguna restriccion especial durante los primeros dias de la cuenta ademas del nivel de verificacion?",Low,Resolved,qm:96e3bf0d-beea-4cd2-bca9-568ee30412d2:fc0d1ff2-2855-492b-96b5-6013d0097f09,maximilianojavierjulio@gmail.com,Tokenia Email,General request,Límites y restricciones,14/Oct/25 2:15 PM,"14/Oct/25 4:40 PM;maximilianojavierjulio@gmail.com;Hola, no hay una restricción especial adicional solo por ser una cuenta nueva más allá de los límites que corresponden a tu nivel de verificación. Una vez verificado, podés operar con normalidad desde el primer día.","14/Oct/25 5:00 PM;qm:96e3bf0d-beea-4cd2-bca9-568ee30412d2:fc0d1ff2-2855-492b-96b5-6013d0097f09;genial, gracias por la aclaracion"
puedo eliminar direcciones antiguas de mi historial,"tengo un monton de direcciones viejas guardadas en mi historial de billetera y quiero limpiar un poco, se pueden borrar?",Low,Resolved,qm:96e3bf0d-beea-4cd2-bca9-568ee30412d2:8f54090f-7904-47c1-a169-777fc6d2704a,maxyjulio18@gmail.com,Tokenia Web,Service Request,Billetera y direcciones,27/May/25 1:45 PM,"27/May/25 3:10 PM;maxyjulio18@gmail.com;Hola, por el momento no es posible eliminar direcciones del historial ya que forman parte del registro de tus operaciones. Podés simplemente no usarlas más, sin necesidad de borrarlas.","27/May/25 3:30 PM;qm:96e3bf0d-beea-4cd2-bca9-568ee30412d2:8f54090f-7904-47c1-a169-777fc6d2704a;entendido, gracias"
quiero saber el minimo para vender una criptomoneda,"tengo una cantidad chica de una altcoin y quiero venderla toda, hay un monto minimo de venta que tenga que respetar?",Low,Resolved,qm:96e3bf0d-beea-4cd2-bca9-568ee30412d2:0df99cfc-26bd-40c6-8e90-a343fc8c2ef8,maxi220julio@gmail.com,Tokenia App,Service Request,Operaciones de compra/venta crypto,9/Apr/25 11:00 AM,"9/Apr/25 1:20 PM;maxi220julio@gmail.com;Hola, el monto mínimo de venta varía según la criptomoneda, generalmente equivalente a un par de dólares. Si tu saldo es menor a ese mínimo, es posible que la app no te permita vender el total, revisá el detalle en la pantalla de venta de esa moneda en particular.","9/Apr/25 1:45 PM;qm:96e3bf0d-beea-4cd2-bca9-568ee30412d2:0df99cfc-26bd-40c6-8e90-a343fc8c2ef8;justo tenia menos del minimo, ahora entiendo. gracias"
puedo cancelar un deposito en pesos que ya transferi,"hice una transferencia a tokenia hace 10 minutos pero me arrepenti, todavia no se acredito. se puede cancelar de alguna forma?",Medium,Resolved,qm:96e3bf0d-beea-4cd2-bca9-568ee30412d2:e1ec8af6-b713-442c-a841-58d7d71b1c58,maximilianojavierjulio@gmail.com,Tokenia Web,Service Request,Operaciones de compra/venta fiat,18/Sep/25 3:50 PM,"18/Sep/25 5:15 PM;maximilianojavierjulio@gmail.com;Hola, una vez que la transferencia bancaria fue enviada, no podemos cancelarla desde nuestro lado, ya que depende del proceso interbancario. Cuando se acredite en tu cuenta de Tokenia, vas a poder retirarla nuevamente sin problema.","18/Sep/25 5:40 PM;qm:96e3bf0d-beea-4cd2-bca9-568ee30412d2:e1ec8af6-b713-442c-a841-58d7d71b1c58;entendido, la voy a retirar cuando se acredite entonces"
no puedo hacer capturas de pantalla en la app,"cuando intento sacar una captura de la pantalla de tokenia para guardar un comprobante, sale todo negro. es a proposito?",Low,Resolved,qm:96e3bf0d-beea-4cd2-bca9-568ee30412d2:1979be20-22df-4ea9-a264-020aef7b27f7,maxyjulio18@gmail.com,Tokenia App,Service Request,Problemas técnicos de la app/web,31/Oct/25 5:20 PM,"31/Oct/25 7:40 PM;maxyjulio18@gmail.com;Hola, sí, es intencional. Bloqueamos las capturas de pantalla en algunas secciones sensibles de la app como medida de seguridad para proteger tu información. Para guardar comprobantes, te recomendamos usar la opción de exportar o compartir desde el detalle de cada operación.","31/Oct/25 8:00 PM;qm:96e3bf0d-beea-4cd2-bca9-568ee30412d2:1979be20-22df-4ea9-a264-020aef7b27f7;ah que bueno que tiene esa opcion, gracias"
quiero saber si tokenia vende mis datos a terceros,"por privacidad, queria confirmar si tokenia comparte o vende mi informacion personal a otras empresas.",Low,Resolved,qm:96e3bf0d-beea-4cd2-bca9-568ee30412d2:9700668d-bb18-4ce6-a136-d0d4eac1741d,maxi220julio@gmail.com,Tokenia Email,General request,Seguridad de la cuenta,6/Dec/25 10:40 AM,"6/Dec/25 1:05 PM;maxi220julio@gmail.com;Hola, no compartimos ni vendemos tus datos personales a terceros con fines comerciales. Tus datos solo se utilizan para cumplir con los requisitos regulatorios y de seguridad de la plataforma. Podés ver el detalle completo en nuestra política de privacidad.","6/Dec/25 1:30 PM;qm:96e3bf0d-beea-4cd2-bca9-568ee30412d2:9700668d-bb18-4ce6-a136-d0d4eac1741d;perfecto, gracias por la tranquilidad"
la comision de retiro de usdt varia segun la red que elijo,"vi que si retiro usdt por trc20 la comision es distinta que si lo hago por erc20, cual conviene mas?",Low,Resolved,qm:96e3bf0d-beea-4cd2-bca9-568ee30412d2:64cb148f-e970-4d60-b1d5-b8f416b8022f,maximilianojavierjulio@gmail.com,Tokenia App,Service Request,Tarifas y comisiones,22/Jun/25 4:10 PM,"22/Jun/25 6:30 PM;maximilianojavierjulio@gmail.com;Hola, sí, la comisión de red varía según la blockchain que elijas. Generalmente TRC-20 tiene comisiones más bajas que ERC-20, aunque esto depende de la congestión de cada red en el momento del retiro. Podés comparar el costo exacto antes de confirmar.","22/Jun/25 6:50 PM;qm:96e3bf0d-beea-4cd2-bca9-568ee30412d2:64cb148f-e970-4d60-b1d5-b8f416b8022f;voy a usar trc20 entonces, gracias"
tienen alguna forma de contactar por whatsapp,"me resulta mas comodo escribir por whatsapp que por la app, tokenia tiene ese canal disponible?",Low,Resolved,qm:96e3bf0d-beea-4cd2-bca9-568ee30412d2:e34f737c-f7d6-4402-906c-c89d3851033f,maxyjulio18@gmail.com,Tokenia Email,General request,Información y consultas generales,13/Mar/26 9:20 AM,"13/Mar/26 11:45 AM;maxyjulio18@gmail.com;Hola, por el momento no contamos con atención por WhatsApp. Los canales disponibles son la app, el correo y la plataforma web. Es algo que estamos evaluando incorporar más adelante.","13/Mar/26 12:05 PM;qm:96e3bf0d-beea-4cd2-bca9-568ee30412d2:e34f737c-f7d6-4402-906c-c89d3851033f;entendido, gracias por avisar"
me pide reingresar la clave cada 5 minutos aunque no cierre la app,tengo la app abierta en segundo plano y cada rato me pide la contraseña de nuevo como si se hubiera cerrado la sesion sola.,Medium,Resolved,qm:96e3bf0d-beea-4cd2-bca9-568ee30412d2:743e4c73-9f65-4707-867d-362ed5c61c85,maxi220julio@gmail.com,Tokenia App,Service Request,Acceso y autenticación,3/Jun/25 10:30 AM,"3/Jun/25 12:50 PM;maxi220julio@gmail.com;Hola, esto puede deberse a la configuración de ahorro de batería de tu celular, que cierra apps en segundo plano. Te recomendamos excluir a Tokenia de las optimizaciones de batería desde los ajustes del sistema.","3/Jun/25 1:15 PM;qm:96e3bf0d-beea-4cd2-bca9-568ee30412d2:743e4c73-9f65-4707-867d-362ed5c61c85;eso era, ya lo excluí y no me pide mas. gracias"
no me deja registrarme con un mail de dominio de trabajo,"intento crear la cuenta con mi mail corporativo y me tira error, con un gmail personal si me deja. hay alguna restriccion con ciertos dominios?",Low,Resolved,qm:96e3bf0d-beea-4cd2-bca9-568ee30412d2:b930251b-8e9d-4251-b2fe-30e4c9544346,maxyjulio18@gmail.com,Tokenia Web,Service Request,Acceso y autenticación,15/Sep/25 2:20 PM,"15/Sep/25 4:45 PM;maxyjulio18@gmail.com;Hola, no restringimos dominios de mail específicos, pero algunos servidores corporativos bloquean nuestros correos de verificación por sus filtros de seguridad. Te recomendamos usar un mail personal para evitar este tipo de inconvenientes.","15/Sep/25 5:05 PM;qm:96e3bf0d-beea-4cd2-bca9-568ee30412d2:b930251b-8e9d-4251-b2fe-30e4c9544346;con el gmail personal anduvo bien, gracias"
puedo iniciar sesion con google o solo con mail y clave,"vi que otras apps tienen la opcion de entrar directo con la cuenta de google, tokenia tiene algo asi?",Low,Resolved,qm:96e3bf0d-beea-4cd2-bca9-568ee30412d2:d0de7e09-4c5e-463c-9d38-74616182f078,maxi220julio@gmail.com,Tokenia App,Service Request,Acceso y autenticación,27/Nov/25 11:15 AM,"27/Nov/25 1:40 PM;maxi220julio@gmail.com;Hola, por el momento el ingreso a Tokenia es únicamente con mail y contraseña propios de la plataforma. No contamos con inicio de sesión mediante Google u otras cuentas externas.","27/Nov/25 2:00 PM;qm:96e3bf0d-beea-4cd2-bca9-568ee30412d2:d0de7e09-4c5e-463c-9d38-74616182f078;entendido, gracias"
mi clave funciona en la app pero no en la web,con las mismas credenciales entro sin drama en la app del celular pero en la pagina web me dice que la contraseña es incorrecta.,Medium,Resolved,qm:96e3bf0d-beea-4cd2-bca9-568ee30412d2:100cf02a-d965-49dc-a96c-a17602637b44,maximilianojavierjulio@gmail.com,Tokenia Web,Service Request,Acceso y autenticación,9/Feb/26 4:50 PM,"9/Feb/26 7:10 PM;maximilianojavierjulio@gmail.com;Hola, revisamos tu cuenta y no encontramos ninguna diferencia entre ambos sistemas. Te recomendamos verificar que no haya un espacio en blanco al escribir la contraseña en la web, o probar copiándola en vez de tipearla.","9/Feb/26 7:35 PM;qm:96e3bf0d-beea-4cd2-bca9-568ee30412d2:100cf02a-d965-49dc-a96c-a17602637b44;tenia un espacio de mas al final, gracias por la ayuda"
quiero saber si hay un limite de intentos de clave antes de bloquear,"para no arriesgarme a que me bloqueen la cuenta, queria saber cuantos intentos fallidos de contraseña se permiten antes del bloqueo.",Low,Resolved,qm:96e3bf0d-beea-4cd2-bca9-568ee30412d2:52b9c06a-5595-4581-95ec-9cac2fa1ea04,maxyjulio18@gmail.com,Tokenia Email,General request,Acceso y autenticación,19/Apr/25 9:00 AM,"19/Apr/25 11:20 AM;maxyjulio18@gmail.com;Hola, el sistema permite hasta 5 intentos fallidos consecutivos antes de bloquear la cuenta preventivamente. Si te quedan pocos intentos, te recomendamos usar la opción 'Olvidé mi clave' en vez de seguir probando.","19/Apr/25 11:45 AM;qm:96e3bf0d-beea-4cd2-bca9-568ee30412d2:52b9c06a-5595-4581-95ec-9cac2fa1ea04;buenisimo, ya se cuanto margen tengo. gracias"
no encuentro donde ver el historial de precios de todas mis compras juntas,"quiero ver un resumen de a que precio compre cada una de mis criptos, para saber si estoy ganando o perdiendo en total. existe esa vista?",Low,Resolved,qm:96e3bf0d-beea-4cd2-bca9-568ee30412d2:9700668d-bb18-4ce6-a136-d0d4eac1741d,maxi220julio@gmail.com,Tokenia App,Service Request,Operaciones de compra/venta crypto,6/Aug/25 3:10 PM,"6/Aug/25 5:30 PM;maxi220julio@gmail.com;Hola, sí, en la sección Portfolio podés ver el precio promedio de compra de cada criptomoneda que tenés, comparado con el precio actual, para saber tu ganancia o pérdida no realizada.","6/Aug/25 5:50 PM;qm:96e3bf0d-beea-4cd2-bca9-568ee30412d2:9700668d-bb18-4ce6-a136-d0d4eac1741d;genial, justo lo que buscaba. gracias"
quiero comprar una cripto que no esta en la lista de tokenia,"estoy buscando una moneda especifica y no la encuentro en el buscador de mercados, se puede pedir que la agreguen?",Low,Resolved,qm:96e3bf0d-beea-4cd2-bca9-568ee30412d2:e34f737c-f7d6-4402-906c-c89d3851033f,maximilianojavierjulio@gmail.com,Tokenia Email,General request,Operaciones de compra/venta crypto,24/Jun/25 10:40 AM,"24/Jun/25 1:00 PM;maximilianojavierjulio@gmail.com;Hola, gracias por la sugerencia. Evaluamos periódicamente nuevas criptomonedas para incorporar según demanda y viabilidad técnica. Vamos a tomar en cuenta tu pedido para futuras incorporaciones.","24/Jun/25 1:20 PM;qm:96e3bf0d-beea-4cd2-bca9-568ee30412d2:e34f737c-f7d6-4402-906c-c89d3851033f;genial, espero que la agreguen pronto"
mi compra quedo dividida en dos operaciones distintas sin que yo lo pida,quise comprar 500 dolares de eth de una sola vez pero en el historial me aparecen dos compras separadas de 250 cada una. no entiendo por que se dividio.,Medium,Resolved,qm:96e3bf0d-beea-4cd2-bca9-568ee30412d2:1979be20-22df-4ea9-a264-020aef7b27f7,maxyjulio18@gmail.com,Tokenia Web,Service Request,Operaciones de compra/venta crypto,11/Jan/26 5:15 PM,"11/Jan/26 6:50 PM;maxyjulio18@gmail.com;Hola, esto puede ocurrir cuando el sistema de matching ejecuta la orden contra distintas contrapartes de liquidez en el momento de la compra, dividiendo la operación en partes. El monto total y el precio promedio final son los mismos, solo cambia la forma en que se registra internamente.","11/Jan/26 7:15 PM;qm:96e3bf0d-beea-4cd2-bca9-568ee30412d2:1979be20-22df-4ea9-a264-020aef7b27f7;ah bueno, tiene sentido entonces. gracias"
quiero saber si puedo comprar cripto a nombre de otra persona como regalo,"quiero regalarle btc a mi hermano por el cumpleaños, se puede comprar y transferir directo a su cuenta de tokenia sin que pase por la mia?",Low,Resolved,qm:96e3bf0d-beea-4cd2-bca9-568ee30412d2:af30ed9d-7e74-4e4e-8304-5e91abcd1392,maxi220julio@gmail.com,Tokenia App,Service Request,Operaciones de compra/venta crypto,2/Oct/25 12:30 PM,"2/Oct/25 2:50 PM;maxi220julio@gmail.com;Hola, la compra tiene que hacerse desde tu propia cuenta, pero después podés transferirle el BTC directamente a la cuenta de tu hermano dentro de Tokenia usando su nombre de usuario, sin comisión adicional.","2/Oct/25 3:10 PM;qm:96e3bf0d-beea-4cd2-bca9-568ee30412d2:af30ed9d-7e74-4e4e-8304-5e91abcd1392;perfecto, justo lo que necesitaba. gracias"
el precio de compra y venta que muestra la app tiene mucha diferencia,note que el precio de compra de btc es bastante mas alto que el de venta en el mismo momento. es normal esa brecha tan grande?,Low,Resolved,qm:96e3bf0d-beea-4cd2-bca9-568ee30412d2:d2644145-7b97-47e1-82a6-cfb0dcd7ac06,maximilianojavierjulio@gmail.com,Tokenia Web,Service Request,Operaciones de compra/venta crypto,17/Mar/26 1:00 PM,"17/Mar/26 3:20 PM;maximilianojavierjulio@gmail.com;Hola, esa diferencia corresponde al spread de mercado, que representa el costo de liquidez en ese momento. En situaciones de alta volatilidad el spread puede ampliarse temporalmente más de lo habitual.","17/Mar/26 3:45 PM;qm:96e3bf0d-beea-4cd2-bca9-568ee30412d2:d2644145-7b97-47e1-82a6-cfb0dcd7ac06;entendido, gracias por la explicacion"
puedo ver el detalle de comisiones bancarias de mi transferencia,"cuando hago una transferencia a tokenia, el banco me cobra algo por su lado a veces. eso se ve reflejado en algun lado dentro de la app?",Low,Resolved,qm:96e3bf0d-beea-4cd2-bca9-568ee30412d2:e1ec8af6-b713-442c-a841-58d7d71b1c58,maxyjulio18@gmail.com,Tokenia Web,Service Request,Operaciones de compra/venta fiat,8/Jul/25 11:50 AM,"8/Jul/25 2:10 PM;maxyjulio18@gmail.com;Hola, los costos que cobra tu banco por la transferencia no aparecen en Tokenia, ya que son ajenos a nuestra plataforma. Nosotros solo acreditamos el monto neto que efectivamente llega a nuestra cuenta bancaria.","8/Jul/25 2:30 PM;qm:96e3bf0d-beea-4cd2-bca9-568ee30412d2:e1ec8af6-b713-442c-a841-58d7d71b1c58;entendido, gracias por aclarar"
mi retiro de pesos fue aprobado pero el monto es menor al solicitado,"pedi retirar 100000 pesos y me llegaron 98000, no entiendo de donde sale esa diferencia de 2000.",Medium,Resolved,qm:96e3bf0d-beea-4cd2-bca9-568ee30412d2:dac60d3e-f27a-4686-80f6-92944511c469,maxi220julio@gmail.com,Tokenia App,Service Request,Operaciones de compra/venta fiat,26/Nov/25 3:40 PM,"26/Nov/25 5:20 PM;maxi220julio@gmail.com;Hola, revisamos tu retiro y esa diferencia corresponde a un cargo del banco receptor por la transferencia, algo ajeno a Tokenia. Te recomendamos consultar directamente con tu banco sobre ese descuento puntual.","26/Nov/25 5:45 PM;qm:96e3bf0d-beea-4cd2-bca9-568ee30412d2:dac60d3e-f27a-4686-80f6-92944511c469;voy a consultar con el banco entonces, gracias"
como se calcula el tipo de cambio para operaciones en dolares,"veo que puedo operar tambien con montos en dolares, como convierten esos dolares a pesos al momento de la operacion?",Low,Resolved,qm:96e3bf0d-beea-4cd2-bca9-568ee30412d2:fc0d1ff2-2855-492b-96b5-6013d0097f09,maximilianojavierjulio@gmail.com,Tokenia Email,General request,Operaciones de compra/venta fiat,13/May/25 10:20 AM,"13/May/25 12:45 PM;maximilianojavierjulio@gmail.com;Hola, cuando operás en dólares, la conversión a pesos se realiza usando una cotización de referencia del mercado que se actualiza en tiempo real, visible en la pantalla antes de confirmar cualquier operación.","13/May/25 1:05 PM;qm:96e3bf0d-beea-4cd2-bca9-568ee30412d2:fc0d1ff2-2855-492b-96b5-6013d0097f09;entendido, gracias por la explicacion"
quiero saber si los feriados afectan los tiempos de acreditacion,"hoy es feriado y transferi pesos a tokenia, va a tardar mas de lo normal en acreditarse por eso?",Low,Resolved,qm:96e3bf0d-beea-4cd2-bca9-568ee30412d2:e370d25e-5cfb-48c6-9833-7546b43b5f6f,maxyjulio18@gmail.com,Tokenia App,Service Request,Operaciones de compra/venta fiat,20/Jun/25 4:00 PM,"20/Jun/25 6:20 PM;maxyjulio18@gmail.com;Hola, sí, los depósitos y retiros bancarios se procesan en días y horarios hábiles, así que si hoy es feriado, tu transferencia probablemente se acredite el próximo día hábil.","20/Jun/25 6:40 PM;qm:96e3bf0d-beea-4cd2-bca9-568ee30412d2:e370d25e-5cfb-48c6-9833-7546b43b5f6f;entendido, voy a esperar entonces"
puedo depositar cripto desde un cajero automatico de bitcoin,"vi que hay cajeros automaticos de bitcoin en algunos lugares, se puede depositar en tokenia usando uno de esos?",Low,Resolved,qm:96e3bf0d-beea-4cd2-bca9-568ee30412d2:9b001302-64de-4529-89e2-79e3b221b797,maxi220julio@gmail.com,Tokenia Email,General request,Depósitos y retiros,4/Sep/25 1:15 PM,"4/Sep/25 3:40 PM;maxi220julio@gmail.com;Hola, sí, podés usar un cajero de bitcoin para enviar fondos a tu dirección de depósito de Tokenia, ingresando la dirección que te generamos en la app. El depósito se acredita igual que cualquier envío desde una billetera externa.","4/Sep/25 4:00 PM;qm:96e3bf0d-beea-4cd2-bca9-568ee30412d2:9b001302-64de-4529-89e2-79e3b221b797;genial, gracias por confirmarme"
cuantas confirmaciones necesita un deposito de litecoin,voy a mandar litecoin a tokenia y quiero saber cuantas confirmaciones de red se necesitan para que se acredite.,Low,Resolved,qm:96e3bf0d-beea-4cd2-bca9-568ee30412d2:1777a0ba-d198-44c3-908f-eb26c7d492f5,maximilianojavierjulio@gmail.com,Tokenia App,Service Request,Depósitos y retiros,29/Oct/25 9:35 AM,"29/Oct/25 11:50 AM;maximilianojavierjulio@gmail.com;Hola, los depósitos de Litecoin se acreditan con 6 confirmaciones de red, lo que suele tomar entre 15 y 20 minutos aproximadamente. Si ya superaste ese número de confirmaciones y no se acreditó, pasanos el TxID.","29/Oct/25 12:15 PM;qm:96e3bf0d-beea-4cd2-bca9-568ee30412d2:1777a0ba-d198-44c3-908f-eb26c7d492f5;perfecto, ya se acredito justo. gracias"
"me equivoque de monto al pedir un retiro, puse mas de lo que queria","queria retirar 20000 pesos y por error puse 200000. la operacion todavia no se proceso, se puede modificar el monto?",Medium,Resolved,qm:96e3bf0d-beea-4cd2-bca9-568ee30412d2:61a723ec-a2c5-4d6b-9a2b-3b24f12b4fba,maxyjulio18@gmail.com,Tokenia Web,Service Request,Depósitos y retiros,15/Dec/25 11:00 AM,"15/Dec/25 12:30 PM;maxyjulio18@gmail.com;Hola, no es posible modificar el monto de una solicitud ya enviada, pero mientras esté en estado pendiente sí podés cancelarla desde la sección de retiros y volver a solicitarla con el monto correcto.","15/Dec/25 12:55 PM;qm:96e3bf0d-beea-4cd2-bca9-568ee30412d2:61a723ec-a2c5-4d6b-9a2b-3b24f12b4fba;llegue a cancelarla a tiempo, gracias"
el deposito de eth se acredito pero por menos cantidad de la que mande,"mande 0.5 eth y en tokenia me aparecen 0.498, falta un poquito. a que se debe esa diferencia?",Low,Resolved,qm:96e3bf0d-beea-4cd2-bca9-568ee30412d2:52b9c06a-5595-4581-95ec-9cac2fa1ea04,maximilianojavierjulio@gmail.com,Tokenia App,Service Request,Depósitos y retiros,22/Aug/25 2:45 PM,"22/Aug/25 4:10 PM;maximilianojavierjulio@gmail.com;Hola, esa pequeña diferencia corresponde al gas fee que se descuenta al momento de la transacción en la red Ethereum, algo ajeno a Tokenia. El monto que ves acreditado es el que efectivamente llegó a nuestra dirección después de ese costo de red.","22/Aug/25 4:30 PM;qm:96e3bf0d-beea-4cd2-bca9-568ee30412d2:52b9c06a-5595-4581-95ec-9cac2fa1ea04;ah entendido, gracias por explicarme"
puedo cancelar un retiro de cripto si todavia esta pendiente de aprobacion,"pedi un retiro de btc hace un rato y todavia figura como pendiente de aprobacion, me arrepenti, lo puedo cancelar?",Medium,Resolved,qm:96e3bf0d-beea-4cd2-bca9-568ee30412d2:9700668d-bb18-4ce6-a136-d0d4eac1741d,maxyjulio18@gmail.com,Tokenia App,Service Request,Depósitos y retiros,7/Feb/26 5:25 PM,"7/Feb/26 6:50 PM;maxyjulio18@gmail.com;Hola, sí, mientras el retiro esté en estado 'pendiente de aprobación' todavía es posible cancelarlo desde la sección de retiros en curso. Si ya pasó a estado 'procesado', ya no se puede revertir.","7/Feb/26 7:10 PM;qm:96e3bf0d-beea-4cd2-bca9-568ee30412d2:9700668d-bb18-4ce6-a136-d0d4eac1741d;llegue a cancelarlo, gracias"
como reporto un mensaje de texto sospechoso que dice ser de tokenia,"me llego un sms diciendo que gane un sorteo de tokenia y que ingrese a un link para reclamarlo. me parece truchisimo, como lo reporto?",Medium,Resolved,qm:96e3bf0d-beea-4cd2-bca9-568ee30412d2:1979be20-22df-4ea9-a264-020aef7b27f7,maxi220julio@gmail.com,Tokenia Email,General request,Seguridad de la cuenta,10/Sep/25 1:40 PM,"10/Sep/25 4:05 PM;maxi220julio@gmail.com;Hola, hacés bien en desconfiar, ese mensaje no es de Tokenia. No organizamos sorteos que se reclamen por SMS con links. Por favor no ingreses al enlace. Podés reenviarnos una captura del mensaje a soporte@tokenia.com para que lo reportemos.","10/Sep/25 4:25 PM;qm:96e3bf0d-beea-4cd2-bca9-568ee30412d2:1979be20-22df-4ea9-a264-020aef7b27f7;te lo mando ahora, gracias por confirmar"
quiero saber si puedo restringir el acceso a mi cuenta solo desde argentina,"por seguridad, me gustaria que mi cuenta solo pueda accederse desde ips de argentina y bloquear cualquier otro pais. existe esa opcion?",Low,Resolved,qm:96e3bf0d-beea-4cd2-bca9-568ee30412d2:d0de7e09-4c5e-463c-9d38-74616182f078,maximilianojavierjulio@gmail.com,Tokenia Web,Service Request,Seguridad de la cuenta,3/Apr/26 11:10 AM,"3/Apr/26 1:35 PM;maximilianojavierjulio@gmail.com;Hola, por el momento no contamos con una función para restringir el acceso por país específico. Como alternativa te recomendamos mantener activo el 2FA y revisar periódicamente tus sesiones activas para detectar cualquier acceso inusual.","3/Apr/26 2:00 PM;qm:96e3bf0d-beea-4cd2-bca9-568ee30412d2:d0de7e09-4c5e-463c-9d38-74616182f078;entendido, voy a estar atento entonces"
mi cuenta fue suspendida por error y necesito que la revisen urgente,"me suspendieron la cuenta ayer por una supuesta actividad sospechosa pero yo no hice nada raro, tengo plata ahi que necesito usar.",Highest,Resolved,qm:96e3bf0d-beea-4cd2-bca9-568ee30412d2:100cf02a-d965-49dc-a96c-a17602637b44,maxyjulio18@gmail.com,Tokenia App,Service Request,Seguridad de la cuenta,16/Jul/25 8:30 AM,"16/Jul/25 10:15 AM;maxyjulio18@gmail.com;Hola, entendemos la urgencia. Revisamos tu caso con el equipo de seguridad y confirmamos que la suspensión fue un falso positivo del sistema automático. Ya reactivamos tu cuenta, pedimos disculpas por el inconveniente.","16/Jul/25 10:40 AM;qm:96e3bf0d-beea-4cd2-bca9-568ee30412d2:100cf02a-d965-49dc-a96c-a17602637b44;ya puedo entrar de nuevo, muchas gracias por la rapidez"
quiero denunciar que alguien intento estafarme haciendose pasar por soporte de tokenia,me contacto alguien por instagram diciendo que era soporte de tokenia y me pidio que le pasara mi clave para 'verificar' mi cuenta. no le di nada pero quiero denunciarlo.,High,Resolved,qm:96e3bf0d-beea-4cd2-bca9-568ee30412d2:52b9c06a-5595-4581-95ec-9cac2fa1ea04,maximilianojavierjulio@gmail.com,Tokenia Email,General request,Seguridad de la cuenta,1/Nov/25 6:00 PM,"1/Nov/25 8:20 PM;maximilianojavierjulio@gmail.com;Hola, gracias por avisarnos e hiciste muy bien en no compartir tu clave. Tokenia nunca contacta a usuarios por redes sociales pidiendo datos sensibles. Si tenés el usuario o capturas de esa cuenta falsa, mandanoslos para que podamos reportarla.","1/Nov/25 8:45 PM;qm:96e3bf0d-beea-4cd2-bca9-568ee30412d2:52b9c06a-5595-4581-95ec-9cac2fa1ea04;te mando las capturas ahora, gracias"
puedo transferir cripto a otro usuario usando solo su mail,"quiero mandarle usdt a un amigo que tambien usa tokenia, se puede hacer poniendo su mail en vez de buscar la direccion de billetera?",Low,Resolved,qm:96e3bf0d-beea-4cd2-bca9-568ee30412d2:8f54090f-7904-47c1-a169-777fc6d2704a,maxi220julio@gmail.com,Tokenia App,Service Request,Billetera y direcciones,12/Jun/25 3:20 PM,"12/Jun/25 5:40 PM;maxi220julio@gmail.com;Hola, sí, para transferencias entre usuarios de Tokenia podés usar el nombre de usuario o el mail asociado a la cuenta destino, sin necesidad de generar una dirección de blockchain. Es más rápido y no tiene comisión de red.","12/Jun/25 6:00 PM;qm:96e3bf0d-beea-4cd2-bca9-568ee30412d2:8f54090f-7904-47c1-a169-777fc6d2704a;genial, mucho mas facil asi. gracias"
la direccion de deposito de ada tiene un formato raro que no reconozco,"la direccion que me genero tokenia para cardano es rarisima, muy larga, no se parece a otras direcciones que vi antes. es correcta?",Low,Resolved,qm:96e3bf0d-beea-4cd2-bca9-568ee30412d2:0df99cfc-26bd-40c6-8e90-a343fc8c2ef8,maxyjulio18@gmail.com,Tokenia Web,Service Request,Billetera y direcciones,25/Sep/25 12:10 PM,"25/Sep/25 2:35 PM;maxyjulio18@gmail.com;Hola, tranquilo, las direcciones de Cardano suelen ser más largas que las de otras criptomonedas por el formato de la red. La dirección que te generamos es correcta y válida para recibir fondos.","25/Sep/25 2:55 PM;qm:96e3bf0d-beea-4cd2-bca9-568ee30412d2:0df99cfc-26bd-40c6-8e90-a343fc8c2ef8;ah bueno, tenia miedo de que estuviera mal. gracias"
quiero saber si tokenia soporta billeteras hardware como ledger,"tengo un ledger para guardar mis criptos de forma mas segura, puedo mandar fondos desde tokenia directo a mi ledger?",Low,Resolved,qm:96e3bf0d-beea-4cd2-bca9-568ee30412d2:e370d25e-5cfb-48c6-9833-7546b43b5f6f,maximilianojavierjulio@gmail.com,Tokenia Email,General request,Billetera y direcciones,8/Dec/25 10:50 AM,"8/Dec/25 1:15 PM;maximilianojavierjulio@gmail.com;Hola, sí, podés retirar tus criptomonedas de Tokenia a la dirección de tu Ledger sin problema, ya que funciona igual que cualquier billetera externa. Solo asegurate de usar la red correcta al generar la dirección en tu dispositivo.","8/Dec/25 1:40 PM;qm:96e3bf0d-beea-4cd2-bca9-568ee30412d2:e370d25e-5cfb-48c6-9833-7546b43b5f6f;perfecto, gracias por confirmarme"
no se si la direccion que tengo guardada de tokenia sigue activa,"tengo anotada una direccion de deposito de btc de tokenia de hace bastante, antes de mandarle plata a alguien quiero confirmar si sigue funcionando.",Low,Resolved,qm:96e3bf0d-beea-4cd2-bca9-568ee30412d2:1777a0ba-d198-44c3-908f-eb26c7d492f5,maxyjulio18@gmail.com,Tokenia App,Service Request,Billetera y direcciones,14/Feb/26 4:15 PM,"14/Feb/26 6:30 PM;maxyjulio18@gmail.com;Hola, las direcciones de depósito de Tokenia no vencen, así que si esa dirección la generó tu cuenta en algún momento, cualquier fondo enviado ahí se va a acreditar correctamente.","14/Feb/26 6:50 PM;qm:96e3bf0d-beea-4cd2-bca9-568ee30412d2:1777a0ba-d198-44c3-908f-eb26c7d492f5;perfecto, mas tranquilo entonces. gracias"
como me entero de las novedades y actualizaciones de tokenia,"me gustaria estar al tanto de nuevas funciones o cambios importantes en la plataforma, hay algun canal donde avisen eso?",Low,Resolved,qm:96e3bf0d-beea-4cd2-bca9-568ee30412d2:9b001302-64de-4529-89e2-79e3b221b797,maxi220julio@gmail.com,Tokenia Email,General request,Información y consultas generales,5/Aug/25 9:25 AM,"5/Aug/25 11:50 AM;maxi220julio@gmail.com;Hola, publicamos las novedades y actualizaciones importantes en nuestro blog y en las notas de la app en cada nueva versión. También enviamos avisos por correo para cambios relevantes que afecten tu cuenta.","5/Aug/25 12:10 PM;qm:96e3bf0d-beea-4cd2-bca9-568ee30412d2:9b001302-64de-4529-89e2-79e3b221b797;perfecto, voy a estar atento. gracias"
tokenia participa en algun evento o conferencia de criptomonedas,queria saber si tokenia suele estar presente en ferias o eventos del sector cripto en argentina.,Low,Resolved,qm:96e3bf0d-beea-4cd2-bca9-568ee30412d2:1777a0ba-d198-44c3-908f-eb26c7d492f5,maximilianojavierjulio@gmail.com,Tokenia Web,Service Request,Información y consultas generales,19/Oct/25 2:40 PM,"19/Oct/25 5:00 PM;maximilianojavierjulio@gmail.com;Hola, participamos ocasionalmente en eventos del sector, aunque no de forma regular. Cualquier presencia en ferias o conferencias la anunciamos con anticipación en nuestras redes sociales oficiales.","19/Oct/25 5:20 PM;qm:96e3bf0d-beea-4cd2-bca9-568ee30412d2:1777a0ba-d198-44c3-908f-eb26c7d492f5;genial, voy a seguir las redes entonces"
necesito saber si tokenia tiene alguna alianza con exchanges internacionales,"para entender mejor la liquidez de la plataforma, queria saber si tokenia trabaja con algun exchange internacional grande.",Low,Resolved,qm:96e3bf0d-beea-4cd2-bca9-568ee30412d2:e1ec8af6-b713-442c-a841-58d7d71b1c58,maxyjulio18@gmail.com,Tokenia Email,General request,Información y consultas generales,11/Mar/26 10:05 AM,"11/Mar/26 12:30 PM;maxyjulio18@gmail.com;Hola, por políticas internas no compartimos el detalle de nuestros acuerdos de liquidez con otros exchanges. Lo que sí podemos confirmarte es que trabajamos para garantizar buena liquidez en los pares más operados de la plataforma.","11/Mar/26 12:50 PM;qm:96e3bf0d-beea-4cd2-bca9-568ee30412d2:e1ec8af6-b713-442c-a841-58d7d71b1c58;entendido, gracias por la respuesta"
como se si estoy hablando con un agente real y no un bot automatico,"cuando escribo un ticket, quiero saber si me responde una persona real o es todo automatico.",Low,Resolved,qm:96e3bf0d-beea-4cd2-bca9-568ee30412d2:dac60d3e-f27a-4686-80f6-92944511c469,maximilianojavierjulio@gmail.com,Tokenia App,Service Request,Información y consultas generales,28/Jun/25 3:15 PM,"28/Jun/25 5:40 PM;maximilianojavierjulio@gmail.com;Hola, soy un agente real del equipo de soporte de Tokenia. Algunas respuestas iniciales pueden ser automáticas para consultas frecuentes, pero cualquier caso que requiera análisis lo maneja una persona del equipo.","28/Jun/25 6:00 PM;qm:96e3bf0d-beea-4cd2-bca9-568ee30412d2:dac60d3e-f27a-4686-80f6-92944511c469;buenisimo, gracias por la aclaracion"
puedo sugerir una mejora para la aplicacion,"tengo una idea que creo que mejoraria la app, hay algun lugar donde pueda mandar sugerencias de funciones nuevas?",Low,Resolved,qm:96e3bf0d-beea-4cd2-bca9-568ee30412d2:fc0d1ff2-2855-492b-96b5-6013d0097f09,maxi220julio@gmail.com,Tokenia Email,General request,Información y consultas generales,16/Sep/25 11:30 AM,"16/Sep/25 2:00 PM;maxi220julio@gmail.com;Hola, nos encantaría escuchar tu idea. Podés enviarnos tu sugerencia directamente a este correo o desde la sección Ayuda > Sugerencias dentro de la app. Todas las propuestas se revisan por el equipo de producto.","16/Sep/25 2:20 PM;qm:96e3bf0d-beea-4cd2-bca9-568ee30412d2:fc0d1ff2-2855-492b-96b5-6013d0097f09;genial, te la mando ahora mismo. gracias"
hay comision minima fija ademas del porcentaje,"entiendo que la comision es 1% del monto, pero hay algun minimo fijo en pesos aunque la operacion sea muy chica?",Low,Resolved,qm:96e3bf0d-beea-4cd2-bca9-568ee30412d2:e34f737c-f7d6-4402-906c-c89d3851033f,maxyjulio18@gmail.com,Tokenia Web,Service Request,Tarifas y comisiones,23/Jul/25 1:20 PM,"23/Jul/25 3:45 PM;maxyjulio18@gmail.com;Hola, no aplicamos un mínimo fijo, la comisión siempre es el 1% del monto de la operación, sin importar si es un monto grande o chico.","23/Jul/25 4:05 PM;qm:96e3bf0d-beea-4cd2-bca9-568ee30412d2:e34f737c-f7d6-4402-906c-c89d3851033f;perfecto, gracias por confirmar"
las comisiones cambiaron respecto a hace unos meses,"me parece que antes la comision era menor al 1% que tienen ahora, cambiaron las tarifas en algun momento?",Medium,Resolved,qm:96e3bf0d-beea-4cd2-bca9-568ee30412d2:d2644145-7b97-47e1-82a6-cfb0dcd7ac06,maximilianojavierjulio@gmail.com,Tokenia Email,General request,Tarifas y comisiones,30/Dec/25 9:50 AM,"30/Dec/25 12:15 PM;maximilianojavierjulio@gmail.com;Hola, la comisión estándar de Tokenia se mantiene en el 1% desde hace tiempo. Si notaste una diferencia, puede haber sido por el spread de mercado del momento, que varía y no es parte de nuestra comisión fija.","30/Dec/25 12:35 PM;qm:96e3bf0d-beea-4cd2-bca9-568ee30412d2:d2644145-7b97-47e1-82a6-cfb0dcd7ac06;ah puede haber sido eso entonces, gracias"
puedo ver el total de comisiones que pague en el año,para mi declaracion de impuestos necesito saber cuanto pague en total de comisiones a tokenia durante el año.,Medium,Resolved,qm:96e3bf0d-beea-4cd2-bca9-568ee30412d2:af30ed9d-7e74-4e4e-8304-5e91abcd1392,maxyjulio18@gmail.com,Tokenia App,Service Request,Tarifas y comisiones,9/Apr/26 2:30 PM,"9/Apr/26 4:50 PM;maxyjulio18@gmail.com;Hola, podés obtener el detalle de las comisiones pagadas durante el año descargando el resumen anual desde Perfil > Actividad > Exportar historial, filtrando por el período que necesites.","9/Apr/26 5:10 PM;qm:96e3bf0d-beea-4cd2-bca9-568ee30412d2:af30ed9d-7e74-4e4e-8304-5e91abcd1392;perfecto, ya lo descargue. gracias"
hay descuento en la comision los primeros meses de la cuenta,"recien me hice la cuenta, hay alguna promocion de comision reducida para nuevos usuarios?",Low,Resolved,qm:96e3bf0d-beea-4cd2-bca9-568ee30412d2:1979be20-22df-4ea9-a264-020aef7b27f7,maximilianojavierjulio@gmail.com,Tokenia Email,General request,Tarifas y comisiones,17/May/25 12:00 PM,"17/May/25 2:25 PM;maximilianojavierjulio@gmail.com;Hola, por el momento no contamos con promociones de comisión reducida para cuentas nuevas. La comisión del 1% aplica desde el primer día para todos los usuarios por igual.","17/May/25 2:45 PM;qm:96e3bf0d-beea-4cd2-bca9-568ee30412d2:1979be20-22df-4ea9-a264-020aef7b27f7;entendido, gracias por la info"
la app se traba al intentar escanear un codigo qr,quiero escanear el qr de una direccion para enviar cripto pero la camara de la app se congela y no lee nada.,Medium,Resolved,qm:96e3bf0d-beea-4cd2-bca9-568ee30412d2:9700668d-bb18-4ce6-a136-d0d4eac1741d,maxi220julio@gmail.com,Tokenia App,Service Request,Problemas técnicos de la app/web,21/Aug/25 4:20 PM,"21/Aug/25 6:00 PM;maxi220julio@gmail.com;Hola, gracias por avisarnos. Te recomendamos verificar que la app tenga permiso de cámara habilitado en la configuración de tu celular, y probar cerrando y reabriendo la app antes de escanear.","21/Aug/25 6:20 PM;qm:96e3bf0d-beea-4cd2-bca9-568ee30412d2:9700668d-bb18-4ce6-a136-d0d4eac1741d;reiniciando la app se soluciono, gracias"
"no me carga el historial completo de transacciones, solo las ultimas","en la seccion actividad solo me aparecen las ultimas operaciones, no puedo ver las de hace varios meses atras.",Low,Resolved,qm:96e3bf0d-beea-4cd2-bca9-568ee30412d2:e34f737c-f7d6-4402-906c-c89d3851033f,maxyjulio18@gmail.com,Tokenia Web,Service Request,Problemas técnicos de la app/web,3/Dec/25 1:10 PM,"3/Dec/25 3:30 PM;maxyjulio18@gmail.com;Hola, la lista se carga por defecto con las operaciones más recientes, pero podés desplazarte hacia abajo para que siga cargando el historial más antiguo, o usar el filtro de fechas para buscar un rango específico.","3/Dec/25 3:50 PM;qm:96e3bf0d-beea-4cd2-bca9-568ee30412d2:e34f737c-f7d6-4402-906c-c89d3851033f;con el filtro de fechas encontre lo que buscaba, gracias"
la app me pide permisos que no entiendo para que son,"al instalar tokenia me pide acceso a contactos y ubicacion, para que necesita eso una app de criptomonedas?",Low,Resolved,qm:96e3bf0d-beea-4cd2-bca9-568ee30412d2:af30ed9d-7e74-4e4e-8304-5e91abcd1392,maximilianojavierjulio@gmail.com,Tokenia Email,General request,Problemas técnicos de la app/web,12/Feb/26 10:15 AM,"12/Feb/26 12:40 PM;maximilianojavierjulio@gmail.com;Hola, el permiso de contactos es opcional y solo se usa si querés enviar cripto a alguien buscando su usuario en tu agenda, y el de ubicación es para mejorar la seguridad al detectar accesos desde ubicaciones inusuales. Ninguno es obligatorio para usar la app.","12/Feb/26 1:00 PM;qm:96e3bf0d-beea-4cd2-bca9-568ee30412d2:af30ed9d-7e74-4e4e-8304-5e91abcd1392;ah ok, ahora entiendo. gracias por explicarme"
el widget de precio en la pantalla de inicio del celular no se actualiza,tengo el widget de tokenia en la pantalla de inicio del celu para ver el precio de btc pero se quedo pegado en un valor viejo.,Low,Resolved,qm:96e3bf0d-beea-4cd2-bca9-568ee30412d2:d0de7e09-4c5e-463c-9d38-74616182f078,maxyjulio18@gmail.com,Tokenia App,Service Request,Problemas técnicos de la app/web,26/Sep/25 5:40 PM,"26/Sep/25 7:10 PM;maxyjulio18@gmail.com;Hola, te recomendamos eliminar el widget de la pantalla de inicio y volver a agregarlo. A veces se desincroniza si el celular estuvo mucho tiempo sin conexión.","26/Sep/25 7:30 PM;qm:96e3bf0d-beea-4cd2-bca9-568ee30412d2:d0de7e09-4c5e-463c-9d38-74616182f078;lo saque y lo puse de nuevo, ya anda. gracias"
los limites se calculan en pesos o en dolares,"cuando dicen que el limite de retiro es de cierto monto, ese monto es en pesos argentinos o en dolares?",Low,Resolved,qm:96e3bf0d-beea-4cd2-bca9-568ee30412d2:2d6d7e33-c1c9-48e1-b5bc-7f83ed940fbd,maximilianojavierjulio@gmail.com,Tokenia Email,General request,Límites y restricciones,7/Jul/25 9:40 AM,"7/Jul/25 12:05 PM;maximilianojavierjulio@gmail.com;Hola, los límites que ves en pesos aplican específicamente a operaciones en ARS. Para retiros de criptomonedas, el límite se calcula en base al equivalente en dólares del monto de cripto retirado.","7/Jul/25 12:25 PM;qm:96e3bf0d-beea-4cd2-bca9-568ee30412d2:2d6d7e33-c1c9-48e1-b5bc-7f83ed940fbd;entendido, gracias por aclarar"
mi limite se restablecio antes de lo esperado,tenia entendido que mi limite diario se resetea a la medianoche pero note que ya se renovo mas temprano. a que hora es exactamente?,Low,Resolved,qm:96e3bf0d-beea-4cd2-bca9-568ee30412d2:38db461d-acf4-4174-9229-abec66530d80,maxyjulio18@gmail.com,Tokenia App,Service Request,Límites y restricciones,14/Oct/25 8:00 AM,"14/Oct/25 10:20 AM;maxyjulio18@gmail.com;Hola, el límite diario se restablece a las 00:00 horario de Argentina. Si notaste una renovación antes, puede haber sido un error de visualización temporal en la app, aunque el cálculo real siempre respeta ese horario.","14/Oct/25 10:40 AM;qm:96e3bf0d-beea-4cd2-bca9-568ee30412d2:38db461d-acf4-4174-9229-abec66530d80;entendido, gracias por confirmar"
quiero saber si los limites aplican por cuenta o por persona,"si en el futuro tengo otra cuenta de tokenia a mi nombre por algun motivo, los limites se comparten entre las dos o son independientes?",Low,Resolved,qm:96e3bf0d-beea-4cd2-bca9-568ee30412d2:0df99cfc-26bd-40c6-8e90-a343fc8c2ef8,maximilianojavierjulio@gmail.com,Tokenia Email,General request,Límites y restricciones,20/Mar/26 3:15 PM,"20/Mar/26 5:40 PM;maximilianojavierjulio@gmail.com;Hola, como te comentamos antes, no está permitido tener más de una cuenta con el mismo DNI, así que este escenario no aplicaría. Los límites siempre corresponden a una única cuenta por persona.","20/Mar/26 6:00 PM;qm:96e3bf0d-beea-4cd2-bca9-568ee30412d2:0df99cfc-26bd-40c6-8e90-a343fc8c2ef8;ah cierto, ya me habian dicho eso. gracias"
me restringieron el retiro por un dia entero sin explicacion,"quise retirar plata y me aparecio bloqueado por 24 horas, sin decir el motivo. es normal ese tipo de bloqueo?",Medium,Resolved,qm:96e3bf0d-beea-4cd2-bca9-568ee30412d2:9700668d-bb18-4ce6-a136-d0d4eac1741d,maxyjulio18@gmail.com,Tokenia Web,Service Request,Límites y restricciones,5/Nov/25 12:50 PM,"5/Nov/25 3:15 PM;maxyjulio18@gmail.com;Hola, ese tipo de bloqueo temporal de 24 horas suele activarse automáticamente tras un cambio reciente de contraseña o dispositivo, como medida de seguridad adicional. Pasado ese plazo, el retiro se habilita normalmente.","5/Nov/25 3:35 PM;qm:96e3bf0d-beea-4cd2-bca9-568ee30412d2:9700668d-bb18-4ce6-a136-d0d4eac1741d;tiene sentido, habia cambiado la clave hace poco. gracias"
mi apellido tiene un caracter especial y el sistema no lo acepta,mi apellido tiene una eñe y cuando cargo mis datos para el kyc el sistema me la rechaza o la cambia por una n comun.,Medium,Resolved,qm:96e3bf0d-beea-4cd2-bca9-568ee30412d2:11bcee9e-5c21-4a2b-9982-9c4869410e51,maximilianojavierjulio@gmail.com,Tokenia Email,General request,Verificación de identidad,18/Jun/25 11:20 AM,"18/Jun/25 2:00 PM;maximilianojavierjulio@gmail.com;Hola, gracias por reportarlo, es un error conocido que ya derivamos a nuestro equipo técnico para corregirlo. Mientras tanto, podés cargar tu apellido con doble ene (nn) como excepción temporal, y luego lo corregimos manualmente en nuestro sistema.","18/Jun/25 2:25 PM;qm:96e3bf0d-beea-4cd2-bca9-568ee30412d2:11bcee9e-5c21-4a2b-9982-9c4869410e51;gracias, asi lo hago mientras tanto"
cuanto dura vigente mi verificacion antes de tener que repetirla,"una vez que aprueban el kyc, hay que volver a hacerlo cada tanto o queda para siempre?",Low,Resolved,qm:96e3bf0d-beea-4cd2-bca9-568ee30412d2:743e4c73-9f65-4707-867d-362ed5c61c85,maxyjulio18@gmail.com,Tokenia App,Service Request,Verificación de identidad,9/Sep/25 9:40 AM,"9/Sep/25 11:55 AM;maxyjulio18@gmail.com;Hola, tu verificación queda vigente mientras tus documentos no venzan. Si tu DNI vence, vamos a pedirte que actualices la documentación para mantener tu cuenta habilitada sin restricciones.","9/Sep/25 12:15 PM;qm:96e3bf0d-beea-4cd2-bca9-568ee30412d2:743e4c73-9f65-4707-867d-362ed5c61c85;entendido, gracias por la info"
me piden verificar mi identidad de nuevo aunque ya lo habia hecho,tenia el kyc aprobado hace meses y ahora me aparece que tengo que volver a verificarme. no entiendo por que si nada cambio de mi lado.,Medium,Escalated,qm:96e3bf0d-beea-4cd2-bca9-568ee30412d2:b930251b-8e9d-4251-b2fe-30e4c9544346,maximilianojavierjulio@gmail.com,Tokenia Web,Service Request,Verificación de identidad,27/Jan/26 4:00 PM,"27/Jan/26 6:20 PM;maximilianojavierjulio@gmail.com;Hola, en ocasiones pedimos una revalidación periódica de identidad por cumplimiento normativo, incluso sin cambios de tu parte. Vamos a derivar tu caso para confirmar si corresponde una excepción en tu situación particular.",
puedo verificar mi identidad estando fuera del pais temporalmente,"estoy de viaje fuera de argentina por unas semanas, puedo hacer el proceso de kyc desde el exterior sin problema?",Low,Resolved,qm:96e3bf0d-beea-4cd2-bca9-568ee30412d2:d2644145-7b97-47e1-82a6-cfb0dcd7ac06,maxyjulio18@gmail.com,Tokenia Email,General request,Verificación de identidad,2/May/25 1:50 PM,"2/May/25 4:15 PM;maxyjulio18@gmail.com;Hola, sí, el proceso de verificación se realiza completamente online, así que podés hacerlo desde cualquier lugar donde tengas conexión a internet, sin necesidad de estar físicamente en Argentina.","2/May/25 4:35 PM;qm:96e3bf0d-beea-4cd2-bca9-568ee30412d2:d2644145-7b97-47e1-82a6-cfb0dcd7ac06;perfecto, lo hago desde aca entonces. gracias"
puedo ver un mapa o listado de todas mis direcciones activas por cripto,"tengo direcciones distintas para btc, eth y usdt, hay una pantalla donde vea todas juntas de una sola vez?",Low,Resolved,qm:96e3bf0d-beea-4cd2-bca9-568ee30412d2:6829bfc5-d867-4e24-aeac-e948f6fe1b23,maxi220julio@gmail.com,Tokenia App,Service Request,Billetera y direcciones,11/Jun/25 1:00 PM,"11/Jun/25 3:20 PM;maxi220julio@gmail.com;Hola, sí, desde la sección Billetera > Recibir vas a ver el listado completo de todas tus criptomonedas con la opción de generar o ver la dirección activa de cada una.","11/Jun/25 3:40 PM;qm:96e3bf0d-beea-4cd2-bca9-568ee30412d2:6829bfc5-d867-4e24-aeac-e948f6fe1b23;genial, ya las encontre todas. gracias"
mi saldo de dogecoin desaparecio de la billetera,"tenia 500 doge en mi cuenta y de un dia para el otro no aparecen mas, no hice ningun retiro ni venta.",Highest,Escalated,qm:96e3bf0d-beea-4cd2-bca9-568ee30412d2:2cc33309-869f-4207-ba0a-d00e2c5d79b9,maximilianojavierjulio@gmail.com,Tokenia App,Service Request,Billetera y direcciones,3/Oct/25 8:10 AM,"3/Oct/25 9:40 AM;maximilianojavierjulio@gmail.com;Hola, lamentamos la situación. Vamos a escalar tu caso de inmediato al equipo técnico para revisar el historial completo de movimientos de tu cuenta y determinar qué ocurrió con ese saldo. Te contactamos apenas tengamos una respuesta.",
la direccion de bnb que me dieron no es compatible con mi billetera externa,"quiero mandar bnb desde tokenia a trust wallet pero la direccion que me generaron no me la acepta la otra app, dice que es invalida.",Medium,Resolved,qm:96e3bf0d-beea-4cd2-bca9-568ee30412d2:3d798707-4bb8-413e-a607-86b6366d584d,maxyjulio18@gmail.com,Tokenia Web,Service Request,Billetera y direcciones,20/Nov/25 2:35 PM,"20/Nov/25 4:50 PM;maxyjulio18@gmail.com;Hola, revisá que en Trust Wallet estés usando la red BEP-20 para recibir BNB, ya que la dirección que generamos corresponde a esa red específica. Si seleccionaste otra red, la dirección puede aparecer como inválida.","20/Nov/25 5:10 PM;qm:96e3bf0d-beea-4cd2-bca9-568ee30412d2:3d798707-4bb8-413e-a607-86b6366d584d;tenia mal la red seleccionada, ya funciono. gracias"
puedo renombrar mis direcciones guardadas para identificarlas mejor,"tengo varias direcciones de retiro guardadas y me gustaria poder ponerles un nombre, como 'mi ledger' o 'wallet de trabajo', para no confundirme.",Low,Resolved,qm:96e3bf0d-beea-4cd2-bca9-568ee30412d2:de0d6cf7-b049-41d4-8412-41e6f9a97992,maximilianojavierjulio@gmail.com,Tokenia Email,General request,Billetera y direcciones,6/Aug/25 10:20 AM,"6/Aug/25 1:00 PM;maximilianojavierjulio@gmail.com;Hola, sí, en la sección de direcciones guardadas para retiro podés tocar el ícono de editar junto a cada una y ponerle un nombre personalizado para identificarla más fácil.","6/Aug/25 1:20 PM;qm:96e3bf0d-beea-4cd2-bca9-568ee30412d2:de0d6cf7-b049-41d4-8412-41e6f9a97992;perfecto, ya les puse nombre a todas. gracias"
quiero saber si hay riesgo de perder mis criptos si tokenia cierra,es una pregunta un poco delicada pero quiero saber que pasaria con mis fondos si tokenia dejara de operar por algun motivo.,Medium,Resolved,qm:96e3bf0d-beea-4cd2-bca9-568ee30412d2:2d6d7e33-c1c9-48e1-b5bc-7f83ed940fbd,maxyjulio18@gmail.com,Tokenia Email,General request,Billetera y direcciones,15/Jan/26 3:45 PM,"15/Jan/26 6:10 PM;maxyjulio18@gmail.com;Hola, entendemos la preocupación. Ante un escenario así, existen procesos regulatorios y de protocolo para garantizar que los usuarios puedan retirar sus fondos. Te recomendamos revisar los términos y condiciones para el detalle completo sobre este tipo de situaciones.","15/Jan/26 6:30 PM;qm:96e3bf0d-beea-4cd2-bca9-568ee30412d2:2d6d7e33-c1c9-48e1-b5bc-7f83ed940fbd;entendido, voy a revisarlo. gracias"
mi cuenta quedo restringida despues de un intento de retiro fallido,"intente retirar y me salio un error, y despues de eso quedo bloqueada la opcion de retiro por completo. tiene relacion?",Medium,Resolved,qm:96e3bf0d-beea-4cd2-bca9-568ee30412d2:2cc33309-869f-4207-ba0a-d00e2c5d79b9,maximilianojavierjulio@gmail.com,Tokenia App,Service Request,Límites y restricciones,9/Jun/25 2:15 PM,"9/Jun/25 4:40 PM;maximilianojavierjulio@gmail.com;Hola, es posible que varios intentos fallidos de retiro activen una restricción temporal de seguridad. Revisamos tu cuenta y ya levantamos el bloqueo, deberías poder retirar con normalidad ahora.","9/Jun/25 5:00 PM;qm:96e3bf0d-beea-4cd2-bca9-568ee30412d2:2cc33309-869f-4207-ba0a-d00e2c5d79b9;ya puedo retirar de nuevo, gracias"
los limites de tokenia son iguales para todos los paises donde operan,"vi que tokenia opera en varios paises, los limites de retiro y compra son los mismos en todos lados o cambian segun el pais?",Low,Resolved,qm:96e3bf0d-beea-4cd2-bca9-568ee30412d2:9700668d-bb18-4ce6-a136-d0d4eac1741d,maxyjulio18@gmail.com,Tokenia Web,Service Request,Límites y restricciones,24/Sep/25 11:00 AM,"24/Sep/25 1:25 PM;maxyjulio18@gmail.com;Hola, los límites pueden variar según el país por las regulaciones locales de cada mercado. En Argentina los límites están definidos según el nivel de verificación, que puede diferir de los aplicados en Brasil, Uruguay o Estados Unidos.","24/Sep/25 1:45 PM;qm:96e3bf0d-beea-4cd2-bca9-568ee30412d2:9700668d-bb18-4ce6-a136-d0d4eac1741d;entendido, gracias por la aclaracion"
puedo consultar el motivo especifico de una restriccion en mi cuenta,"mi cuenta tiene una restriccion activa pero no me explican bien el motivo exacto, solo dice 'revision de seguridad'. puedo pedir mas detalle?",Medium,Escalated,qm:96e3bf0d-beea-4cd2-bca9-568ee30412d2:1979be20-22df-4ea9-a264-020aef7b27f7,maxi220julio@gmail.com,Tokenia Email,General request,Límites y restricciones,12/Nov/25 9:20 AM,"12/Nov/25 11:45 AM;maxi220julio@gmail.com;Hola, entendemos que la información genérica puede generar dudas. Vamos a derivar tu consulta al equipo de cumplimiento para que te brinden el detalle específico de tu caso dentro de lo que la normativa nos permite compartir.",
los limites bajan si opero con montos muy chicos seguido,"hago muchas operaciones chiquitas por dia, eso puede hacer que baje mi limite o afecta de alguna forma negativa a mi cuenta?",Low,Resolved,qm:96e3bf0d-beea-4cd2-bca9-568ee30412d2:e34f737c-f7d6-4402-906c-c89d3851033f,maximilianojavierjulio@gmail.com,Tokenia App,Service Request,Límites y restricciones,5/Feb/26 4:00 PM,"5/Feb/26 6:25 PM;maximilianojavierjulio@gmail.com;Hola, la cantidad de operaciones no afecta tus límites de manera negativa. Los límites se calculan únicamente en base al monto total operado y tu nivel de verificación, no a la frecuencia de las operaciones.","5/Feb/26 6:45 PM;qm:96e3bf0d-beea-4cd2-bca9-568ee30412d2:e34f737c-f7d6-4402-906c-c89d3851033f;que alivio, gracias por confirmar"
quiero saber si hay restricciones especiales para cuentas empresariales,"abri una cuenta empresarial hace poco, los limites y restricciones son distintos a los de una cuenta personal?",Medium,Resolved,qm:96e3bf0d-beea-4cd2-bca9-568ee30412d2:d0de7e09-4c5e-463c-9d38-74616182f078,maxyjulio18@gmail.com,Tokenia Email,General request,Límites y restricciones,28/Apr/25 10:40 AM,"28/Apr/25 1:05 PM;maxyjulio18@gmail.com;Hola, las cuentas empresariales suelen tener límites más altos que las personales, adaptados al volumen de operación esperado, pero también pasan por un proceso de verificación más exhaustivo y revisiones periódicas adicionales.","28/Abr/25 1:25 PM;qm:96e3bf0d-beea-4cd2-bca9-568ee30412d2:d0de7e09-4c5e-463c-9d38-74616182f078;entendido, gracias por la info"
puedo revertir una venta de cripto a pesos si me arrepiento en el momento,"vendi eth a pesos hace 2 minutos y me arrepenti al toque, hay alguna ventana de tiempo para deshacer la operacion?",Medium,Resolved,qm:96e3bf0d-beea-4cd2-bca9-568ee30412d2:100cf02a-d965-49dc-a96c-a17602637b44,maximilianojavierjulio@gmail.com,Tokenia App,Service Request,Operaciones de compra/venta fiat,16/Jul/25 3:30 PM,"16/Jul/25 5:00 PM;maximilianojavierjulio@gmail.com;Hola, lamentablemente una vez confirmada la operación de venta, no existe una ventana de tiempo para revertirla. Si querés volver a tener ETH, tendrías que hacer una nueva compra al precio de mercado actual.","16/Jul/25 5:20 PM;qm:96e3bf0d-beea-4cd2-bca9-568ee30412d2:100cf02a-d965-49dc-a96c-a17602637b44;entendido, ya se, para la proxima confirmo mas despacio"
el saldo en pesos que tengo genera algun interes,"tengo bastante plata en pesos parada en tokenia sin operar, eso genera algun tipo de interes o rendimiento mientras esta ahi?",Low,Resolved,qm:96e3bf0d-beea-4cd2-bca9-568ee30412d2:1777a0ba-d198-44c3-908f-eb26c7d492f5,maxyjulio18@gmail.com,Tokenia Web,Service Request,Operaciones de compra/venta fiat,2/Dec/25 1:15 PM,"2/Dec/25 3:40 PM;maxyjulio18@gmail.com;Hola, por el momento el saldo en pesos que mantenés en tu cuenta no genera ningún tipo de interés o rendimiento. Es simplemente saldo disponible para operar o retirar.","2/Dec/25 4:00 PM;qm:96e3bf0d-beea-4cd2-bca9-568ee30412d2:1777a0ba-d198-44c3-908f-eb26c7d492f5;entendido, gracias por confirmar"
hice un deposito en pesos y me acreditaron en dolares por error,transferi pesos argentinos a tokenia pero en mi cuenta me aparecio el saldo convertido a dolares en vez de quedar en ars. no entiendo que paso.,High,Escalated,qm:96e3bf0d-beea-4cd2-bca9-568ee30412d2:e370d25e-5cfb-48c6-9833-7546b43b5f6f,maxi220julio@gmail.com,Tokenia Web,Service Request,Operaciones de compra/venta fiat,9/Oct/25 11:50 AM,"9/Oct/25 2:15 PM;maxi220julio@gmail.com;Hola, esto no debería suceder con una transferencia en pesos. Vamos a revisar el detalle de tu depósito con el equipo de operaciones para entender qué generó esa conversión incorrecta y corregirlo cuanto antes.",
puedo hacer un deposito parcial y completar el resto despues,"quiero cargar 100000 pesos pero solo tengo 60000 disponibles ahora, puedo hacer la transferencia por partes en distintos momentos?",Low,Resolved,qm:96e3bf0d-beea-4cd2-bca9-568ee30412d2:9b001302-64de-4529-89e2-79e3b221b797,maximilianojavierjulio@gmail.com,Tokenia Email,General request,Operaciones de compra/venta fiat,23/May/25 9:10 AM,"23/May/25 11:35 AM;maximilianojavierjulio@gmail.com;Hola, sí, podés hacer las transferencias en el momento que quieras, cada una se va acreditando por separado a medida que las recibimos, sin necesidad de que sea un único depósito.","23/May/25 11:55 AM;qm:96e3bf0d-beea-4cd2-bca9-568ee30412d2:9b001302-64de-4529-89e2-79e3b221b797;perfecto, gracias"
el limite de deposito diario en pesos es distinto al de retiro,"queria confirmar si el tope diario para cargar pesos es el mismo que el tope para retirarlos, o son numeros distintos.",Low,Resolved,qm:96e3bf0d-beea-4cd2-bca9-568ee30412d2:fc0d1ff2-2855-492b-96b5-6013d0097f09,maxyjulio18@gmail.com,Tokenia App,Service Request,Operaciones de compra/venta fiat,17/Feb/26 2:20 PM,"17/Feb/26 4:45 PM;maxyjulio18@gmail.com;Hola, sí, son límites independientes. El monto máximo para depositar pesos por día no necesariamente coincide con el límite de retiro, cada uno se calcula por separado según tu nivel de verificación.","17/Feb/26 5:05 PM;qm:96e3bf0d-beea-4cd2-bca9-568ee30412d2:fc0d1ff2-2855-492b-96b5-6013d0097f09;entendido, gracias por aclarar"
la app consume muchos datos moviles aunque solo la abro para mirar precios,"note que tokenia gasta bastante de mi plan de datos aunque solo entro a chusmear los precios, sin operar nada.",Low,Resolved,qm:96e3bf0d-beea-4cd2-bca9-568ee30412d2:11bcee9e-5c21-4a2b-9982-9c4869410e51,maximilianojavierjulio@gmail.com,Tokenia App,Service Request,Problemas técnicos de la app/web,6/Sep/25 6:30 PM,"6/Sep/25 8:50 PM;maximilianojavierjulio@gmail.com;Hola, la app actualiza los precios en tiempo real, lo que puede consumir datos si la dejás abierta mucho tiempo. Podés reducir el consumo cerrando la app cuando no la estés usando activamente.","6/Sep/25 9:10 PM;qm:96e3bf0d-beea-4cd2-bca9-568ee30412d2:11bcee9e-5c21-4a2b-9982-9c4869410e51;entendido, voy a cerrarla cuando no la use. gracias"
no puedo compartir un comprobante de operacion por whatsapp desde la app,"quiero mandarle un comprobante de una compra a un familiar por whatsapp pero el boton de compartir no me da esa opcion, solo email.",Low,Resolved,qm:96e3bf0d-beea-4cd2-bca9-568ee30412d2:1979be20-22df-4ea9-a264-020aef7b27f7,maxyjulio18@gmail.com,Tokenia Web,Service Request,Problemas técnicos de la app/web,14/Dec/25 12:40 PM,"14/Dec/25 3:00 PM;maxyjulio18@gmail.com;Hola, gracias por avisarnos. Por el momento la opción de compartir está limitada a correo, pero vamos a tomar en cuenta tu comentario para evaluar agregar más opciones de compartir en el futuro.","14/Dec/25 3:20 PM;qm:96e3bf0d-beea-4cd2-bca9-568ee30412d2:1979be20-22df-4ea9-a264-020aef7b27f7;entendido, gracias por escuchar la sugerencia"
la app se cierra al intentar cambiar la moneda de referencia del perfil,"quise cambiar la moneda en la que veo mis saldos, de pesos a dolares, y la app se cierra sola justo en ese paso.",Medium,Resolved,qm:96e3bf0d-beea-4cd2-bca9-568ee30412d2:d0de7e09-4c5e-463c-9d38-74616182f078,maximilianojavierjulio@gmail.com,Tokenia App,Service Request,Problemas técnicos de la app/web,1/Mar/26 5:15 PM,"1/Mar/26 7:40 PM;maximilianojavierjulio@gmail.com;Hola, gracias por reportarlo, es un error puntual en la sección de configuración de moneda que ya derivamos a nuestro equipo técnico. Mientras se resuelve, podés cambiar esa opción desde la versión web sin inconvenientes.","1/Mar/26 8:00 PM;qm:96e3bf0d-beea-4cd2-bca9-568ee30412d2:d0de7e09-4c5e-463c-9d38-74616182f078;desde la web si pude cambiarlo, gracias"
el teclado numerico de la app no aparece al ingresar montos,"cuando quiero poner un monto para comprar, el teclado numerico no se abre automatico, tengo que tocar varias veces para que aparezca.",Low,Resolved,qm:96e3bf0d-beea-4cd2-bca9-568ee30412d2:2cc33309-869f-4207-ba0a-d00e2c5d79b9,maxyjulio18@gmail.com,Tokenia App,Service Request,Problemas técnicos de la app/web,19/Jul/25 4:50 PM,"19/Jul/25 7:15 PM;maxyjulio18@gmail.com;Hola, gracias por avisarnos, es un comportamiento inusual que ya reportamos a nuestro equipo técnico para revisar. Mientras se corrige, probá reiniciando la app antes de ingresar montos, eso suele solucionarlo temporalmente.","19/Jul/25 7:35 PM;qm:96e3bf0d-beea-4cd2-bca9-568ee30412d2:2cc33309-869f-4207-ba0a-d00e2c5d79b9;reiniciando la app funciono bien, gracias"
"la version de la app para tablet se ve mal, todo desproporcionado","instale tokenia en mi tablet y los botones y textos se ven todos desproporcionados, como si fuera una version de celular estirada.",Low,Resolved,qm:96e3bf0d-beea-4cd2-bca9-568ee30412d2:af30ed9d-7e74-4e4e-8304-5e91abcd1392,maximilianojavierjulio@gmail.com,Tokenia App,Service Request,Problemas técnicos de la app/web,8/Jan/26 2:10 PM,"8/Jan/26 4:35 PM;maximilianojavierjulio@gmail.com;Hola, gracias por el reporte, actualmente la app no tiene un diseño optimizado específicamente para tablets. Mientras tanto, te recomendamos usar la versión web desde el navegador de la tablet, que se adapta mejor a pantallas más grandes.","8/Jan/26 4:55 PM;qm:96e3bf0d-beea-4cd2-bca9-568ee30412d2:af30ed9d-7e74-4e4e-8304-5e91abcd1392;con la web se ve mucho mejor, gracias"
recibi un correo de restablecimiento de clave que yo no pedi,"me llego un mail para cambiar mi contraseña pero yo no toque nada, no pedi restablecerla. debo preocuparme?",High,Resolved,qm:96e3bf0d-beea-4cd2-bca9-568ee30412d2:e34f737c-f7d6-4402-906c-c89d3851033f,maxyjulio18@gmail.com,Tokenia Email,General request,Seguridad de la cuenta,13/Aug/25 5:00 PM,"13/Aug/25 6:50 PM;maxyjulio18@gmail.com;Hola, hacés bien en consultarnos. Si no solicitaste ese cambio, no hagas clic en el enlace del mail. Revisamos tu cuenta y no detectamos que se haya completado ningún cambio de contraseña, así que tu cuenta está segura por ahora.","13/Aug/25 7:10 PM;qm:96e3bf0d-beea-4cd2-bca9-568ee30412d2:e34f737c-f7d6-4402-906c-c89d3851033f;que alivio, gracias por revisar"
quiero saber que hacer si sospecho que mi celular tiene un virus,"me parece que mi celular puede tener algun malware, y tengo tokenia instalado ahi. que deberia hacer para proteger mi cuenta?",High,Escalated,qm:96e3bf0d-beea-4cd2-bca9-568ee30412d2:100cf02a-d965-49dc-a96c-a17602637b44,maximilianojavierjulio@gmail.com,Tokenia App,Service Request,Seguridad de la cuenta,26/Oct/25 9:00 AM,"26/Oct/25 11:20 AM;maximilianojavierjulio@gmail.com;Hola, te recomendamos cambiar tu contraseña de Tokenia desde otro dispositivo seguro y activar el 2FA si no lo tenés. Vamos a derivar tu caso para hacer un seguimiento adicional de tu cuenta mientras resolvés el tema del malware en tu celular.",
puedo bloquear yo mismo mi cuenta de forma preventiva,"voy a estar de viaje sin mucho control sobre mi celular, quiero poder bloquear mi propia cuenta temporalmente por las dudas. se puede?",Low,Resolved,qm:96e3bf0d-beea-4cd2-bca9-568ee30412d2:52b9c06a-5595-4581-95ec-9cac2fa1ea04,maxyjulio18@gmail.com,Tokenia Web,Service Request,Seguridad de la cuenta,4/Apr/26 1:30 PM,"4/Apr/26 3:55 PM;maxyjulio18@gmail.com;Hola, sí, podés solicitar la suspensión temporal de tu propia cuenta escribiéndonos por este medio. Cuando quieras reactivarla, simplemente contactanos nuevamente confirmando tu identidad.","4/Abr/26 4:15 PM;qm:96e3bf0d-beea-4cd2-bca9-568ee30412d2:52b9c06a-5595-4581-95ec-9cac2fa1ea04;perfecto, la voy a solicitar antes de viajar. gracias"
me preocupa que mi hermano menor haya visto mi clave anotada,tengo la clave de tokenia anotada en un papel y mi hermano menor de edad la vio por accidente. quiero cambiar todo por las dudas.,Medium,Resolved,qm:96e3bf0d-beea-4cd2-bca9-568ee30412d2:d2644145-7b97-47e1-82a6-cfb0dcd7ac06,maximilianojavierjulio@gmail.com,Tokenia Email,General request,Seguridad de la cuenta,11/Jun/25 4:20 PM,"11/Jun/25 6:45 PM;maximilianojavierjulio@gmail.com;Hola, hacés bien en tomar precauciones. Te recomendamos cambiar tu contraseña de inmediato desde Perfil > Seguridad, y activar el 2FA si todavía no lo tenés, para agregar una capa extra de protección.","11/Jun/25 7:05 PM;qm:96e3bf0d-beea-4cd2-bca9-568ee30412d2:d2644145-7b97-47e1-82a6-cfb0dcd7ac06;ya cambie todo, gracias por el consejo"
recibi una notificacion de un retiro que yo no hice,"me llego una notificacion push diciendo que se proceso un retiro de 0.1 eth, pero yo no pedi ningun retiro. estoy asustado.",Highest,Escalated,qm:96e3bf0d-beea-4cd2-bca9-568ee30412d2:9700668d-bb18-4ce6-a136-d0d4eac1741d,maxyjulio18@gmail.com,Tokenia App,Service Request,Seguridad de la cuenta,17/Sep/25 7:20 PM,"17/Sep/25 7:50 PM;maxyjulio18@gmail.com;Hola, entendemos la urgencia. Suspendimos tu cuenta de inmediato como medida preventiva para evitar cualquier movimiento adicional. Nuestro equipo de seguridad va a contactarte en las próximas horas para investigar este retiro y coordinar los siguientes pasos.",
hay comision especial para operaciones institucionales de gran volumen,"opero montos bastante grandes regularmente, hay alguna tarifa preferencial para ese tipo de perfil?",Medium,Resolved,qm:96e3bf0d-beea-4cd2-bca9-568ee30412d2:e1ec8af6-b713-442c-a841-58d7d71b1c58,maximilianojavierjulio@gmail.com,Tokenia Email,General request,Tarifas y comisiones,30/Jul/25 11:15 AM,"30/Jul/25 1:40 PM;maximilianojavierjulio@gmail.com;Hola, para perfiles con volumen de operación elevado sí evaluamos condiciones especiales caso por caso. Vamos a derivar tu consulta al equipo comercial para que analicen tu situación y te contacten directamente.","30/Jul/25 2:00 PM;qm:96e3bf0d-beea-4cd2-bca9-568ee30412d2:e1ec8af6-b713-442c-a841-58d7d71b1c58;genial, quedo esperando el contacto"
la comision aparece antes o despues de la conversion de moneda,"cuando compro con pesos, la comision del 1% se calcula sobre el monto en pesos o sobre el equivalente en dolares de la cripto?",Low,Resolved,qm:96e3bf0d-beea-4cd2-bca9-568ee30412d2:1777a0ba-d198-44c3-908f-eb26c7d492f5,maxyjulio18@gmail.com,Tokenia App,Service Request,Tarifas y comisiones,22/Feb/26 3:00 PM,"22/Feb/26 5:20 PM;maxyjulio18@gmail.com;Hola, la comisión del 1% se calcula sobre el monto total de la operación en el momento de confirmarla, ya convertido a la moneda en la que estés operando, sea pesos o dólares.","22/Feb/26 5:40 PM;qm:96e3bf0d-beea-4cd2-bca9-568ee30412d2:1777a0ba-d198-44c3-908f-eb26c7d492f5;entendido, gracias por la explicacion"
me cobraron comision doble en una misma operacion,"hice una compra y en el comprobante figuran dos lineas de comision, no una sola. es un error o es normal?",High,Escalated,qm:96e3bf0d-beea-4cd2-bca9-568ee30412d2:38db461d-acf4-4174-9229-abec66530d80,maximilianojavierjulio@gmail.com,Tokenia Web,Service Request,Tarifas y comisiones,14/Nov/25 4:10 PM,"14/Nov/25 6:35 PM;maximilianojavierjulio@gmail.com;Hola, esto no es lo esperado, la comisión debería figurar una sola vez por operación. Vamos a derivar tu caso al equipo de operaciones para revisar el comprobante en detalle y corregir si corresponde una reversión.",
las comisiones son negociables si soy un usuario frecuente,"hace mas de un año que opero seguido en tokenia, hay alguna posibilidad de negociar una comision mas baja por antiguedad?",Low,Resolved,qm:96e3bf0d-beea-4cd2-bca9-568ee30412d2:9b001302-64de-4529-89e2-79e3b221b797,maxyjulio18@gmail.com,Tokenia Email,General request,Tarifas y comisiones,3/Jun/25 10:30 AM,"3/Jun/25 12:55 PM;maxyjulio18@gmail.com;Hola, gracias por tu confianza en la plataforma. Por el momento no contamos con un esquema de comisiones diferenciadas por antigüedad, la tarifa del 1% aplica de forma uniforme para todos los usuarios.","3/Jun/25 1:15 PM;qm:96e3bf0d-beea-4cd2-bca9-568ee30412d2:9b001302-64de-4529-89e2-79e3b221b797;entendido, gracias igual por responder"
hay comision por convertir de una stablecoin a otra,"quiero pasar de usdt a usdc, ese tipo de swap entre stablecoins tiene la misma comision que un swap normal entre criptos?",Low,Resolved,qm:96e3bf0d-beea-4cd2-bca9-568ee30412d2:dac60d3e-f27a-4686-80f6-92944511c469,maximilianojavierjulio@gmail.com,Tokenia App,Service Request,Tarifas y comisiones,25/Oct/25 1:40 PM,"25/Oct/25 4:05 PM;maximilianojavierjulio@gmail.com;Hola, sí, el swap entre stablecoins tiene la misma comisión del 1% que cualquier otro cambio entre criptomonedas dentro de la plataforma.","25/Oct/25 4:25 PM;qm:96e3bf0d-beea-4cd2-bca9-568ee30412d2:dac60d3e-f27a-4686-80f6-92944511c469;entendido, gracias por confirmar"
me piden un comprobante de ingresos y no se cuales sirven,"para subir de nivel me piden un comprobante de ingresos, que tipo de documentos aceptan para eso?",Low,Resolved,qm:96e3bf0d-beea-4cd2-bca9-568ee30412d2:af30ed9d-7e74-4e4e-8304-5e91abcd1392,maxyjulio18@gmail.com,Tokenia Email,General request,Verificación de identidad,29/Aug/25 10:00 AM,"29/Aug/25 12:25 PM;maxyjulio18@gmail.com;Hola, aceptamos como comprobante de ingresos: recibo de sueldo reciente, constancia de monotributo o extracto bancario de los últimos tres meses que muestre ingresos regulares.","29/Aug/25 12:45 PM;qm:96e3bf0d-beea-4cd2-bca9-568ee30412d2:af30ed9d-7e74-4e4e-8304-5e91abcd1392;genial, tengo el recibo de sueldo entonces. gracias"
mi verificacion fue rechazada dos veces con el mismo documento,"subi mi dni dos veces y me lo rechazaron las dos, con el mismo documento y las mismas fotos casi identicas. no entiendo el motivo.",High,Escalated,qm:96e3bf0d-beea-4cd2-bca9-568ee30412d2:e1ec8af6-b713-442c-a841-58d7d71b1c58,maximilianojavierjulio@gmail.com,Tokenia App,Service Request,Verificación de identidad,7/Dec/25 3:15 PM,"7/Dec/25 5:40 PM;maximilianojavierjulio@gmail.com;Hola, lamentamos la situación repetida. Vamos a derivar tu caso puntualmente al equipo de verificación manual para que revisen el documento directamente y nos den una respuesta más clara sobre el motivo del rechazo.",
puedo verificarme con cedula de identidad de otro pais latinoamericano,"soy de otro pais de latinoamerica y solo tengo mi cedula de identidad, no dni argentino ni pasaporte. eso sirve para el kyc?",Medium,Resolved,qm:96e3bf0d-beea-4cd2-bca9-568ee30412d2:1979be20-22df-4ea9-a264-020aef7b27f7,maxyjulio18@gmail.com,Tokenia Email,General request,Verificación de identidad,19/Apr/25 2:30 PM,"19/Apr/25 4:55 PM;maxyjulio18@gmail.com;Hola, aceptamos cédulas de identidad de otros países latinoamericanos siempre que estén vigentes y tengan foto. Si no la aceptamos, también podés usar tu pasaporte como alternativa.","19/Abr/25 5:15 PM;qm:96e3bf0d-beea-4cd2-bca9-568ee30412d2:1979be20-22df-4ea9-a264-020aef7b27f7;perfecto, voy a intentar con la cedula entonces. gracias"
necesito el estado de mi verificacion urgente porque tengo una operacion pendiente,"subi mis documentos hace un dia y necesito operar hoy mismo por un tema puntual, se puede acelerar la revision de mi caso?",High,Resolved,qm:96e3bf0d-beea-4cd2-bca9-568ee30412d2:6829bfc5-d867-4e24-aeac-e948f6fe1b23,maximilianojavierjulio@gmail.com,Tokenia Web,Service Request,Verificación de identidad,3/Jan/26 9:15 AM,"3/Jan/26 11:40 AM;maximilianojavierjulio@gmail.com;Hola, entendemos la urgencia. Revisamos tu solicitud y la marcamos como prioritaria para el equipo de compliance. Te notificamos por este mismo medio apenas tengamos una resolución.","3/Jan/26 3:00 PM;qm:96e3bf0d-beea-4cd2-bca9-568ee30412d2:6829bfc5-d867-4e24-aeac-e948f6fe1b23;ya me aprobaron, muchas gracias por la rapidez"
mi verificacion quedo trabada porque cambie de dni en medio del tramite,estaba haciendo el kyc y justo se me vencio el dni viejo y me dieron uno nuevo antes de terminar el tramite. como sigo el proceso?,Medium,Work in Progress,qm:96e3bf0d-beea-4cd2-bca9-568ee30412d2:9700668d-bb18-4ce6-a136-d0d4eac1741d,maxyjulio18@gmail.com,Tokenia App,Service Request,Verificación de identidad,21/Mar/26 1:00 PM,"21/Mar/26 3:25 PM;maxyjulio18@gmail.com;Hola, en este caso lo mejor es reiniciar el proceso de verificación con tu DNI nuevo desde cero, ya que el sistema necesita los datos actualizados. Ingresá a Perfil > Verificación y subí la documentación con tu documento vigente.",
quiero saber si el 2fa es obligatorio o solo recomendado,vi que se recomienda activar el 2fa pero no se si es obligatorio para operar montos grandes o es solo una sugerencia de seguridad.,Low,Resolved,qm:96e3bf0d-beea-4cd2-bca9-568ee30412d2:9b001302-64de-4529-89e2-79e3b221b797,maxi220julio@gmail.com,Tokenia Email,General request,Acceso y autenticación,14/May/25 11:40 AM,"14/May/25 2:05 PM;maxi220julio@gmail.com;Hola, por el momento el 2FA es opcional, aunque lo recomendamos fuertemente para todos los usuarios como capa extra de seguridad, especialmente si operás montos considerables.","14/May/25 2:25 PM;qm:96e3bf0d-beea-4cd2-bca9-568ee30412d2:9b001302-64de-4529-89e2-79e3b221b797;voy a activarlo entonces, gracias"
mi cuenta se creo con datos incorrectos por un error mio,al registrarme puse mal una letra de mi apellido y ya complete el kyc con ese error. como lo corrijo ahora?,Medium,Resolved,qm:96e3bf0d-beea-4cd2-bca9-568ee30412d2:d0de7e09-4c5e-463c-9d38-74616182f078,maximilianojavierjulio@gmail.com,Tokenia Web,Service Request,Acceso y autenticación,8/Oct/25 3:50 PM,"8/Oct/25 6:15 PM;maximilianojavierjulio@gmail.com;Hola, para corregir un dato de identidad ya verificado necesitamos que nos escribas a soporte@tokenia.com adjuntando tu DNI, así confirmamos el dato correcto y lo actualizamos manualmente en tu cuenta.","8/Oct/25 6:35 PM;qm:96e3bf0d-beea-4cd2-bca9-568ee30412d2:d0de7e09-4c5e-463c-9d38-74616182f078;te escribo ahora con el dni adjunto, gracias"
puedo desactivar la opcion de recordar sesion en un dispositivo compartido,"uso un celular compartido con mi familia a veces, quiero asegurarme de que no quede mi sesion guardada ahi. hay forma de que no recuerde la sesion?",Low,Resolved,qm:96e3bf0d-beea-4cd2-bca9-568ee30412d2:52b9c06a-5595-4581-95ec-9cac2fa1ea04,maxyjulio18@gmail.com,Tokenia App,Service Request,Acceso y autenticación,12/Sep/25 8:20 AM,"12/Sep/25 10:45 AM;maxyjulio18@gmail.com;Hola, al cerrar sesión manualmente desde Perfil > Cerrar sesión, la app no guarda tus datos para el próximo ingreso. Te recomendamos hacerlo siempre que uses un dispositivo compartido.","12/Sep/25 11:05 AM;qm:96e3bf0d-beea-4cd2-bca9-568ee30412d2:52b9c06a-5595-4581-95ec-9cac2fa1ea04;perfecto, voy a cerrar sesion siempre. gracias"
me aparece un error al querer entrar desde un navegador que no es chrome,"uso firefox normalmente y desde ahi no puedo entrar a la web de tokenia, me tira un error de compatibilidad.",Medium,Resolved,qm:96e3bf0d-beea-4cd2-bca9-568ee30412d2:d2644145-7b97-47e1-82a6-cfb0dcd7ac06,maximilianojavierjulio@gmail.com,Tokenia Web,Service Request,Acceso y autenticación,30/Jun/25 4:30 PM,"30/Jun/25 6:50 PM;maximilianojavierjulio@gmail.com;Hola, gracias por reportarlo. Tokenia debería funcionar en los navegadores más usados, incluido Firefox. Vamos a derivar este error puntual a nuestro equipo técnico para revisarlo, mientras tanto te recomendamos usar Chrome.","30/Jun/25 7:10 PM;qm:96e3bf0d-beea-4cd2-bca9-568ee30412d2:d2644145-7b97-47e1-82a6-cfb0dcd7ac06;con chrome entre bien, gracias"
quiero saber si hay riesgo de seguridad al usar wifi publico para entrar,"voy a estar en un aeropuerto y quiero entrar a tokenia usando el wifi publico de ahi, es seguro hacer eso?",Low,Resolved,qm:96e3bf0d-beea-4cd2-bca9-568ee30412d2:11bcee9e-5c21-4a2b-9982-9c4869410e51,maxyjulio18@gmail.com,Tokenia Email,General request,Acceso y autenticación,16/Feb/26 12:15 PM,"16/Feb/26 2:40 PM;maxyjulio18@gmail.com;Hola, si bien nuestra plataforma usa conexión encriptada, te recomendamos evitar operar en redes wifi públicas siempre que sea posible, ya que ese tipo de redes suele tener menor seguridad. Si es indispensable, activá el 2FA como protección adicional.","16/Feb/26 3:00 PM;qm:96e3bf0d-beea-4cd2-bca9-568ee30412d2:11bcee9e-5c21-4a2b-9982-9c4869410e51;voy a evitarlo entonces, gracias por el consejo"
quiero saber si hay penalidad por deshacer una orden varias veces,"cancele varias ordenes seguidas porque no me convencia el precio, eso me puede traer algun problema o restriccion?",Low,Resolved,qm:96e3bf0d-beea-4cd2-bca9-568ee30412d2:e34f737c-f7d6-4402-906c-c89d3851033f,maximilianojavierjulio@gmail.com,Tokenia App,Service Request,Operaciones de compra/venta crypto,5/Aug/25 1:50 PM,"5/Aug/25 4:15 PM;maximilianojavierjulio@gmail.com;Hola, no hay ninguna penalidad por cancelar órdenes pendientes, incluso varias veces seguidas. Podés hacerlo las veces que necesites sin afectar tu cuenta.","5/Aug/25 4:35 PM;qm:96e3bf0d-beea-4cd2-bca9-568ee30412d2:e34f737c-f7d6-4402-906c-c89d3851033f;que bueno, gracias por confirmar"
no entiendo la diferencia entre orden de mercado y orden limite,"vi que hay dos tipos de orden para comprar, de mercado y limite, pero no tengo claro cual conviene usar en cada caso.",Low,Resolved,qm:96e3bf0d-beea-4cd2-bca9-568ee30412d2:af30ed9d-7e74-4e4e-8304-5e91abcd1392,maxyjulio18@gmail.com,Tokenia Web,Service Request,Operaciones de compra/venta crypto,13/Nov/25 10:20 AM,"13/Nov/25 12:45 PM;maxyjulio18@gmail.com;Hola, la orden de mercado se ejecuta al instante al precio actual, ideal si querés operar ya. La orden límite se ejecuta solo cuando el precio llega al valor que vos elegiste, útil si buscás un precio específico y podés esperar.","13/Nov/25 1:05 PM;qm:96e3bf0d-beea-4cd2-bca9-568ee30412d2:af30ed9d-7e74-4e4e-8304-5e91abcd1392;ahora esta clarisimo, gracias por explicarme"
mi orden de compra de solana tardo mucho mas que otras criptos,"compre sol y tardo bastante mas en confirmarse que cuando compro btc o eth, es normal esa diferencia entre criptos?",Low,Resolved,qm:96e3bf0d-beea-4cd2-bca9-568ee30412d2:9700668d-bb18-4ce6-a136-d0d4eac1741d,maximilianojavierjulio@gmail.com,Tokenia App,Service Request,Operaciones de compra/venta crypto,27/Feb/26 3:40 PM,"27/Feb/26 5:05 PM;maximilianojavierjulio@gmail.com;Hola, el tiempo de confirmación puede variar según la liquidez disponible para cada par en el momento de la operación, no necesariamente por la cripto en sí. Si la demora fue mayor a lo habitual, contactanos con el detalle de la operación para revisarlo.","27/Feb/26 5:25 PM;qm:96e3bf0d-beea-4cd2-bca9-568ee30412d2:9700668d-bb18-4ce6-a136-d0d4eac1741d;entendido, gracias por la explicacion"
puedo ver cuanto gane o perdi en una operacion especifica ya cerrada,"vendi btc hace un tiempo, quiero ver el detalle de cuanto gane exactamente en esa operacion puntual comparado con lo que pague al comprarlo.",Low,Resolved,qm:96e3bf0d-beea-4cd2-bca9-568ee30412d2:e1ec8af6-b713-442c-a841-58d7d71b1c58,maxyjulio18@gmail.com,Tokenia Web,Service Request,Operaciones de compra/venta crypto,10/Jun/25 2:10 PM,"10/Jun/25 4:35 PM;maxyjulio18@gmail.com;Hola, sí, desde Actividad podés tocar cualquier operación de venta cerrada y ver el detalle de ganancia o pérdida calculada respecto al precio promedio de compra de esa cripto en tu cuenta.","10/Jun/25 4:55 PM;qm:96e3bf0d-beea-4cd2-bca9-568ee30412d2:e1ec8af6-b713-442c-a841-58d7d71b1c58;genial, ya lo encontre. gracias"
quiero saber si se puede comprar cripto fraccionada o solo unidades enteras,"no tengo suficiente plata para comprar un bitcoin entero, se puede comprar una fraccion como 0.001 btc?",Low,Resolved,qm:96e3bf0d-beea-4cd2-bca9-568ee30412d2:1777a0ba-d198-44c3-908f-eb26c7d492f5,maximilianojavierjulio@gmail.com,Tokenia Email,General request,Operaciones de compra/venta crypto,24/Sep/25 9:50 AM,"24/Sep/25 12:15 PM;maximilianojavierjulio@gmail.com;Hola, sí, en Tokenia podés comprar fracciones de cualquier criptomoneda, no es necesario comprar unidades enteras. Podés ingresar el monto en pesos o dólares que quieras invertir y la app calcula la fracción correspondiente.","24/Sep/25 12:35 PM;qm:96e3bf0d-beea-4cd2-bca9-568ee30412d2:1777a0ba-d198-44c3-908f-eb26c7d492f5;perfecto, eso queria saber. gracias"
"mande btc y tarde en avisar, ya paso mucho tiempo y no se acredito",hice el deposito hace 3 dias y recien ahora me doy cuenta que nunca aparecio en mi cuenta. tengo el hash guardado.,High,Escalated,qm:96e3bf0d-beea-4cd2-bca9-568ee30412d2:e1ec8af6-b713-442c-a841-58d7d71b1c58,maxi220julio@gmail.com,Tokenia Email,General request,Depósitos y retiros,12/May/25 8:00 AM,"13/May/25 9:20 AM;maxi220julio@gmail.com;Hola, disculpá la demora en la respuesta. Vamos a rastrear la transacción con el hash que nos compartiste y derivar el caso al equipo técnico dado el tiempo transcurrido.",
"retire xrp y me olvide de poner el memo, se puede recuperar","hice el retiro de xrp a otro exchange pero no le puse el memo de destino, ya se proceso. hay forma de que llegue igual?",High,Escalated,qm:96e3bf0d-beea-4cd2-bca9-568ee30412d2:1777a0ba-d198-44c3-908f-eb26c7d492f5,maximilianojavierjulio@gmail.com,Tokenia App,Service Request,Depósitos y retiros,8/Sep/25 2:30 PM,"8/Sep/25 3:00 PM;maximilianojavierjulio@gmail.com;Hola, entendemos la urgencia. Sin el memo, el exchange destino puede no poder identificar el depósito. Vamos a escalar tu caso para intentar la recuperación, contactando al soporte del exchange receptor con el hash de la transacción.",
mi retiro de ada demoro mas de un dia y todavia nada,"pedi un retiro de cardano ayer a la mañana y segun la app deberia haber llegado en minutos, pero paso mas de 24 horas y nada en mi wallet externa.",Medium,Resolved,qm:96e3bf0d-beea-4cd2-bca9-568ee30412d2:9700668d-bb18-4ce6-a136-d0d4eac1741d,maxyjulio18@gmail.com,Tokenia Web,Service Request,Depósitos y retiros,3/Nov/25 9:15 AM,"3/Nov/25 5:40 PM;maxyjulio18@gmail.com;Hola, disculpá la demora en responder. Revisamos tu retiro y detectamos que quedó trabado por un error puntual en el procesamiento. Ya lo reprocesamos manualmente, debería llegar en los próximos minutos.","3/Nov/25 6:10 PM;qm:96e3bf0d-beea-4cd2-bca9-568ee30412d2:9700668d-bb18-4ce6-a136-d0d4eac1741d;ya me llego, gracias por resolverlo"
cuanto tarda un deposito de usdc por la red erc20,"voy a mandar usdc por la red de ethereum, cuanto tiempo estimado tarda en acreditarse en tokenia?",Low,Resolved,qm:96e3bf0d-beea-4cd2-bca9-568ee30412d2:af30ed9d-7e74-4e4e-8304-5e91abcd1392,maximilianojavierjulio@gmail.com,Tokenia Email,General request,Depósitos y retiros,20/Jan/26 3:00 PM,"20/Jan/26 7:45 PM;maximilianojavierjulio@gmail.com;Hola, los depósitos de USDC por la red ERC-20 requieren 12 confirmaciones de la red Ethereum, lo que suele demorar entre 3 y 5 minutos, aunque puede variar según la congestión de la red.","20/Jan/26 8:05 PM;qm:96e3bf0d-beea-4cd2-bca9-568ee30412d2:af30ed9d-7e74-4e4e-8304-5e91abcd1392;perfecto, gracias por la info"
el retiro de eth que hice se proceso pero a un monto distinto,"pedi retirar 1 eth completo y me llegaron 0.995 eth a mi billetera externa, no se si esa diferencia es normal o un error.",Medium,Resolved,qm:96e3bf0d-beea-4cd2-bca9-568ee30412d2:e34f737c-f7d6-4402-906c-c89d3851033f,maxyjulio18@gmail.com,Tokenia App,Service Request,Depósitos y retiros,15/Jul/25 11:20 AM,"15/Jul/25 1:50 PM;maxyjulio18@gmail.com;Hola, esa diferencia corresponde al gas fee de la red Ethereum que se descuenta del monto retirado al momento de procesar la transacción. Es un costo de la blockchain, no un cargo adicional de Tokenia.","15/Jul/25 2:10 PM;qm:96e3bf0d-beea-4cd2-bca9-568ee30412d2:e34f737c-f7d6-4402-906c-c89d3851033f;entendido, gracias por la aclaracion"
necesito saber si puedo depositar desde un exchange internacional como coinbase,"tengo cripto en coinbase y quiero mandarla a tokenia, hay alguna restriccion para depositos que vengan de exchanges de otros paises?",Low,Resolved,qm:96e3bf0d-beea-4cd2-bca9-568ee30412d2:d2644145-7b97-47e1-82a6-cfb0dcd7ac06,maximilianojavierjulio@gmail.com,Tokenia Web,Service Request,Depósitos y retiros,9/Apr/26 10:40 AM,"9/Apr/26 1:15 PM;maximilianojavierjulio@gmail.com;Hola, no hay ninguna restricción para depósitos de criptomonedas que provengan de otros exchanges internacionales como Coinbase, se procesan igual que cualquier depósito desde una billetera externa.","9/Abr/26 1:35 PM;qm:96e3bf0d-beea-4cd2-bca9-568ee30412d2:d2644145-7b97-47e1-82a6-cfb0dcd7ac06;perfecto, gracias por confirmar"
tokenia cobra impuesto de sellos o algun impuesto provincial,"queria saber si ademas de las comisiones de la plataforma, hay algun impuesto provincial o de sellos aplicado a las operaciones.",Low,Resolved,qm:96e3bf0d-beea-4cd2-bca9-568ee30412d2:9b001302-64de-4529-89e2-79e3b221b797,maxyjulio18@gmail.com,Tokenia Email,General request,Información y consultas generales,6/Jun/25 9:20 AM,"6/Jun/25 1:40 PM;maxyjulio18@gmail.com;Hola, Tokenia no aplica impuestos provinciales ni de sellos sobre las operaciones. Los únicos costos que vas a ver reflejados son la comisión de plataforma y el spread de mercado.","6/Jun/25 2:00 PM;qm:96e3bf0d-beea-4cd2-bca9-568ee30412d2:9b001302-64de-4529-89e2-79e3b221b797;entendido, gracias por la info"
como puedo saber si tokenia tiene alguna licencia o registro oficial,por confianza queria saber si tokenia esta registrada ante algun organismo de control en argentina.,Medium,Resolved,qm:96e3bf0d-beea-4cd2-bca9-568ee30412d2:1979be20-22df-4ea9-a264-020aef7b27f7,maximilianojavierjulio@gmail.com,Tokenia Web,Service Request,Información y consultas generales,18/Oct/25 11:50 AM,"18/Oct/25 4:20 PM;maximilianojavierjulio@gmail.com;Hola, podés encontrar el detalle completo de nuestro marco regulatorio y registros en la sección 'Legales' de nuestro sitio web, donde publicamos la información actualizada sobre nuestra situación regulatoria.","18/Oct/25 4:45 PM;qm:96e3bf0d-beea-4cd2-bca9-568ee30412d2:1979be20-22df-4ea9-a264-020aef7b27f7;gracias, lo voy a revisar"
tienen alguna calculadora para simular ganancias antes de invertir,"me gustaria simular cuanto ganaria si invierto cierto monto en btc a distintos plazos, tokenia tiene alguna herramienta asi?",Low,Resolved,qm:96e3bf0d-beea-4cd2-bca9-568ee30412d2:e1ec8af6-b713-442c-a841-58d7d71b1c58,maxyjulio18@gmail.com,Tokenia App,Service Request,Información y consultas generales,25/Feb/26 3:10 PM,"25/Feb/26 8:00 PM;maxyjulio18@gmail.com;Hola, por el momento no contamos con una calculadora de simulación de ganancias dentro de la app. Tené en cuenta que el valor de las criptomonedas es volátil y no podemos garantizar rendimientos futuros.","25/Feb/26 8:20 PM;qm:96e3bf0d-beea-4cd2-bca9-568ee30412d2:e1ec8af6-b713-442c-a841-58d7d71b1c58;entendido, gracias por la aclaracion"
puedo usar tokenia para operar de forma profesional o solo esta pensado para usuarios comunes,"quiero saber si tokenia tiene alguna herramienta pensada para traders mas avanzados, como graficos tecnicos o indicadores.",Low,Resolved,qm:96e3bf0d-beea-4cd2-bca9-568ee30412d2:1777a0ba-d198-44c3-908f-eb26c7d492f5,maximilianojavierjulio@gmail.com,Tokenia Email,General request,Información y consultas generales,11/Aug/25 10:00 AM,"11/Aug/25 1:30 PM;maximilianojavierjulio@gmail.com;Hola, actualmente Tokenia está pensado para un público general, con gráficos básicos de precio. No contamos todavía con indicadores técnicos avanzados pensados para traders profesionales.","11/Aug/25 1:50 PM;qm:96e3bf0d-beea-4cd2-bca9-568ee30412d2:1777a0ba-d198-44c3-908f-eb26c7d492f5;entendido, gracias por la info"
quiero saber si tokenia tiene un programa de embajadores o afiliados,"ademas del programa de referidos comun, hay algo mas formal tipo embajador de marca o afiliado con comision recurrente?",Low,Resolved,qm:96e3bf0d-beea-4cd2-bca9-568ee30412d2:af30ed9d-7e74-4e4e-8304-5e91abcd1392,maxyjulio18@gmail.com,Tokenia Web,Service Request,Información y consultas generales,4/Dec/25 2:30 PM,"4/Dec/25 6:50 PM;maxyjulio18@gmail.com;Hola, por el momento solo contamos con el programa de referidos estándar. No tenemos un programa formal de embajadores o afiliados con comisión recurrente, pero es algo que estamos evaluando para el futuro.","4/Dec/25 7:10 PM;qm:96e3bf0d-beea-4cd2-bca9-568ee30412d2:af30ed9d-7e74-4e4e-8304-5e91abcd1392;entendido, gracias igual"
necesito saber los horarios de mantenimiento habituales de la plataforma,"para planificar mejor mis operaciones, queria saber si tokenia tiene un horario fijo de mantenimiento programado.",Low,Resolved,qm:96e3bf0d-beea-4cd2-bca9-568ee30412d2:9700668d-bb18-4ce6-a136-d0d4eac1741d,maximilianojavierjulio@gmail.com,Tokenia Email,General request,Información y consultas generales,29/Jun/25 9:40 AM,"29/Jun/25 2:15 PM;maximilianojavierjulio@gmail.com;Hola, no tenemos un horario fijo de mantenimiento recurrente, los mantenimientos se programan según necesidad y se avisan con anticipación a través de nuestras redes y notificaciones dentro de la app.","29/Jun/25 2:35 PM;qm:96e3bf0d-beea-4cd2-bca9-568ee30412d2:9700668d-bb18-4ce6-a136-d0d4eac1741d;entendido, gracias por la info"
mi mail de recuperacion de contraseña tiene un enlace que no funciona,recibi el mail para restablecer mi clave pero cuando toco el enlace me dice que la pagina no existe.,Medium,Escalated,qm:96e3bf0d-beea-4cd2-bca9-568ee30412d2:d2644145-7b97-47e1-82a6-cfb0dcd7ac06,maxyjulio18@gmail.com,Tokenia Email,General request,Acceso y autenticación,14/Aug/25 3:20 PM,"15/Aug/25 8:10 AM;maxyjulio18@gmail.com;Hola, disculpá la demora, gracias por reportarlo. Puede haber sido un enlace expirado o un problema puntual del correo. Te reenviamos uno nuevo y lo derivamos también a nuestro equipo técnico para revisar el flujo de recuperación.",
puedo iniciar sesion sin conexion a internet usando datos guardados,"cuando no tengo internet, la app me deja ver algo de informacion guardada o necesito conexion si o si para entrar?",Low,Resolved,qm:96e3bf0d-beea-4cd2-bca9-568ee30412d2:1777a0ba-d198-44c3-908f-eb26c7d492f5,maxi220julio@gmail.com,Tokenia App,Service Request,Acceso y autenticación,2/Oct/25 8:00 AM,"2/Oct/25 9:10 AM;maxi220julio@gmail.com;Hola, para iniciar sesión necesitás conexión a internet, ya que verificamos tus credenciales contra nuestros servidores en tiempo real. No hay una versión offline disponible por el momento.","2/Oct/25 9:30 AM;qm:96e3bf0d-beea-4cd2-bca9-568ee30412d2:1777a0ba-d198-44c3-908f-eb26c7d492f5;entendido, gracias"
como cierro todas mis sesiones activas de una sola vez,"tengo la sesion abierta en varios dispositivos viejos que ya no uso, hay una opcion para cerrar todas de golpe sin tener que hacerlo una por una?",Low,Resolved,qm:96e3bf0d-beea-4cd2-bca9-568ee30412d2:6829bfc5-d867-4e24-aeac-e948f6fe1b23,maximilianojavierjulio@gmail.com,Tokenia Web,Service Request,Acceso y autenticación,17/Nov/25 1:15 PM,"17/Nov/25 2:40 PM;maximilianojavierjulio@gmail.com;Hola, sí, desde Perfil > Seguridad > Sesiones activas vas a encontrar el botón 'Cerrar todas las sesiones', que desconecta todos los dispositivos de una sola vez, incluido el que estés usando en ese momento.","17/Nov/25 3:00 PM;qm:96e3bf0d-beea-4cd2-bca9-568ee30412d2:6829bfc5-d867-4e24-aeac-e948f6fe1b23;perfecto, ya las cerre todas. gracias"
mi contraseña nueva no cumple los requisitos pero no me dice cual falta,"quiero cambiar mi clave y me tira error de que no cumple los requisitos, pero no especifica cual es el que me falta.",Low,Resolved,qm:96e3bf0d-beea-4cd2-bca9-568ee30412d2:2cc33309-869f-4207-ba0a-d00e2c5d79b9,maxyjulio18@gmail.com,Tokenia App,Service Request,Acceso y autenticación,23/Mar/26 4:50 PM,"23/Mar/26 6:30 PM;maxyjulio18@gmail.com;Hola, gracias por avisarnos, vamos a mejorar ese mensaje para que sea más claro. Mientras tanto, verificá que tu nueva clave tenga al menos 8 caracteres, una mayúscula, un número y un símbolo especial.","23/Mar/26 6:50 PM;qm:96e3bf0d-beea-4cd2-bca9-568ee30412d2:2cc33309-869f-4207-ba0a-d00e2c5d79b9;me faltaba el simbolo, ya funciono. gracias"
puedo ver graficos de velas japonesas o solo de linea,para analizar mejor el precio quisiera ver graficos de velas en vez del grafico de linea simple que tiene la app. existe esa opcion?,Low,Resolved,qm:96e3bf0d-beea-4cd2-bca9-568ee30412d2:af30ed9d-7e74-4e4e-8304-5e91abcd1392,maximilianojavierjulio@gmail.com,Tokenia Web,Service Request,Operaciones de compra/venta crypto,7/May/25 11:30 AM,"7/May/25 1:00 PM;maximilianojavierjulio@gmail.com;Hola, por el momento solo contamos con el gráfico de línea simple. Los gráficos de velas japonesas son una función que estamos evaluando incorporar en próximas actualizaciones.","7/May/25 1:20 PM;qm:96e3bf0d-beea-4cd2-bca9-568ee30412d2:af30ed9d-7e74-4e4e-8304-5e91abcd1392;entendido, espero que lo agreguen pronto"
mi operacion de compra tardo horas en ejecutarse por congestion de red,"quise comprar btc y la operacion quedo pendiente muchisimo tiempo, entiendo que era un dia de mucha volatilidad. es normal esa demora tan larga?",Medium,Resolved,qm:96e3bf0d-beea-4cd2-bca9-568ee30412d2:e34f737c-f7d6-4402-906c-c89d3851033f,maxyjulio18@gmail.com,Tokenia App,Service Request,Operaciones de compra/venta crypto,19/Sep/25 10:30 AM,"19/Sep/25 10:35 PM;maxyjulio18@gmail.com;Hola, disculpá la demora en responder, tuvimos un pico de volumen inusual ese día que afectó los tiempos de procesamiento. Ya verificamos que tu operación se completó correctamente al precio esperado.","19/Sep/25 10:50 PM;qm:96e3bf0d-beea-4cd2-bca9-568ee30412d2:e34f737c-f7d6-4402-906c-c89d3851033f;perfecto, gracias por confirmar"
quiero saber si el precio de venta considera el spread automaticamente,"cuando vendo una cripto, el precio que veo en pantalla ya tiene descontado el spread o se resta despues de confirmar?",Low,Resolved,qm:96e3bf0d-beea-4cd2-bca9-568ee30412d2:1979be20-22df-4ea9-a264-020aef7b27f7,maximilianojavierjulio@gmail.com,Tokenia Email,General request,Operaciones de compra/venta crypto,12/Dec/25 3:20 PM,"12/Dec/25 6:00 PM;maximilianojavierjulio@gmail.com;Hola, el precio que ves en pantalla antes de confirmar ya incluye el spread aplicado en ese momento, así que el monto final que recibís es el que se muestra antes de confirmar la venta.","12/Dec/25 6:20 PM;qm:96e3bf0d-beea-4cd2-bca9-568ee30412d2:1979be20-22df-4ea9-a264-020aef7b27f7;perfecto, gracias por la aclaracion"
puedo cancelar una compra ya confirmada dentro de los primeros minutos,"hice una compra de btc hace 2 minutos, todavia estoy a tiempo de cancelarla como un arrepentimiento de compra?",Medium,Resolved,qm:96e3bf0d-beea-4cd2-bca9-568ee30412d2:9700668d-bb18-4ce6-a136-d0d4eac1741d,maxyjulio18@gmail.com,Tokenia Web,Service Request,Operaciones de compra/venta crypto,26/Apr/25 2:15 PM,"26/Apr/25 3:40 PM;maxyjulio18@gmail.com;Hola, una vez confirmada la compra al precio de mercado, la operación queda ejecutada de inmediato y no existe una ventana de arrepentimiento para cancelarla, ya que el precio pudo haber cambiado desde ese momento.","26/Abr/25 4:00 PM;qm:96e3bf0d-beea-4cd2-bca9-568ee30412d2:9700668d-bb18-4ce6-a136-d0d4eac1741d;entendido, gracias por explicarme"
quiero saber si se puede pagar la comision con un descuento en cripto,"en vez de que me cobren la comision en pesos, se puede pagar esa comision usando alguna cripto que ya tenga en mi cuenta?",Low,Resolved,qm:96e3bf0d-beea-4cd2-bca9-568ee30412d2:e1ec8af6-b713-442c-a841-58d7d71b1c58,maximilianojavierjulio@gmail.com,Tokenia App,Service Request,Operaciones de compra/venta fiat,9/Jun/25 1:00 PM,"9/Jun/25 5:30 PM;maximilianojavierjulio@gmail.com;Hola, por el momento la comisión se descuenta automáticamente en la misma moneda de la operación, no contamos con la opción de pagarla con otra criptomoneda específica.","9/Jun/25 5:50 PM;qm:96e3bf0d-beea-4cd2-bca9-568ee30412d2:e1ec8af6-b713-442c-a841-58d7d71b1c58;entendido, gracias"
puedo ver el detalle de todas mis transferencias entrantes en un periodo,necesito un listado de todas las transferencias en pesos que recibi en los ultimos 6 meses para un tramite personal.,Medium,Resolved,qm:96e3bf0d-beea-4cd2-bca9-568ee30412d2:1777a0ba-d198-44c3-908f-eb26c7d492f5,maxyjulio18@gmail.com,Tokenia Email,General request,Operaciones de compra/venta fiat,3/Feb/26 10:40 AM,"3/Feb/26 3:20 PM;maxyjulio18@gmail.com;Hola, podés obtener ese listado exportando el historial desde Perfil > Actividad > Exportar, filtrando por el período de los últimos 6 meses y por tipo de operación 'Depósito'.","3/Feb/26 3:40 PM;qm:96e3bf0d-beea-4cd2-bca9-568ee30412d2:1777a0ba-d198-44c3-908f-eb26c7d492f5;perfecto, ya lo descargue. gracias"
el deposito en pesos tardo mas porque lo hice un viernes a la noche,"transferi plata un viernes tarde y recien se acredito el lunes, es porque cae fin de semana de por medio?",Low,Resolved,qm:96e3bf0d-beea-4cd2-bca9-568ee30412d2:af30ed9d-7e74-4e4e-8304-5e91abcd1392,maximilianojavierjulio@gmail.com,Tokenia App,Service Request,Operaciones de compra/venta fiat,21/Nov/25 11:50 PM,"24/Nov/25 9:15 AM;maximilianojavierjulio@gmail.com;Hola, disculpá la demora en la respuesta por el fin de semana. Efectivamente, las transferencias bancarias solo se procesan en días y horarios hábiles, por eso una transferencia del viernes a la noche se acredita recién el próximo día hábil.","24/Nov/25 9:35 AM;qm:96e3bf0d-beea-4cd2-bca9-568ee30412d2:af30ed9d-7e74-4e4e-8304-5e91abcd1392;entendido, tiene sentido. gracias"
quiero saber si hay un dia especifico de la semana con mejor tipo de cambio,"note que el tipo de cambio que usa tokenia varia bastante segun el dia, hay algun patron o es totalmente aleatorio?",Low,Resolved,qm:96e3bf0d-beea-4cd2-bca9-568ee30412d2:9700668d-bb18-4ce6-a136-d0d4eac1741d,maxyjulio18@gmail.com,Tokenia Web,Service Request,Operaciones de compra/venta fiat,15/Aug/25 4:10 PM,"15/Aug/25 8:45 PM;maxyjulio18@gmail.com;Hola, la cotización que usamos refleja el mercado en tiempo real, así que no sigue un patrón fijo por día de la semana, varía según la oferta y demanda del momento.","15/Aug/25 9:05 PM;qm:96e3bf0d-beea-4cd2-bca9-568ee30412d2:9700668d-bb18-4ce6-a136-d0d4eac1741d;entendido, gracias por la explicacion"
quiero saber si puedo tener un alias en vez de una direccion larga para recibir,"las direcciones de cripto son larguisimas y dificiles de compartir, hay algo como un alias corto tipo mercado pago para recibir fondos mas facil?",Low,Resolved,qm:96e3bf0d-beea-4cd2-bca9-568ee30412d2:e34f737c-f7d6-4402-906c-c89d3851033f,maxi220julio@gmail.com,Tokenia App,Service Request,Billetera y direcciones,5/May/25 3:20 PM,"5/May/25 3:35 PM;maxi220julio@gmail.com;Hola, por el momento no contamos con un sistema de alias como en las transferencias bancarias tradicionales. Para transferencias entre usuarios de Tokenia sí podés usar el nombre de usuario en vez de la dirección completa.","5/May/25 3:55 PM;qm:96e3bf0d-beea-4cd2-bca9-568ee30412d2:e34f737c-f7d6-4402-906c-c89d3851033f;ah bueno, con eso me alcanza. gracias"
me equivoque de red al generar la direccion de deposito,queria generar una direccion para recibir usdt por trc20 pero por error toque erc20. si alguien me manda por trc20 a esa direccion se pierde la plata?,High,Escalated,qm:96e3bf0d-beea-4cd2-bca9-568ee30412d2:100cf02a-d965-49dc-a96c-a17602637b44,maximilianojavierjulio@gmail.com,Tokenia Web,Service Request,Billetera y direcciones,18/Oct/25 4:40 PM,"19/Oct/25 10:15 AM;maximilianojavierjulio@gmail.com;Hola, disculpá la demora en responder. Si nadie envió fondos todavía a esa dirección, no hay ningún riesgo, simplemente generá una nueva dirección seleccionando la red correcta (TRC-20) antes de compartirla.","19/Oct/25 10:35 AM;qm:96e3bf0d-beea-4cd2-bca9-568ee30412d2:100cf02a-d965-49dc-a96c-a17602637b44;menos mal, todavia nadie me habia mandado nada. gracias"
puedo ver cuanto vale mi billetera en tiempo real sin entrar a la app,quiero un widget o notificacion que me muestre el valor total de mi portfolio sin tener que abrir la aplicacion cada vez.,Low,Resolved,qm:96e3bf0d-beea-4cd2-bca9-568ee30412d2:af30ed9d-7e74-4e4e-8304-5e91abcd1392,maxyjulio18@gmail.com,Tokenia App,Service Request,Billetera y direcciones,9/Dec/25 11:00 AM,"9/Dec/25 11:20 AM;maxyjulio18@gmail.com;Hola, sí, podés agregar el widget de Tokenia a la pantalla de inicio de tu celular, que muestra el valor total de tu portfolio actualizado sin necesidad de abrir la app.","9/Dec/25 11:40 AM;qm:96e3bf0d-beea-4cd2-bca9-568ee30412d2:af30ed9d-7e74-4e4e-8304-5e91abcd1392;genial, ya lo agregue. gracias"
la billetera me muestra saldo en una cripto que nunca compre,"en mi portfolio aparece una cantidad muy chica de una moneda que no recuerdo haber comprado nunca, de donde puede salir eso?",Medium,Resolved,qm:96e3bf0d-beea-4cd2-bca9-568ee30412d2:1979be20-22df-4ea9-a264-020aef7b27f7,maximilianojavierjulio@gmail.com,Tokenia Web,Service Request,Billetera y direcciones,2/Jul/25 2:15 PM,"2/Jul/25 4:50 PM;maximilianojavierjulio@gmail.com;Hola, esa cantidad puede corresponder a un bono de bienvenida o de alguna promoción anterior que hayas activado sin recordarlo. Revisamos tu historial y confirmamos que fue acreditado por una promoción vigente en su momento.","2/Jul/25 5:10 PM;qm:96e3bf0d-beea-4cd2-bca9-568ee30412d2:1979be20-22df-4ea9-a264-020aef7b27f7;ah cierto, ya me acorde. gracias por la aclaracion"
quiero saber si la direccion de deposito cambia si actualizo la app,"estoy por actualizar tokenia a la ultima version, mis direcciones de deposito guardadas van a seguir siendo las mismas despues de actualizar?",Low,Resolved,qm:96e3bf0d-beea-4cd2-bca9-568ee30412d2:e1ec8af6-b713-442c-a841-58d7d71b1c58,maxyjulio18@gmail.com,Tokenia Email,General request,Billetera y direcciones,14/Mar/26 9:30 AM,"14/Mar/26 9:50 AM;maxyjulio18@gmail.com;Hola, las actualizaciones de la app no afectan tus direcciones de depósito, ya que estas están asociadas a tu cuenta y no al dispositivo o versión de la aplicación.","14/Mar/26 10:10 AM;qm:96e3bf0d-beea-4cd2-bca9-568ee30412d2:e1ec8af6-b713-442c-a841-58d7d71b1c58;perfecto, tranquilo entonces. gracias"
no puedo agregar una direccion externa a mi lista de favoritos,"quiero guardar la direccion de un amigo como favorita para no tener que escribirla cada vez, pero la app no me deja guardarla.",Low,Resolved,qm:96e3bf0d-beea-4cd2-bca9-568ee30412d2:1777a0ba-d198-44c3-908f-eb26c7d492f5,maximilianojavierjulio@gmail.com,Tokenia App,Service Request,Billetera y direcciones,27/Sep/25 3:50 PM,"27/Sep/25 4:10 PM;maximilianojavierjulio@gmail.com;Hola, para guardar una dirección como favorita, primero tenés que hacer un retiro a esa dirección al menos una vez, y luego la opción de guardarla te va a aparecer automáticamente en la confirmación.","27/Sep/25 4:30 PM;qm:96e3bf0d-beea-4cd2-bca9-568ee30412d2:1777a0ba-d198-44c3-908f-eb26c7d492f5;ah, no sabia eso. gracias"
mi cuenta quedo con restriccion permanente y no se como resolverlo,"hace mas de un mes que mi cuenta esta restringida y nadie me da una solucion definitiva, cada vez que pregunto me dicen que esta en revision.",Highest,Escalated,qm:96e3bf0d-beea-4cd2-bca9-568ee30412d2:9700668d-bb18-4ce6-a136-d0d4eac1741d,maxyjulio18@gmail.com,Tokenia Email,General request,Límites y restricciones,3/Jun/25 10:00 AM,"3/Jun/25 10:20 AM;maxyjulio18@gmail.com;Hola, entendemos completamente tu frustración por la demora. Vamos a escalar tu caso directamente al equipo de cumplimiento con carácter urgente y prioritario para que te den una resolución definitiva a la brevedad.",
los limites de mi cuenta bajaron sin ningun aviso previo,de un dia para el otro mis limites de operacion se redujeron a la mitad sin que me llegara ningun mail o notificacion explicando por que.,High,Resolved,qm:96e3bf0d-beea-4cd2-bca9-568ee30412d2:2cc33309-869f-4207-ba0a-d00e2c5d79b9,maximilianojavierjulio@gmail.com,Tokenia Web,Service Request,Límites y restricciones,22/Nov/25 1:40 PM,"23/Nov/25 3:15 PM;maximilianojavierjulio@gmail.com;Hola, disculpá la demora y la falta de aviso previo, vamos a mejorar ese proceso de notificación. Revisamos tu cuenta y encontramos que fue un ajuste automático por una actualización de nuestros criterios de riesgo. Ya restablecimos tus límites habituales.",23/Nov/25 3:40 PM;qm:96e3bf0d-beea-4cd2-bca9-568ee30412d2:2cc33309-869f-4207-ba0a-d00e2c5d79b9;gracias por resolverlo y por la explicacion
puedo consultar cuanto me falta para llegar al limite mensual,quiero saber cuanto llevo operado este mes y cuanto margen me queda antes de llegar al tope mensual.,Low,Resolved,qm:96e3bf0d-beea-4cd2-bca9-568ee30412d2:3d798707-4bb8-413e-a607-86b6366d584d,maxyjulio18@gmail.com,Tokenia App,Service Request,Límites y restricciones,16/Aug/25 12:20 PM,"16/Aug/25 12:40 PM;maxyjulio18@gmail.com;Hola, sí, desde Perfil > Límites y niveles podés ver el detalle de cuánto llevás operado en el mes actual y el margen disponible antes de llegar a tu tope mensual.","16/Aug/25 1:00 PM;qm:96e3bf0d-beea-4cd2-bca9-568ee30412d2:3d798707-4bb8-413e-a607-86b6366d584d;genial, ya lo vi. gracias"
mi restriccion de retiro se levanto pero la de compra sigue activa,"tenia bloqueados retiros y compras a la vez, ya se solucionaron los retiros pero las compras me siguen sin dejar operar.",Medium,Work in Progress,qm:96e3bf0d-beea-4cd2-bca9-568ee30412d2:de0d6cf7-b049-41d4-8412-41e6f9a97992,maximilianojavierjulio@gmail.com,Tokenia Web,Service Request,Límites y restricciones,30/Jan/26 2:50 PM,"30/Jan/26 4:10 PM;maximilianojavierjulio@gmail.com;Hola, gracias por avisarnos, vamos a revisar por qué la restricción de compras sigue activa cuando debería haberse levantado junto con la de retiros. Te contactamos apenas tengamos novedades.",
existe algun tipo de cuenta sin limites para usuarios institucionales,"somos una empresa que necesita operar montos grandes regularmente, hay alguna categoria de cuenta sin limites o con limites muy altos?",Medium,Resolved,qm:96e3bf0d-beea-4cd2-bca9-568ee30412d2:2d6d7e33-c1c9-48e1-b5bc-7f83ed940fbd,maxyjulio18@gmail.com,Tokenia Email,General request,Límites y restricciones,12/Apr/25 9:10 AM,"12/Apr/25 9:30 AM;maxyjulio18@gmail.com;Hola, contamos con cuentas institucionales con límites considerablemente más altos, adaptados al volumen de tu empresa. Te vamos a enviar el formulario específico para iniciar ese proceso.","12/Abr/25 9:50 AM;qm:96e3bf0d-beea-4cd2-bca9-568ee30412d2:2d6d7e33-c1c9-48e1-b5bc-7f83ed940fbd;perfecto, quedo esperando el formulario. gracias"
la app no reconoce mi tarjeta grafica para el modo de alto rendimiento,en la web de tokenia hay una opcion de modo grafico avanzado para ver mas datos en pantalla pero mi navegador dice que no es compatible con mi placa de video.,Low,Resolved,qm:96e3bf0d-beea-4cd2-bca9-568ee30412d2:9700668d-bb18-4ce6-a136-d0d4eac1741d,maxyjulio18@gmail.com,Tokenia Web,Service Request,Problemas técnicos de la app/web,20/May/25 4:00 PM,"20/May/25 4:15 PM;maxyjulio18@gmail.com;Hola, esa función avanzada requiere aceleración por hardware que no todos los navegadores o placas soportan igual. Podés usar la versión estándar de la web sin ningún problema, no afecta la funcionalidad de tu cuenta.","20/May/25 4:35 PM;qm:96e3bf0d-beea-4cd2-bca9-568ee30412d2:9700668d-bb18-4ce6-a136-d0d4eac1741d;entendido, con la version estandar me alcanza. gracias"
la app se queda cargando infinitamente al abrir la seccion de kyc,"quiero completar mi verificacion pero cuando entro a esa seccion la pantalla queda con el circulo de carga para siempre, sin avanzar.",Medium,Escalated,qm:96e3bf0d-beea-4cd2-bca9-568ee30412d2:9b001302-64de-4529-89e2-79e3b221b797,maximilianojavierjulio@gmail.com,Tokenia App,Service Request,Problemas técnicos de la app/web,8/Sep/25 3:10 PM,"9/Sep/25 11:00 AM;maximilianojavierjulio@gmail.com;Hola, disculpá la demora, gracias por el detalle. Vamos a escalar este error a nuestro equipo técnico ya que puede estar afectando a más usuarios. Mientras tanto probá desde la versión web para completar tu verificación.",
los emojis de las notificaciones se ven como cuadrados,las notificaciones de tokenia tienen algunos emojis pero en mi celular se ven como cuadraditos en vez del dibujo normal.,Low,Resolved,qm:96e3bf0d-beea-4cd2-bca9-568ee30412d2:1777a0ba-d198-44c3-908f-eb26c7d492f5,maxyjulio18@gmail.com,Tokenia App,Service Request,Problemas técnicos de la app/web,25/Oct/25 10:40 AM,"25/Oct/25 11:00 AM;maxyjulio18@gmail.com;Hola, ese problema suele deberse a una versión desactualizada del sistema operativo de tu celular que no soporta ciertos emojis. Te recomendamos actualizar tu sistema operativo si es posible.","25/Oct/25 11:20 AM;qm:96e3bf0d-beea-4cd2-bca9-568ee30412d2:1777a0ba-d198-44c3-908f-eb26c7d492f5;entendido, gracias por la info"
la funcion de compartir referido por link no genera el link correctamente,"quiero compartir mi link de referido por redes sociales pero cuando toco compartir no genera ningun enlace, queda en blanco.",Medium,Resolved,qm:96e3bf0d-beea-4cd2-bca9-568ee30412d2:e1ec8af6-b713-442c-a841-58d7d71b1c58,maximilianojavierjulio@gmail.com,Tokenia App,Service Request,Problemas técnicos de la app/web,11/Feb/26 5:30 PM,"11/Feb/26 9:50 PM;maximilianojavierjulio@gmail.com;Hola, gracias por reportarlo, es un error puntual que ya identificamos con la generación de links de referido en algunos dispositivos. Mientras se corrige, podés copiar tu código manualmente desde la sección Referidos y compartirlo como texto.","11/Feb/26 10:10 PM;qm:96e3bf0d-beea-4cd2-bca9-568ee30412d2:e1ec8af6-b713-442c-a841-58d7d71b1c58;copiando el codigo funciono bien, gracias"
la app pierde la conexion constantemente aunque tengo buen wifi,"estoy con buena señal de wifi pero tokenia se desconecta y reconecta todo el tiempo, mostrando un cartelito de sin conexion.",Medium,Resolved,qm:96e3bf0d-beea-4cd2-bca9-568ee30412d2:af30ed9d-7e74-4e4e-8304-5e91abcd1392,maxyjulio18@gmail.com,Tokenia App,Service Request,Problemas técnicos de la app/web,4/Dec/25 1:20 PM,"4/Dec/25 6:45 PM;maxyjulio18@gmail.com;Hola, disculpá la demora, gracias por la paciencia. Detectamos un problema puntual en nuestros servidores que generaba desconexiones intermitentes, ya fue resuelto por nuestro equipo técnico. Probá de nuevo y contanos si sigue el inconveniente.","4/Dec/25 7:05 PM;qm:96e3bf0d-beea-4cd2-bca9-568ee30412d2:af30ed9d-7e74-4e4e-8304-5e91abcd1392;ya anda estable, gracias por resolverlo"
el buscador de la app tarda mucho en mostrar resultados,"cuando busco una cripto en el buscador de mercados, tarda varios segundos en mostrar algo, se siente lento comparado con el resto de la app.",Low,Resolved,qm:96e3bf0d-beea-4cd2-bca9-568ee30412d2:d2644145-7b97-47e1-82a6-cfb0dcd7ac06,maximilianojavierjulio@gmail.com,Tokenia Web,Service Request,Problemas técnicos de la app/web,17/Jul/25 2:00 PM,"17/Jul/25 2:20 PM;maximilianojavierjulio@gmail.com;Hola, gracias por el reporte. Vamos a derivarlo a nuestro equipo técnico para optimizar el tiempo de respuesta del buscador. Mientras tanto, podés navegar directamente por las categorías de mercados en vez de buscar por nombre.","17/Jul/25 2:40 PM;qm:96e3bf0d-beea-4cd2-bca9-568ee30412d2:d2644145-7b97-47e1-82a6-cfb0dcd7ac06;voy a probar navegando por categorias, gracias"
quiero saber si es seguro dejar tokenia abierto en segundo plano en un evento publico,voy a ir a un evento con mucha gente y quiero saber si es seguro tener la app abierta en el celular sin bloquear la pantalla.,Low,Resolved,qm:96e3bf0d-beea-4cd2-bca9-568ee30412d2:1979be20-22df-4ea9-a264-020aef7b27f7,maxyjulio18@gmail.com,Tokenia Email,General request,Seguridad de la cuenta,9/Oct/25 10:15 AM,"9/Oct/25 10:35 AM;maxyjulio18@gmail.com;Hola, te recomendamos siempre mantener tu celular bloqueado y activar el PIN o biometría de acceso a la app en Perfil > Seguridad, para evitar que alguien acceda a tu cuenta si te descuidás del celular en un lugar concurrido.","9/Oct/25 10:55 AM;qm:96e3bf0d-beea-4cd2-bca9-568ee30412d2:1979be20-22df-4ea9-a264-020aef7b27f7;voy a activar el pin entonces, gracias"
detecte que mi cuenta tiene una sesion activa hace mas de un mes que no reconozco,revisando las sesiones activas vi una de hace mas de un mes que nunca cerre y que no me suena el dispositivo. como la cierro de forma segura?,High,Resolved,qm:96e3bf0d-beea-4cd2-bca9-568ee30412d2:1777a0ba-d198-44c3-908f-eb26c7d492f5,maximilianojavierjulio@gmail.com,Tokenia App,Service Request,Seguridad de la cuenta,1/Dec/25 6:00 PM,"1/Dec/25 6:10 PM;maximilianojavierjulio@gmail.com;Hola, gracias por avisarnos, cerramos esa sesión de forma remota por vos. Como precaución adicional te recomendamos cambiar tu contraseña y activar el 2FA si todavía no lo tenés.","1/Dec/25 6:30 PM;qm:96e3bf0d-beea-4cd2-bca9-568ee30412d2:1777a0ba-d198-44c3-908f-eb26c7d492f5;listo, cambie la clave y active el 2fa. gracias"
me gustaria saber si tokenia notifica cuando hay una brecha de seguridad general,"si en algun momento tokenia sufre un ataque o brecha de seguridad a nivel plataforma, como se enteran los usuarios?",Medium,Resolved,qm:96e3bf0d-beea-4cd2-bca9-568ee30412d2:6829bfc5-d867-4e24-aeac-e948f6fe1b23,maxyjulio18@gmail.com,Tokenia Web,Service Request,Seguridad de la cuenta,26/Jun/25 3:40 PM,"26/Jun/25 8:15 PM;maxyjulio18@gmail.com;Hola, ante un incidente de seguridad que afecte a la plataforma, comunicamos la situación a todos los usuarios por correo electrónico y notificación dentro de la app, con las medidas correspondientes según el caso.","26/Jun/25 8:35 PM;qm:96e3bf0d-beea-4cd2-bca9-568ee30412d2:6829bfc5-d867-4e24-aeac-e948f6fe1b23;entendido, gracias por la transparencia"
mi cuenta fue reportada por otro usuario y no se por que,"me llego un mensaje diciendo que mi cuenta fue reportada por otro usuario de la plataforma, no entiendo que pude haber hecho.",High,Escalated,qm:96e3bf0d-beea-4cd2-bca9-568ee30412d2:2cc33309-869f-4207-ba0a-d00e2c5d79b9,maximilianojavierjulio@gmail.com,Tokenia App,Service Request,Seguridad de la cuenta,13/Sep/25 11:20 AM,"13/Sep/25 11:40 AM;maximilianojavierjulio@gmail.com;Hola, entendemos la preocupación. Vamos a derivar tu caso al equipo de cumplimiento para que revisen el motivo del reporte y te den una respuesta clara sobre la situación.",
como se si mi cuenta fue vinculada a otro dispositivo sin mi permiso,quiero estar seguro de que nadie mas vinculo su celular a mi cuenta de tokenia para acceder sin que yo lo sepa.,Medium,Resolved,qm:96e3bf0d-beea-4cd2-bca9-568ee30412d2:3d798707-4bb8-413e-a607-86b6366d584d,maxyjulio18@gmail.com,Tokenia Email,General request,Seguridad de la cuenta,19/Jan/26 9:50 AM,"19/Jan/26 12:20 PM;maxyjulio18@gmail.com;Hola, podés revisar todos los dispositivos vinculados a tu cuenta desde Perfil > Seguridad > Dispositivos. Ahí vas a ver el detalle de cada uno y podés desvincular cualquiera que no reconozcas.","19/Jan/26 12:40 PM;qm:96e3bf0d-beea-4cd2-bca9-568ee30412d2:3d798707-4bb8-413e-a607-86b6366d584d;revise y esta todo bien, gracias"
puedo configurar una pregunta de seguridad adicional para casos de emergencia,"me gustaria tener una pregunta de seguridad extra, tipo el nombre de mi primera mascota, para casos donde pierda acceso a todo.",Low,Resolved,qm:96e3bf0d-beea-4cd2-bca9-568ee30412d2:de0d6cf7-b049-41d4-8412-41e6f9a97992,maximilianojavierjulio@gmail.com,Tokenia Web,Service Request,Seguridad de la cuenta,6/Mar/26 4:20 PM,"6/Mar/26 4:35 PM;maximilianojavierjulio@gmail.com;Hola, por el momento no contamos con la opción de pregunta de seguridad adicional. La recuperación de cuenta se maneja mediante verificación de identidad con documento y video selfie.","6/Mar/26 4:55 PM;qm:96e3bf0d-beea-4cd2-bca9-568ee30412d2:de0d6cf7-b049-41d4-8412-41e6f9a97992;entendido, gracias por la info"
puedo simular cuanto pagaria de comision antes de confirmar una operacion grande,"antes de hacer una compra grande, quiero saber exactamente cuanto voy a pagar de comision sin tener que confirmar la operacion primero.",Low,Resolved,qm:96e3bf0d-beea-4cd2-bca9-568ee30412d2:2d6d7e33-c1c9-48e1-b5bc-7f83ed940fbd,maxyjulio18@gmail.com,Tokenia App,Service Request,Tarifas y comisiones,8/May/25 1:00 PM,"8/May/25 1:15 PM;maxyjulio18@gmail.com;Hola, sí, antes de confirmar cualquier operación, la pantalla te muestra el desglose completo con el monto de la comisión y el total a pagar, sin necesidad de confirmar para verlo.","8/May/25 1:35 PM;qm:96e3bf0d-beea-4cd2-bca9-568ee30412d2:2d6d7e33-c1c9-48e1-b5bc-7f83ed940fbd;genial, ya lo vi. gracias"
las comisiones son distintas entre la app y la version web,"hice la misma operacion primero en la app y despues simule lo mismo en la web y me parecio ver una comision levemente distinta, es normal?",Medium,Resolved,qm:96e3bf0d-beea-4cd2-bca9-568ee30412d2:38db461d-acf4-4174-9229-abec66530d80,maximilianojavierjulio@gmail.com,Tokenia Web,Service Request,Tarifas y comisiones,24/Oct/25 3:10 PM,"25/Oct/25 9:40 AM;maximilianojavierjulio@gmail.com;Hola, disculpá la demora en responder. La comisión de plataforma es la misma en ambas versiones, cualquier diferencia que hayas visto corresponde al spread de mercado, que cambia según el momento exacto en que consultaste cada una.","25/Oct/25 10:00 AM;qm:96e3bf0d-beea-4cd2-bca9-568ee30412d2:38db461d-acf4-4174-9229-abec66530d80;ah tiene sentido, gracias por confirmar"
hay comision por rechazar un retiro que el banco no acepto,"mi banco rechazo un retiro que hice y el dinero volvio a tokenia, me van a cobrar alguna comision por ese intento fallido?",Low,Resolved,qm:96e3bf0d-beea-4cd2-bca9-568ee30412d2:9700668d-bb18-4ce6-a136-d0d4eac1741d,maxyjulio18@gmail.com,Tokenia Email,General request,Tarifas y comisiones,11/Aug/25 11:30 AM,"11/Aug/25 11:50 AM;maxyjulio18@gmail.com;Hola, no cobramos ninguna comisión por retiros rechazados por el banco receptor. El monto simplemente vuelve a tu saldo disponible sin ningún costo adicional.","11/Aug/25 12:10 PM;qm:96e3bf0d-beea-4cd2-bca9-568ee30412d2:9700668d-bb18-4ce6-a136-d0d4eac1741d;que alivio, gracias por confirmar"
quiero entender por que el spread es mayor de noche que de dia,"note que operando de noche el spread suele ser mas grande que durante el dia, hay algun motivo especifico para eso?",Low,Resolved,qm:96e3bf0d-beea-4cd2-bca9-568ee30412d2:1979be20-22df-4ea9-a264-020aef7b27f7,maximilianojavierjulio@gmail.com,Tokenia App,Service Request,Tarifas y comisiones,3/Apr/26 11:15 PM,"4/Apr/26 8:20 AM;maximilianojavierjulio@gmail.com;Hola, disculpá la demora por el horario. En efecto, durante la noche suele haber menor volumen de operaciones en el mercado, lo que reduce la liquidez y puede ampliar el spread comparado con horarios de mayor actividad.","4/Abr/26 8:40 AM;qm:96e3bf0d-beea-4cd2-bca9-568ee30412d2:1979be20-22df-4ea9-a264-020aef7b27f7;entendido, voy a operar mas de dia entonces. gracias"
puedo pagar la comision con descuento si uso un cupon promocional,"vi que a veces hay promociones con codigos de descuento, esos cupones aplican para reducir la comision de las operaciones?",Low,Resolved,qm:96e3bf0d-beea-4cd2-bca9-568ee30412d2:af30ed9d-7e74-4e4e-8304-5e91abcd1392,maxyjulio18@gmail.com,Tokenia Email,General request,Tarifas y comisiones,27/Nov/25 2:40 PM,"27/Nov/25 3:00 PM;maxyjulio18@gmail.com;Hola, los cupones promocionales que ofrecemos ocasionalmente suelen dar bonos en saldo o descuentos puntuales en la comisión de una operación específica, según la promoción vigente en ese momento. Fijate en la sección Promociones dentro de la app si hay alguna activa.","27/Nov/25 3:20 PM;qm:96e3bf0d-beea-4cd2-bca9-568ee30412d2:af30ed9d-7e74-4e4e-8304-5e91abcd1392;voy a revisar esa seccion, gracias"
me parece que la comision que pague no coincide con el 1% que dicen,"hice una cuenta rapida y me parece que pague un poco mas del 1% en mi ultima compra, pueden revisar mi caso puntual?",Medium,Escalated,qm:96e3bf0d-beea-4cd2-bca9-568ee30412d2:9b001302-64de-4529-89e2-79e3b221b797,maximilianojavierjulio@gmail.com,Tokenia Web,Service Request,Tarifas y comisiones,15/Feb/26 4:50 PM,"16/Feb/26 9:10 AM;maximilianojavierjulio@gmail.com;Hola, disculpá la demora. Vamos a revisar el detalle exacto de tu operación con el equipo de operaciones para confirmar si la comisión aplicada fue correcta o si hay alguna diferencia a corregir.",
mi verificacion demoro mucho mas de lo prometido y nadie me explica por que,hace mas de 10 dias que espero la aprobacion de mi kyc y el plazo que me habian dicho era de 5 dias maximo. nadie me da una respuesta clara.,High,Escalated,qm:96e3bf0d-beea-4cd2-bca9-568ee30412d2:e34f737c-f7d6-4402-906c-c89d3851033f,maxyjulio18@gmail.com,Tokenia Email,General request,Verificación de identidad,20/Sep/25 10:00 AM,"21/Sep/25 2:30 PM;maxyjulio18@gmail.com;Hola, pedimos disculpas por la demora excesiva en tu caso. Vamos a escalarlo con prioridad al equipo de compliance para que te den una resolución definitiva lo antes posible.",
puedo saber en que paso especifico esta mi verificacion,"mi kyc dice 'en proceso' pero no se si estan revisando el dni, la selfie, o que parte especifica falta. hay mas detalle disponible?",Low,Resolved,qm:96e3bf0d-beea-4cd2-bca9-568ee30412d2:1979be20-22df-4ea9-a264-020aef7b27f7,maximilianojavierjulio@gmail.com,Tokenia App,Service Request,Verificación de identidad,14/Jun/25 12:10 PM,"14/Jun/25 12:30 PM;maximilianojavierjulio@gmail.com;Hola, el estado 'en proceso' agrupa todas las etapas de revisión sin distinguir el paso específico. Podemos confirmarte que tu documentación fue recibida correctamente y está siendo evaluada en su totalidad.","14/Jun/25 12:50 PM;qm:96e3bf0d-beea-4cd2-bca9-568ee30412d2:1979be20-22df-4ea9-a264-020aef7b27f7;entendido, gracias por la info"
necesito verificarme urgente porque tengo una oportunidad de inversion que se vence hoy,"no estoy verificado todavia y necesito operar hoy mismo por una oportunidad puntual que tengo, se puede acelerar mi caso?",High,Resolved,qm:96e3bf0d-beea-4cd2-bca9-568ee30412d2:0df99cfc-26bd-40c6-8e90-a343fc8c2ef8,maxyjulio18@gmail.com,Tokenia App,Service Request,Verificación de identidad,7/Jan/26 8:20 AM,"7/Jan/26 8:35 AM;maxyjulio18@gmail.com;Hola, entendemos la urgencia. Revisamos tu documentación y la marcamos como prioritaria para el equipo de compliance. Te notificamos apenas tengamos una resolución, generalmente estos casos se resuelven en pocas horas.","7/Jan/26 1:50 PM;qm:96e3bf0d-beea-4cd2-bca9-568ee30412d2:0df99cfc-26bd-40c6-8e90-a343fc8c2ef8;ya me aprobaron, muchisimas gracias por la rapidez"
mi verificacion fue aprobada con un nombre distinto al que puse en el registro,"note que en el perfil me figura un segundo nombre que yo no habia puesto al registrarme, debe haberlo tomado del dni. es un problema eso?",Low,Resolved,qm:96e3bf0d-beea-4cd2-bca9-568ee30412d2:743e4c73-9f65-4707-867d-362ed5c61c85,maximilianojavierjulio@gmail.com,Tokenia Email,General request,Verificación de identidad,1/Oct/25 11:40 AM,"1/Oct/25 12:00 PM;maximilianojavierjulio@gmail.com;Hola, no es ningún problema. Durante la verificación tomamos el nombre completo tal cual figura en tu documento de identidad, para asegurar la coincidencia exacta con tus datos oficiales.","1/Oct/25 12:20 PM;qm:96e3bf0d-beea-4cd2-bca9-568ee30412d2:743e4c73-9f65-4707-867d-362ed5c61c85;ah entendido, gracias por explicarme"
quiero saber si puedo subir el nivel de verificacion antes de completar el nivel anterior,"estoy en nivel 1 pero me gustaria saltar directo al nivel 3 si tengo toda la documentacion necesaria, se puede o hay que ir por orden?",Low,Resolved,qm:96e3bf0d-beea-4cd2-bca9-568ee30412d2:e1ec8af6-b713-442c-a841-58d7d71b1c58,maxyjulio18@gmail.com,Tokenia Web,Service Request,Verificación de identidad,18/Dec/25 3:30 PM,"18/Dec/25 3:45 PM;maxyjulio18@gmail.com;Hola, el proceso de verificación se realiza de forma escalonada, nivel por nivel, ya que cada uno requiere validar información distinta que se acumula progresivamente. No es posible saltar directo a un nivel superior.","18/Dec/25 4:05 PM;qm:96e3bf0d-beea-4cd2-bca9-568ee30412d2:e1ec8af6-b713-442c-a841-58d7d71b1c58;entendido, voy paso a paso entonces. gracias"
mi retiro de btc quedo en estado procesando por dos dias seguidos,"pedi retirar 0.03 btc hace dos dias y la app sigue mostrando 'procesando' sin cambios, nunca me habia pasado una demora asi.",High,Escalated,qm:96e3bf0d-beea-4cd2-bca9-568ee30412d2:d0de7e09-4c5e-463c-9d38-74616182f078,maxi220julio@gmail.com,Tokenia App,Service Request,Depósitos y retiros,6/Oct/25 9:00 AM,"7/Oct/25 11:30 AM;maxi220julio@gmail.com;Hola, disculpá la demora en responder. Detectamos que tu retiro quedó trabado en la cola de procesamiento por un error interno. Vamos a escalarlo al equipo técnico para resolverlo de forma manual cuanto antes.",
puedo depositar cripto y retirar pesos en la misma operacion,"tengo eth y quiero convertirlo directo a pesos en mi cuenta bancaria, sin tener que primero venderlo y despues pedir el retiro por separado. se puede en un solo paso?",Low,Resolved,qm:96e3bf0d-beea-4cd2-bca9-568ee30412d2:e370d25e-5cfb-48c6-9833-7546b43b5f6f,maximilianojavierjulio@gmail.com,Tokenia Email,General request,Depósitos y retiros,12/Aug/25 10:30 AM,"12/Aug/25 10:50 AM;maximilianojavierjulio@gmail.com;Hola, por el momento el proceso requiere dos pasos: primero vender el ETH a pesos dentro de la plataforma, y luego solicitar el retiro bancario de ese saldo. No contamos con una operación combinada automática.","12/Aug/25 11:10 AM;qm:96e3bf0d-beea-4cd2-bca9-568ee30412d2:e370d25e-5cfb-48c6-9833-7546b43b5f6f;entendido, gracias por aclarar"
el retiro de usdt trc20 aparecio duplicado en mi historial,"pedi un solo retiro de 100 usdt pero en el historial me aparecen dos registros identicos, me preocupa que me hayan descontado el doble.",High,Resolved,qm:96e3bf0d-beea-4cd2-bca9-568ee30412d2:9700668d-bb18-4ce6-a136-d0d4eac1741d,maxyjulio18@gmail.com,Tokenia Web,Service Request,Depósitos y retiros,29/Nov/25 4:15 PM,"29/Nov/25 4:40 PM;maxyjulio18@gmail.com;Hola, revisamos tu cuenta y confirmamos que solo se procesó un retiro real de 100 USDT, el registro duplicado corresponde a un error visual en el historial. Tu saldo se descontó únicamente una vez.","29/Nov/25 5:00 PM;qm:96e3bf0d-beea-4cd2-bca9-568ee30412d2:9700668d-bb18-4ce6-a136-d0d4eac1741d;que alivio, gracias por confirmar"
"quiero saber si hay comision de red para depositos, no solo para retiros","entiendo que los retiros de cripto tienen comision de red, pero los depositos tambien tienen algun costo de red que se descuente?",Low,Resolved,qm:96e3bf0d-beea-4cd2-bca9-568ee30412d2:af30ed9d-7e74-4e4e-8304-5e91abcd1392,maximilianojavierjulio@gmail.com,Tokenia App,Service Request,Depósitos y retiros,3/Mar/26 1:20 PM,"3/Mar/26 1:40 PM;maximilianojavierjulio@gmail.com;Hola, los depósitos no tienen ninguna comisión de red de parte de Tokenia. El único costo posible sería el gas fee que cobra la red al momento de enviar los fondos desde tu billetera de origen, algo ajeno a nosotros.","3/Mar/26 2:00 PM;qm:96e3bf0d-beea-4cd2-bca9-568ee30412d2:af30ed9d-7e74-4e4e-8304-5e91abcd1392;entendido, gracias por la aclaracion"
mi deposito de btc aparecio acreditado pero con menos confirmaciones de las requeridas,"vi que mi deposito de bitcoin se acredito en tokenia con solo 2 confirmaciones, pensaba que se necesitaban 3. es un error o cambiaron el requisito?",Low,Resolved,qm:96e3bf0d-beea-4cd2-bca9-568ee30412d2:1979be20-22df-4ea9-a264-020aef7b27f7,maxyjulio18@gmail.com,Tokenia Web,Service Request,Depósitos y retiros,16/Jun/25 3:40 PM,"16/Jun/25 4:00 PM;maxyjulio18@gmail.com;Hola, gracias por la observación. Efectivamente ajustamos recientemente el requisito de confirmaciones para depósitos de BTC de 3 a 2, manteniendo un nivel de seguridad adecuado con una acreditación más rápida.","16/Jun/25 4:20 PM;qm:96e3bf0d-beea-4cd2-bca9-568ee30412d2:1979be20-22df-4ea9-a264-020aef7b27f7;ah que bueno, mas rapido entonces. gracias"
puedo hacer un retiro parcial de cripto mientras el resto sigue operando,"tengo btc invertido y quiero retirar solo una parte a mi wallet externa, dejando el resto en tokenia para seguir operando. eso afecta de alguna forma mi cuenta?",Low,Resolved,qm:96e3bf0d-beea-4cd2-bca9-568ee30412d2:e34f737c-f7d6-4402-906c-c89d3851033f,maximilianojavierjulio@gmail.com,Tokenia Email,General request,Depósitos y retiros,21/Sep/25 11:10 AM,"21/Sep/25 11:30 AM;maximilianojavierjulio@gmail.com;Hola, no hay ningún inconveniente en retirar solo una parte de tu saldo. Podés dejar el resto en Tokenia para seguir operando con normalidad sin ninguna restricción adicional.","21/Sep/25 11:50 AM;qm:96e3bf0d-beea-4cd2-bca9-568ee30412d2:e34f737c-f7d6-4402-906c-c89d3851033f;perfecto, gracias"
el deposito de sol se acredito antes de las confirmaciones minimas indicadas,"mande solana y se acredito casi al instante, mas rapido de lo que decia la app que iba a tardar. esta bien que haya sido tan rapido?",Low,Resolved,qm:96e3bf0d-beea-4cd2-bca9-568ee30412d2:d2644145-7b97-47e1-82a6-cfb0dcd7ac06,maxyjulio18@gmail.com,Tokenia App,Service Request,Depósitos y retiros,10/Jan/26 2:00 PM,"10/Jan/26 2:15 PM;maxyjulio18@gmail.com;Hola, no hay ningún problema, es totalmente normal. La red Solana es muy rápida y a veces las confirmaciones se completan más rápido de lo estimado en la app. Tu depósito quedó acreditado correctamente.","10/Jan/26 2:35 PM;qm:96e3bf0d-beea-4cd2-bca9-568ee30412d2:d2644145-7b97-47e1-82a6-cfb0dcd7ac06;genial, gracias por confirmar"
como se diferencia tokenia de otros exchanges argentinos,"estoy comparando varias opciones para invertir en cripto, que hace diferente a tokenia de otros exchanges locales?",Low,Resolved,qm:96e3bf0d-beea-4cd2-bca9-568ee30412d2:9700668d-bb18-4ce6-a136-d0d4eac1741d,maximilianojavierjulio@gmail.com,Tokenia Email,General request,Información y consultas generales,5/Jul/25 10:20 AM,"5/Jul/25 10:40 AM;maximilianojavierjulio@gmail.com;Hola, no podemos hacer comparaciones directas con otros exchanges, pero podemos contarte que en Tokenia priorizamos la simplicidad de uso, comisiones transparentes y soporte multipaís en Argentina, Brasil, Uruguay y Estados Unidos.","5/Jul/25 11:00 AM;qm:96e3bf0d-beea-4cd2-bca9-568ee30412d2:9700668d-bb18-4ce6-a136-d0d4eac1741d;entendido, gracias por la info"
quiero saber si tokenia ofrece staking de alguna criptomoneda,"vi que en otras plataformas se puede hacer staking para generar rendimientos pasivos, tokenia tiene esa opcion disponible?",Low,Resolved,qm:96e3bf0d-beea-4cd2-bca9-568ee30412d2:af30ed9d-7e74-4e4e-8304-5e91abcd1392,maxyjulio18@gmail.com,Tokenia App,Service Request,Información y consultas generales,13/Nov/25 4:40 PM,"13/Nov/25 5:00 PM;maxyjulio18@gmail.com;Hola, por el momento no ofrecemos staking dentro de la plataforma. Es una función que estamos evaluando incorporar para el futuro.","13/Nov/25 5:20 PM;qm:96e3bf0d-beea-4cd2-bca9-568ee30412d2:af30ed9d-7e74-4e4e-8304-5e91abcd1392;entendido, espero que lo agreguen"
necesito saber si tokenia tiene un blog o recursos para aprender sobre cripto,"soy nuevo en el tema y me gustaria leer contenido basico sobre criptomonedas, tokenia tiene algun blog o seccion educativa?",Low,Resolved,qm:96e3bf0d-beea-4cd2-bca9-568ee30412d2:1979be20-22df-4ea9-a264-020aef7b27f7,maximilianojavierjulio@gmail.com,Tokenia Web,Service Request,Información y consultas generales,28/Feb/26 9:10 AM,"28/Feb/26 9:30 AM;maximilianojavierjulio@gmail.com;Hola, contamos con un blog en nuestro sitio web donde publicamos artículos introductorios sobre criptomonedas y el funcionamiento de la plataforma. Te recomendamos revisarlo desde tokenia.com/blog.","28/Feb/26 9:50 AM;qm:96e3bf0d-beea-4cd2-bca9-568ee30412d2:1979be20-22df-4ea9-a264-020aef7b27f7;genial, voy a leerlo. gracias"
como hago si quiero dejar de recibir absolutamente todas las notificaciones,"quiero silenciar completamente todas las notificaciones de tokenia, tanto push como mail, hay una opcion para desactivar todo de una?",Low,Resolved,qm:96e3bf0d-beea-4cd2-bca9-568ee30412d2:e1ec8af6-b713-442c-a841-58d7d71b1c58,maxyjulio18@gmail.com,Tokenia App,Service Request,Información y consultas generales,19/May/25 2:50 PM,"19/May/25 3:10 PM;maxyjulio18@gmail.com;Hola, podés desactivar la mayoría de las notificaciones desde Perfil > Notificaciones. Sin embargo, algunas alertas de seguridad crítica como cambios de contraseña siempre se envían por mail para proteger tu cuenta.","19/May/25 3:30 PM;qm:96e3bf0d-beea-4cd2-bca9-568ee30412d2:e1ec8af6-b713-442c-a841-58d7d71b1c58;entendido, tiene sentido esa excepcion"
puedo usar tokenia si soy residente argentino pero vivo permanentemente en el exterior,"soy argentino con dni vigente pero vivo hace años en otro pais de forma permanente, puedo abrir una cuenta igual?",Medium,Resolved,qm:96e3bf0d-beea-4cd2-bca9-568ee30412d2:1777a0ba-d198-44c3-908f-eb26c7d492f5,maximilianojavierjulio@gmail.com,Tokenia Email,General request,Información y consultas generales,7/Oct/25 11:40 AM,"7/Oct/25 12:00 PM;maximilianojavierjulio@gmail.com;Hola, sí, podés operar en Tokenia con tu DNI argentino vigente sin importar dónde residas actualmente. El proceso de verificación es el mismo independientemente de tu país de residencia.","7/Oct/25 12:20 PM;qm:96e3bf0d-beea-4cd2-bca9-568ee30412d2:1777a0ba-d198-44c3-908f-eb26c7d492f5;perfecto, gracias por confirmarme"
tokenia tiene alguna certificacion de seguridad informatica,"para confiar mas en la plataforma, queria saber si tokenia cuenta con alguna certificacion tipo iso o similar de seguridad de datos.",Low,Resolved,qm:96e3bf0d-beea-4cd2-bca9-568ee30412d2:6829bfc5-d867-4e24-aeac-e948f6fe1b23,maxyjulio18@gmail.com,Tokenia Web,Service Request,Información y consultas generales,15/Dec/25 10:30 AM,"15/Dec/25 10:50 AM;maxyjulio18@gmail.com;Hola, contamos con protocolos de seguridad basados en estándares de la industria para el resguardo de datos e infraestructura. Podés encontrar más detalle sobre nuestras prácticas de seguridad en la sección 'Seguridad' de nuestro sitio.","15/Dec/25 11:10 AM;qm:96e3bf0d-beea-4cd2-bca9-568ee30412d2:6829bfc5-d867-4e24-aeac-e948f6fe1b23;gracias, lo voy a revisar"
quiero saber si puedo usar tokenia para pagos entre familiares en distintos paises,"tengo familia en brasil y me gustaria mandarles plata usando tokenia en vez de una remesa tradicional, se puede usar asi?",Medium,Resolved,qm:96e3bf0d-beea-4cd2-bca9-568ee30412d2:2d6d7e33-c1c9-48e1-b5bc-7f83ed940fbd,maximilianojavierjulio@gmail.com,Tokenia App,Service Request,Información y consultas generales,2/Apr/26 1:00 PM,"2/Abr/26 1:20 PM;maximilianojavierjulio@gmail.com;Hola, sí, muchos usuarios usan Tokenia para enviar fondos entre países comprando cripto acá y que la otra persona la venda en su cuenta local de Tokenia en Brasil, aunque cada uno debe tener su propia cuenta verificada en su país correspondiente.","2/Abr/26 1:40 PM;qm:96e3bf0d-beea-4cd2-bca9-568ee30412d2:2d6d7e33-c1c9-48e1-b5bc-7f83ed940fbd;perfecto, le voy a decir a mi familia que se registre. gracias"
puedo cargar pesos usando transferencia inmediata en vez de comun,"mi banco tiene la opcion de transferencia inmediata con costo, eso acredita mas rapido en tokenia que una transferencia comun?",Low,Resolved,qm:96e3bf0d-beea-4cd2-bca9-568ee30412d2:9700668d-bb18-4ce6-a136-d0d4eac1741d,maxyjulio18@gmail.com,Tokenia Web,Service Request,Operaciones de compra/venta fiat,9/Jun/25 12:30 PM,"9/Jun/25 12:50 PM;maxyjulio18@gmail.com;Hola, sí, las transferencias inmediatas suelen acreditarse en Tokenia más rápido que las comunes, ya que llegan a nuestra cuenta bancaria en el momento en vez de esperar el proceso de compensación bancaria estándar.","9/Jun/25 1:10 PM;qm:96e3bf0d-beea-4cd2-bca9-568ee30412d2:9700668d-bb18-4ce6-a136-d0d4eac1741d;genial, la voy a usar entonces. gracias"
puedo retirar pesos a una cuenta de un banco digital como uala o brubank,"tengo mi cuenta bancaria en un banco digital, se puede retirar de tokenia a ese tipo de cuentas o solo a bancos tradicionales?",Low,Resolved,qm:96e3bf0d-beea-4cd2-bca9-568ee30412d2:e34f737c-f7d6-4402-906c-c89d3851033f,maximilianojavierjulio@gmail.com,Tokenia App,Service Request,Operaciones de compra/venta fiat,22/Aug/25 3:00 PM,"22/Aug/25 3:20 PM;maximilianojavierjulio@gmail.com;Hola, sí, podés retirar a cualquier cuenta bancaria argentina que tenga CBU o CVU a tu nombre, incluidos bancos digitales como Ualá o Brubank, sin ninguna restricción adicional.","22/Aug/25 3:40 PM;qm:96e3bf0d-beea-4cd2-bca9-568ee30412d2:e34f737c-f7d6-4402-906c-c89d3851033f;perfecto, gracias por confirmar"
el monto que retire en pesos aparecio con centavos que no pedi,"solicite un retiro de 50000 pesos exactos y en el comprobante me aparecen 49999,87 pesos, de donde sale esa diferencia con centavos?",Low,Resolved,qm:96e3bf0d-beea-4cd2-bca9-568ee30412d2:1979be20-22df-4ea9-a264-020aef7b27f7,maxyjulio18@gmail.com,Tokenia Web,Service Request,Operaciones de compra/venta fiat,4/Feb/26 11:20 AM,"4/Feb/26 11:40 AM;maxyjulio18@gmail.com;Hola, esa pequeña diferencia puede deberse a un redondeo en el sistema bancario al procesar la transferencia. El monto principal de tu retiro fue procesado correctamente.","4/Feb/26 12:00 PM;qm:96e3bf0d-beea-4cd2-bca9-568ee30412d2:1979be20-22df-4ea9-a264-020aef7b27f7;entendido, es una diferencia minima. gracias"
quiero saber si conviene cargar pesos de una sola vez o en partes,"voy a cargar un monto grande de pesos, es mejor hacerlo en una sola transferencia o dividirlo en varias mas chicas por algun motivo?",Low,Resolved,qm:96e3bf0d-beea-4cd2-bca9-568ee30412d2:af30ed9d-7e74-4e4e-8304-5e91abcd1392,maximilianojavierjulio@gmail.com,Tokenia Email,General request,Operaciones de compra/venta fiat,17/Sep/25 10:10 AM,"17/Sep/25 10:30 AM;maximilianojavierjulio@gmail.com;Hola, no hay ninguna diferencia operativa entre hacerlo en una sola transferencia o en varias, ambas se acreditan de la misma forma. Podés elegir la opción que te resulte más cómoda.","17/Sep/25 10:50 AM;qm:96e3bf0d-beea-4cd2-bca9-568ee30412d2:af30ed9d-7e74-4e4e-8304-5e91abcd1392;entendido, gracias por la info"
mi retiro de pesos fue rechazado por datos incompletos del cbu,"quise retirar y me dice que mi cbu tiene datos incompletos, pero yo lo cargue completo hace tiempo y siempre funciono bien.",Medium,Resolved,qm:96e3bf0d-beea-4cd2-bca9-568ee30412d2:1777a0ba-d198-44c3-908f-eb26c7d492f5,maxyjulio18@gmail.com,Tokenia App,Service Request,Operaciones de compra/venta fiat,23/Jan/26 2:40 PM,"23/Jan/26 3:00 PM;maxyjulio18@gmail.com;Hola, es posible que haya habido un cambio en la validación de datos bancarios de nuestro lado. Te recomendamos volver a cargar tu CBU desde cero en Perfil > Datos bancarios para que quede correctamente registrado.","23/Jan/26 3:20 PM;qm:96e3bf0d-beea-4cd2-bca9-568ee30412d2:1777a0ba-d198-44c3-908f-eb26c7d492f5;lo volvi a cargar y ya funciono, gracias"
puedo ver el tipo de cambio historico que use en operaciones pasadas,"necesito saber a que cotizacion de dolar se hizo una operacion que tengo de hace unos meses, para un tramite personal.",Medium,Resolved,qm:96e3bf0d-beea-4cd2-bca9-568ee30412d2:9700668d-bb18-4ce6-a136-d0d4eac1741d,maximilianojavierjulio@gmail.com,Tokenia Web,Service Request,Operaciones de compra/venta fiat,8/Nov/25 4:00 PM,"8/Nov/25 4:20 PM;maximilianojavierjulio@gmail.com;Hola, en el comprobante de cada operación pasada, disponible desde Actividad, figura el tipo de cambio exacto que se aplicó en ese momento. Podés consultarlo ahí directamente.","8/Nov/25 4:40 PM;qm:96e3bf0d-beea-4cd2-bca9-568ee30412d2:9700668d-bb18-4ce6-a136-d0d4eac1741d;perfecto, ya lo encontre. gracias"
puedo automatizar la venta cuando llegue a un porcentaje de ganancia,"quiero configurar que se venda automatico una cripto cuando suba un 20% desde que la compre, existe esa funcion de take profit?",Low,Resolved,qm:96e3bf0d-beea-4cd2-bca9-568ee30412d2:e1ec8af6-b713-442c-a841-58d7d71b1c58,maxyjulio18@gmail.com,Tokenia App,Service Request,Operaciones de compra/venta crypto,14/Jul/25 1:50 PM,"14/Jul/25 2:10 PM;maxyjulio18@gmail.com;Hola, por el momento no contamos con la función de take profit automático. Vas a tener que hacer un seguimiento manual del precio para vender cuando llegue al nivel que buscás.","14/Jul/25 2:30 PM;qm:96e3bf0d-beea-4cd2-bca9-568ee30412d2:e1ec8af6-b713-442c-a841-58d7d71b1c58;entendido, espero que lo agreguen en el futuro"
mi orden de compra se ejecuto parcialmente sin que yo lo pidiera,"puse una orden de compra de 1000 dolares en eth y solo se ejecutaron 700, el resto quedo pendiente sin que yo pidiera una ejecucion parcial.",Medium,Resolved,qm:96e3bf0d-beea-4cd2-bca9-568ee30412d2:1979be20-22df-4ea9-a264-020aef7b27f7,maximilianojavierjulio@gmail.com,Tokenia Web,Service Request,Operaciones de compra/venta crypto,1/Dec/25 11:30 AM,"1/Dec/25 11:50 AM;maximilianojavierjulio@gmail.com;Hola, en momentos de baja liquidez, algunas órdenes se ejecutan de forma parcial contra la liquidez disponible, y el resto queda pendiente hasta completarse. Podés cancelar la parte pendiente en cualquier momento si preferís no continuar.","1/Dec/25 12:10 PM;qm:96e3bf0d-beea-4cd2-bca9-568ee30412d2:1979be20-22df-4ea9-a264-020aef7b27f7;entendido, voy a esperar que se complete. gracias"
quiero saber si comprar en horarios de baja actividad tiene mejor precio,"para ahorrar en el spread, conviene comprar en algun horario especifico donde el mercado este mas tranquilo?",Low,Resolved,qm:96e3bf0d-beea-4cd2-bca9-568ee30412d2:af30ed9d-7e74-4e4e-8304-5e91abcd1392,maxyjulio18@gmail.com,Tokenia Email,General request,Operaciones de compra/venta crypto,26/Apr/25 3:20 PM,"26/Apr/25 3:40 PM;maxyjulio18@gmail.com;Hola, en general los horarios de mayor volumen de operaciones globales (mañana y tarde en Argentina) suelen tener spreads más bajos por mayor liquidez, aunque esto puede variar según el día y las condiciones del mercado.","26/Abr/25 4:00 PM;qm:96e3bf0d-beea-4cd2-bca9-568ee30412d2:af30ed9d-7e74-4e4e-8304-5e91abcd1392;entendido, voy a probar operando en esos horarios. gracias"
puedo ver el volumen de operaciones de una cripto antes de comprar,"quiero saber si hay suficiente movimiento de una moneda antes de comprarla, para no quedarme sin liquidez despues al querer vender.",Low,Resolved,qm:96e3bf0d-beea-4cd2-bca9-568ee30412d2:9700668d-bb18-4ce6-a136-d0d4eac1741d,maximilianojavierjulio@gmail.com,Tokenia App,Service Request,Operaciones de compra/venta crypto,9/Sep/25 10:40 AM,"9/Sep/25 11:00 AM;maximilianojavierjulio@gmail.com;Hola, sí, en la ficha de cada criptomoneda dentro de la sección Mercados podés ver el volumen de operaciones de las últimas 24 horas, lo que te da una idea de la liquidez disponible.","9/Sep/25 11:20 AM;qm:96e3bf0d-beea-4cd2-bca9-568ee30412d2:9700668d-bb18-4ce6-a136-d0d4eac1741d;genial, gracias por confirmarme"
"compre una cripto y bajo de precio al toque, se puede reclamar algo","compre eth y a los 5 minutos bajo bastante el precio, se que es parte del riesgo pero queria saber si hay alguna proteccion en esos casos.",Low,Resolved,qm:96e3bf0d-beea-4cd2-bca9-568ee30412d2:e34f737c-f7d6-4402-906c-c89d3851033f,maxyjulio18@gmail.com,Tokenia Web,Service Request,Operaciones de compra/venta crypto,19/Nov/25 4:10 PM,"19/Nov/25 4:30 PM;maxyjulio18@gmail.com;Hola, entendemos la situación, pero la volatilidad de precio es propia del mercado de criptomonedas y no algo que Tokenia pueda controlar ni ofrecer protección sobre ella. Te recomendamos evaluar bien el riesgo antes de cada operación.","19/Nov/25 4:50 PM;qm:96e3bf0d-beea-4cd2-bca9-568ee30412d2:e34f737c-f7d6-4402-906c-c89d3851033f;entendido, es parte del riesgo. gracias por la aclaracion"
quiero saber si puedo comprar cripto usando saldo de otra cripto directamente,"tengo btc y quiero comprar eth usando ese btc, sin pasar primero por pesos. es lo mismo que el swap o es distinto?",Low,Resolved,qm:96e3bf0d-beea-4cd2-bca9-568ee30412d2:d2644145-7b97-47e1-82a6-cfb0dcd7ac06,maximilianojavierjulio@gmail.com,Tokenia App,Service Request,Operaciones de compra/venta crypto,5/Feb/26 12:50 PM,"5/Feb/26 1:10 PM;maximilianojavierjulio@gmail.com;Hola, sí, es exactamente lo mismo que el swap que mencionás, la función de 'Cambiar' te permite convertir directamente de una cripto a otra sin pasar por pesos.","5/Feb/26 1:30 PM;qm:96e3bf0d-beea-4cd2-bca9-568ee30412d2:d2644145-7b97-47e1-82a6-cfb0dcd7ac06;ah perfecto, ya lo use antes entonces sin saberlo. gracias"
mi compra de matic quedo pendiente por mas tiempo que otras altcoins,"compre polygon y tardo bastante mas en confirmarse comparado con otras veces que compre otras altcoins similares, a que se debe?",Medium,Resolved,qm:96e3bf0d-beea-4cd2-bca9-568ee30412d2:9700668d-bb18-4ce6-a136-d0d4eac1741d,maxyjulio18@gmail.com,Tokenia Web,Service Request,Operaciones de compra/venta crypto,12/Oct/25 3:15 PM,"12/Oct/25 5:40 PM;maxyjulio18@gmail.com;Hola, disculpá la demora en responder. Revisamos tu operación y detectamos baja liquidez puntual en el par MATIC en ese momento, lo que extendió el tiempo de ejecución. La operación se completó correctamente al precio esperado.","12/Oct/25 6:00 PM;qm:96e3bf0d-beea-4cd2-bca9-568ee30412d2:9700668d-bb18-4ce6-a136-d0d4eac1741d;entendido, gracias por la explicacion"
no puedo entrar porque el teclado del celular no escribe simbolos,"mi clave tiene un simbolo especial pero el teclado de mi celular no me deja escribirlo bien en el campo de contraseña, se ve como que lo tipeo pero no entra.",Low,Resolved,qm:96e3bf0d-beea-4cd2-bca9-568ee30412d2:2cc33309-869f-4207-ba0a-d00e2c5d79b9,maxi220julio@gmail.com,Tokenia App,Service Request,Acceso y autenticación,11/May/25 4:00 PM,"11/May/25 4:15 PM;maxi220julio@gmail.com;Hola, probá cambiar el teclado de tu celular a uno estándar en inglés o español sin predicción de texto, a veces algunos teclados personalizados no envían correctamente ciertos símbolos.","11/May/25 4:35 PM;qm:96e3bf0d-beea-4cd2-bca9-568ee30412d2:2cc33309-869f-4207-ba0a-d00e2c5d79b9;cambiando el teclado funciono, gracias"
quiero saber si puedo usar autenticacion con llave fisica tipo yubikey,"para maxima seguridad, tokenia soporta llaves de seguridad fisicas usb como segundo factor?",Low,Resolved,qm:96e3bf0d-beea-4cd2-bca9-568ee30412d2:3d798707-4bb8-413e-a607-86b6366d584d,maximilianojavierjulio@gmail.com,Tokenia Web,Service Request,Acceso y autenticación,24/Sep/25 10:20 AM,"24/Sep/25 10:40 AM;maximilianojavierjulio@gmail.com;Hola, por el momento solo contamos con verificación en dos pasos mediante app de autenticación o SMS. No soportamos llaves de seguridad físicas tipo YubiKey todavía.","24/Sep/25 11:00 AM;qm:96e3bf0d-beea-4cd2-bca9-568ee30412d2:3d798707-4bb8-413e-a607-86b6366d584d;entendido, gracias por la info"
mi cuenta quedo inactiva por falta de uso y ahora no puedo entrar,no use tokenia por casi un año y ahora cuando intento entrar me dice que la cuenta esta inactiva. como la reactivo?,Medium,Resolved,qm:96e3bf0d-beea-4cd2-bca9-568ee30412d2:de0d6cf7-b049-41d4-8412-41e6f9a97992,maxyjulio18@gmail.com,Tokenia Email,General request,Acceso y autenticación,16/Aug/25 9:30 AM,"16/Aug/25 9:50 AM;maxyjulio18@gmail.com;Hola, para reactivar tu cuenta simplemente ingresá con tus credenciales habituales, el sistema la reactiva automáticamente. Si tenías el DNI vencido, es posible que te pidamos actualizarlo primero.","16/Aug/25 10:10 AM;qm:96e3bf0d-beea-4cd2-bca9-568ee30412d2:de0d6cf7-b049-41d4-8412-41e6f9a97992;ya pude entrar, gracias"
no me deja usar la misma clave que use en otro servicio,"quise poner una contraseña que ya uso en otra app y tokenia me la rechaza diciendo que es insegura, aunque cumple todos los requisitos que piden.",Low,Resolved,qm:96e3bf0d-beea-4cd2-bca9-568ee30412d2:2d6d7e33-c1c9-48e1-b5bc-7f83ed940fbd,maximilianojavierjulio@gmail.com,Tokenia Web,Service Request,Acceso y autenticación,2/Dec/25 2:15 PM,"2/Dec/25 2:35 PM;maximilianojavierjulio@gmail.com;Hola, además de los requisitos de formato, verificamos que la contraseña no esté en listas de contraseñas comprometidas conocidas por filtraciones de seguridad de otros servicios. Te recomendamos usar una clave distinta a las que ya usás en otras plataformas por tu propia seguridad.","2/Dec/25 2:55 PM;qm:96e3bf0d-beea-4cd2-bca9-568ee30412d2:2d6d7e33-c1c9-48e1-b5bc-7f83ed940fbd;ah que bueno que lo chequean, gracias"
quiero saber si hay una version de tokenia para relojes inteligentes,"tengo un smartwatch y me gustaria ver notificaciones o el precio de btc directo ahi, tokenia tiene alguna app para eso?",Low,Resolved,qm:96e3bf0d-beea-4cd2-bca9-568ee30412d2:9b001302-64de-4529-89e2-79e3b221b797,maxyjulio18@gmail.com,Tokenia Email,General request,Acceso y autenticación,30/Oct/25 11:40 AM,"30/Oct/25 12:00 PM;maxyjulio18@gmail.com;Hola, por el momento no contamos con una aplicación específica para smartwatches. Es una función que estamos evaluando para el futuro.","30/Oct/25 12:20 PM;qm:96e3bf0d-beea-4cd2-bca9-568ee30412d2:9b001302-64de-4529-89e2-79e3b221b797;entendido, gracias"
mi sesion se cierra si cambio de red wifi a datos moviles,"cuando estoy con la app abierta y se me corta el wifi pasando a datos moviles, se cierra la sesion sola. es normal ese comportamiento?",Low,Resolved,qm:96e3bf0d-beea-4cd2-bca9-568ee30412d2:af30ed9d-7e74-4e4e-8304-5e91abcd1392,maximilianojavierjulio@gmail.com,Tokenia App,Service Request,Acceso y autenticación,19/Jan/26 3:50 PM,"19/Jan/26 4:10 PM;maximilianojavierjulio@gmail.com;Hola, gracias por avisarnos, no debería cerrar la sesión con un simple cambio de red. Vamos a derivarlo a nuestro equipo técnico para revisar ese comportamiento puntual.",19/Jan/26 4:30 PM;qm:96e3bf0d-beea-4cd2-bca9-568ee30412d2:af30ed9d-7e74-4e4e-8304-5e91abcd1392;gracias por tomarlo en cuenta
quiero cambiar mi nombre de usuario visible para otros usuarios de tokenia,"cuando alguien me busca por usuario para hacer una transferencia interna, aparece un nombre que ya no quiero usar, como lo cambio?",Low,Resolved,qm:96e3bf0d-beea-4cd2-bca9-568ee30412d2:1979be20-22df-4ea9-a264-020aef7b27f7,maxyjulio18@gmail.com,Tokenia Web,Service Request,Acceso y autenticación,13/Jul/25 12:20 PM,"13/Jul/25 12:40 PM;maxyjulio18@gmail.com;Hola, podés cambiar tu nombre de usuario visible desde Perfil > Datos personales > Nombre de usuario, siempre que el nuevo nombre esté disponible y no lo esté usando otra cuenta.","13/Jul/25 1:00 PM;qm:96e3bf0d-beea-4cd2-bca9-568ee30412d2:1979be20-22df-4ea9-a264-020aef7b27f7;listo, ya lo cambie. gracias"
mi cuenta quedo con el limite mas bajo posible sin explicacion clara,"el limite que tengo ahora es el minimo de nivel 1, pero yo ya habia completado el nivel 2 hace meses. no entiendo por que bajo.",High,Escalated,qm:96e3bf0d-beea-4cd2-bca9-568ee30412d2:e370d25e-5cfb-48c6-9833-7546b43b5f6f,maxi220julio@gmail.com,Tokenia App,Service Request,Límites y restricciones,6/Nov/25 1:00 PM,"7/Nov/25 9:30 AM;maxi220julio@gmail.com;Hola, disculpá la demora. Revisamos tu cuenta y encontramos una inconsistencia en el registro de tu nivel de verificación. Vamos a derivarlo al equipo correspondiente para restaurar tu nivel correcto cuanto antes.",
los limites cambiaron automaticamente al actualizar mi domicilio en otro pais,"me mude a otro pais y actualice mi domicilio, y de repente mis limites cambiaron completamente a otros valores. es porque ahora aplica otra regulacion?",Medium,Resolved,qm:96e3bf0d-beea-4cd2-bca9-568ee30412d2:9700668d-bb18-4ce6-a136-d0d4eac1741d,maximilianojavierjulio@gmail.com,Tokenia Email,General request,Límites y restricciones,14/Mar/26 10:15 AM,"14/Mar/26 10:35 AM;maximilianojavierjulio@gmail.com;Hola, sí, si tu domicilio cambió a otro país donde operamos, los límites se ajustan según la regulación local de ese mercado, que puede ser distinta a la de Argentina.","14/Mar/26 10:55 AM;qm:96e3bf0d-beea-4cd2-bca9-568ee30412d2:9700668d-bb18-4ce6-a136-d0d4eac1741d;entendido, gracias por la explicacion"
puedo ver el historial de cambios de mis limites a lo largo del tiempo,"me gustaria ver un registro de cuando subieron o bajaron mis limites en el pasado, para entender mejor mi cuenta.",Low,Resolved,qm:96e3bf0d-beea-4cd2-bca9-568ee30412d2:af30ed9d-7e74-4e4e-8304-5e91abcd1392,maxyjulio18@gmail.com,Tokenia Web,Service Request,Límites y restricciones,27/Jun/25 3:40 PM,"27/Jun/25 4:00 PM;maxyjulio18@gmail.com;Hola, por el momento no contamos con un historial visible de cambios de límites dentro de la app. Si necesitás ese detalle para algún trámite, podés solicitárnoslo por este medio.","27/Jun/25 4:20 PM;qm:96e3bf0d-beea-4cd2-bca9-568ee30412d2:af30ed9d-7e74-4e4e-8304-5e91abcd1392;entendido, gracias"
me restringieron por usar una vpn para entrar a la app,"estaba usando una vpn por temas de trabajo y no me dejo operar, diciendo que detecto una ubicacion sospechosa. es por la vpn?",Medium,Resolved,qm:96e3bf0d-beea-4cd2-bca9-568ee30412d2:9700668d-bb18-4ce6-a136-d0d4eac1741d,maximilianojavierjulio@gmail.com,Tokenia App,Service Request,Límites y restricciones,10/Sep/25 4:20 PM,"10/Sep/25 4:40 PM;maximilianojavierjulio@gmail.com;Hola, sí, el uso de VPN puede activar nuestros sistemas de detección de fraude al simular una ubicación distinta a la habitual. Te recomendamos desactivar la VPN al operar en Tokenia para evitar este tipo de restricciones.","10/Sep/25 5:00 PM;qm:96e3bf0d-beea-4cd2-bca9-568ee30412d2:9700668d-bb18-4ce6-a136-d0d4eac1741d;desactivando la vpn pude operar bien, gracias"
quiero saber si los limites suben automaticamente con el tiempo de antiguedad,"tengo la cuenta hace mas de un año, los limites suben solos por antiguedad o siempre dependen exclusivamente del nivel de verificacion?",Low,Resolved,qm:96e3bf0d-beea-4cd2-bca9-568ee30412d2:e1ec8af6-b713-442c-a841-58d7d71b1c58,maxyjulio18@gmail.com,Tokenia Email,General request,Límites y restricciones,22/Apr/25 2:00 PM,"22/Apr/25 2:20 PM;maxyjulio18@gmail.com;Hola, los límites dependen únicamente de tu nivel de verificación, no suben automáticamente por antigüedad de la cuenta. Para aumentarlos necesitás completar la verificación del siguiente nivel.","22/Abr/25 2:40 PM;qm:96e3bf0d-beea-4cd2-bca9-568ee30412d2:e1ec8af6-b713-442c-a841-58d7d71b1c58;entendido, gracias por aclarar"
puedo consultar si estoy cerca de superar el limite mensual antes de operar,"me gustaria que la app me avise cuando estoy por acercarme al limite mensual, para no quedarme a mitad de una operacion.",Low,Resolved,qm:96e3bf0d-beea-4cd2-bca9-568ee30412d2:1777a0ba-d198-44c3-908f-eb26c7d492f5,maximilianojavierjulio@gmail.com,Tokenia App,Service Request,Límites y restricciones,5/Oct/25 11:20 AM,"5/Oct/25 11:40 AM;maximilianojavierjulio@gmail.com;Hola, la app muestra el monto disponible antes de confirmar cualquier operación, así que vas a ver si te acercás al límite antes de intentar completarla. No enviamos una alerta proactiva por el momento, pero tomamos en cuenta la sugerencia.","5/Oct/25 12:00 PM;qm:96e3bf0d-beea-4cd2-bca9-568ee30412d2:1777a0ba-d198-44c3-908f-eb26c7d492f5;entendido, gracias"
mi cuenta tiene restriccion de solo lectura y no puedo hacer nada,"entro a mi cuenta y puedo ver todo pero no me deja operar ni retirar nada, como si estuviera en modo de solo lectura. que significa eso?",High,Escalated,qm:96e3bf0d-beea-4cd2-bca9-568ee30412d2:6829bfc5-d867-4e24-aeac-e948f6fe1b23,maxyjulio18@gmail.com,Tokenia Web,Service Request,Límites y restricciones,28/Dec/25 9:10 AM,"28/Dec/25 9:30 AM;maxyjulio18@gmail.com;Hola, esa restricción total suele aplicarse en casos de revisión de cumplimiento normativo. Vamos a derivar tu caso al equipo correspondiente para que revisen el motivo puntual y te den una resolución.",
puedo actualizar mi selfie sin tener que rehacer todo el kyc de nuevo,"mi selfie de verificacion es de hace mucho tiempo y cambie bastante mi apariencia, puedo actualizar solo esa parte sin rehacer todo el proceso?",Low,Resolved,qm:96e3bf0d-beea-4cd2-bca9-568ee30412d2:9700668d-bb18-4ce6-a136-d0d4eac1741d,maximilianojavierjulio@gmail.com,Tokenia Email,General request,Verificación de identidad,17/May/25 10:30 AM,"17/May/25 10:50 AM;maximilianojavierjulio@gmail.com;Hola, por el momento no es posible actualizar solo la selfie de forma independiente, el proceso de verificación se rehace completo si necesitás actualizar esa parte. De todas formas, no es necesario a menos que hayas cambiado de documento.","17/May/25 11:10 AM;qm:96e3bf0d-beea-4cd2-bca9-568ee30412d2:9700668d-bb18-4ce6-a136-d0d4eac1741d;entendido, gracias por aclarar"
quiero saber si el video de verificacion se guarda o se borra despues,"por privacidad, queria saber que pasa con el video que grabo para el kyc, se guarda para siempre o se elimina despues de validar?",Medium,Resolved,qm:96e3bf0d-beea-4cd2-bca9-568ee30412d2:af30ed9d-7e74-4e4e-8304-5e91abcd1392,maxyjulio18@gmail.com,Tokenia Web,Service Request,Verificación de identidad,8/Aug/25 3:40 PM,"8/Aug/25 4:00 PM;maxyjulio18@gmail.com;Hola, el video se conserva de forma segura como parte del registro de verificación exigido por la normativa vigente, mientras tu cuenta esté activa. Podés consultar el detalle completo de manejo de datos en nuestra política de privacidad.","8/Aug/25 4:20 PM;qm:96e3bf0d-beea-4cd2-bca9-568ee30412d2:af30ed9d-7e74-4e4e-8304-5e91abcd1392;entendido, gracias por la info"
mi verificacion demoro porque el sistema no distinguia bien mi foto por la luz,"el sistema me rechazo varias veces la foto del dni por problemas de iluminacion, hasta que encontre el angulo correcto. es un problema comun?",Low,Resolved,qm:96e3bf0d-beea-4cd2-bca9-568ee30412d2:e34f737c-f7d6-4402-906c-c89d3851033f,maximilianojavierjulio@gmail.com,Tokenia App,Service Request,Verificación de identidad,1/Feb/26 1:10 PM,"1/Feb/26 1:30 PM;maximilianojavierjulio@gmail.com;Hola, sí, es uno de los motivos de rechazo más comunes. Para las próximas veces, te recomendamos usar luz natural indirecta y evitar reflejos directos sobre el documento.","1/Feb/26 1:50 PM;qm:96e3bf0d-beea-4cd2-bca9-568ee30412d2:e34f737c-f7d6-4402-906c-c89d3851033f;buen consejo para la proxima, gracias"
necesito saber si puedo verificarme aunque mi dni tenga un error de imprenta,"mi dni tiene un pequeño error de tipeo de imprenta en mi direccion, eso puede afectar mi proceso de verificacion?",Medium,Resolved,qm:96e3bf0d-beea-4cd2-bca9-568ee30412d2:1979be20-22df-4ea9-a264-020aef7b27f7,maxyjulio18@gmail.com,Tokenia Email,General request,Verificación de identidad,13/Jun/25 11:50 AM,"13/Jun/25 12:10 PM;maxyjulio18@gmail.com;Hola, un error menor de imprenta en la dirección no debería afectar tu verificación, ya que validamos principalmente tu nombre, DNI y foto. Si tenés dudas puntuales, podés intentar el proceso y contactarnos si aparece algún inconveniente.","13/Jun/25 12:30 PM;qm:96e3bf0d-beea-4cd2-bca9-568ee30412d2:1979be20-22df-4ea9-a264-020aef7b27f7;entendido, voy a intentarlo entonces"
mi cuenta quedo en revision permanente y ya pasaron varias semanas,hace mas de tres semanas que mi verificacion dice 'en revision especial' y nadie me contacta con novedades.,High,Escalated,qm:96e3bf0d-beea-4cd2-bca9-568ee30412d2:e1ec8af6-b713-442c-a841-58d7d71b1c58,maximilianojavierjulio@gmail.com,Tokenia Web,Service Request,Verificación de identidad,9/Jul/25 9:00 AM,"9/Jul/25 9:20 AM;maximilianojavierjulio@gmail.com;Hola, lamentamos la demora tan extensa. Vamos a escalar tu caso de forma urgente al equipo de compliance para que te den una resolución definitiva cuanto antes, dado el tiempo transcurrido.",
quiero saber si puedo hacer el kyc con ayuda de otra persona si tengo dificultad visual,"tengo una dificultad visual y me cuesta completar el proceso de verificacion solo, puedo pedir ayuda de un familiar para hacerlo o tiene que ser estrictamente yo?",Medium,Resolved,qm:96e3bf0d-beea-4cd2-bca9-568ee30412d2:1777a0ba-d198-44c3-908f-eb26c7d492f5,maxyjulio18@gmail.com,Tokenia Email,General request,Verificación de identidad,26/Oct/25 10:30 AM,"26/Oct/25 10:50 AM;maxyjulio18@gmail.com;Hola, entendemos la situación. Un familiar puede ayudarte con los aspectos técnicos como sostener el celular o encuadrar la cámara, siempre que la identidad verificada sea la tuya y no la de la otra persona.","26/Oct/25 11:10 AM;qm:96e3bf0d-beea-4cd2-bca9-568ee30412d2:1777a0ba-d198-44c3-908f-eb26c7d492f5;perfecto, le voy a pedir ayuda entonces. gracias"
puedo saber cuanto tiempo llevo esperando la verificacion desde que la envie,"quiero saber la fecha exacta en que envie mi documentacion para el kyc, para calcular cuanto tiempo llevo esperando.",Low,Resolved,qm:96e3bf0d-beea-4cd2-bca9-568ee30412d2:9b001302-64de-4529-89e2-79e3b221b797,maximilianojavierjulio@gmail.com,Tokenia App,Service Request,Verificación de identidad,20/Mar/26 2:20 PM,"20/Mar/26 2:40 PM;maximilianojavierjulio@gmail.com;Hola, la fecha de envío de tu documentación la podés ver desde Perfil > Verificación > Historial, donde figura la fecha exacta de cada solicitud enviada.","20/Mar/26 3:00 PM;qm:96e3bf0d-beea-4cd2-bca9-568ee30412d2:9b001302-64de-4529-89e2-79e3b221b797;encontrada, gracias"
puedo consultar el saldo de una direccion que ya no uso mas,"tengo una direccion vieja que ya no uso, se puede consultar si todavia tiene algun saldo pendiente ahi de algo que me olvide?",Low,Resolved,qm:96e3bf0d-beea-4cd2-bca9-568ee30412d2:d0de7e09-4c5e-463c-9d38-74616182f078,maxyjulio18@gmail.com,Tokenia Web,Service Request,Billetera y direcciones,15/Sep/25 1:40 PM,"15/Sep/25 2:00 PM;maxyjulio18@gmail.com;Hola, todas las direcciones que generaste están asociadas a tu cuenta, así que cualquier saldo recibido en ellas ya se refleja en tu billetera de Tokenia, no queda separado por dirección.","15/Sep/25 2:20 PM;qm:96e3bf0d-beea-4cd2-bca9-568ee30412d2:d0de7e09-4c5e-463c-9d38-74616182f078;ah entendido, gracias por explicarme"
mi billetera muestra un valor total distinto al sumar cada cripto por separado,"si sumo manualmente el valor de cada cripto que tengo, me da un numero distinto al total que muestra la pantalla principal. hay algun error de calculo?",Medium,Resolved,qm:96e3bf0d-beea-4cd2-bca9-568ee30412d2:1979be20-22df-4ea9-a264-020aef7b27f7,maximilianojavierjulio@gmail.com,Tokenia App,Service Request,Billetera y direcciones,3/Dec/25 4:00 PM,"3/Dec/25 4:20 PM;maximilianojavierjulio@gmail.com;Hola, esa diferencia probablemente se deba a que los precios se actualizan en tiempo real y el cálculo manual usa valores de un momento distinto al que se mostró en pantalla. Refrescá la pantalla y volvé a comparar para confirmar.","3/Dec/25 4:40 PM;qm:96e3bf0d-beea-4cd2-bca9-568ee30412d2:1979be20-22df-4ea9-a264-020aef7b27f7;tenia razon, era por el cambio de precio. gracias"
puedo transferir cripto entre mis propias cuentas de distintos paises de tokenia,"tengo cuenta en tokenia argentina y mi hermano tiene en tokenia brasil, se puede transferir cripto entre esas dos cuentas de paises distintos directamente?",Medium,Resolved,qm:96e3bf0d-beea-4cd2-bca9-568ee30412d2:af30ed9d-7e74-4e4e-8304-5e91abcd1392,maxyjulio18@gmail.com,Tokenia Email,General request,Billetera y direcciones,11/Nov/25 9:50 AM,"11/Nov/25 10:10 AM;maxyjulio18@gmail.com;Hola, las transferencias internas por nombre de usuario solo funcionan entre cuentas del mismo país. Para enviar a una cuenta de otro país, tenés que hacerlo como un retiro normal a la dirección de blockchain de esa cuenta.","11/Nov/25 10:30 AM;qm:96e3bf0d-beea-4cd2-bca9-568ee30412d2:af30ed9d-7e74-4e4e-8304-5e91abcd1392;entendido, asi lo voy a hacer entonces"
la direccion de deposito de shiba inu tarda en generarse mas que otras,"quise depositar shib y la direccion tardo bastante en aparecer comparado con btc o eth, es normal esa demora para tokens menos populares?",Low,Resolved,qm:96e3bf0d-beea-4cd2-bca9-568ee30412d2:9700668d-bb18-4ce6-a136-d0d4eac1741d,maximilianojavierjulio@gmail.com,Tokenia App,Service Request,Billetera y direcciones,24/Jan/26 3:30 PM,"24/Jan/26 3:50 PM;maximilianojavierjulio@gmail.com;Hola, sí, para tokens con menor volumen de uso puede haber una demora leve adicional en la generación de la dirección por los procesos de verificación de seguridad. Es un comportamiento esperado.","24/Jan/26 4:10 PM;qm:96e3bf0d-beea-4cd2-bca9-568ee30412d2:9700668d-bb18-4ce6-a136-d0d4eac1741d;entendido, gracias por confirmar"
puedo consultar el valor historico de mi portfolio en una fecha especifica,"quiero saber cuanto valia mi portfolio completo el 1 de enero de este año, para un calculo personal. se puede ver eso?",Low,Resolved,qm:96e3bf0d-beea-4cd2-bca9-568ee30412d2:1979be20-22df-4ea9-a264-020aef7b27f7,maxyjulio18@gmail.com,Tokenia Web,Service Request,Billetera y direcciones,6/Apr/26 11:00 AM,"6/Abr/26 11:20 AM;maxyjulio18@gmail.com;Hola, por el momento no contamos con una función que muestre el valor histórico exacto del portfolio en una fecha puntual. Podés reconstruirlo manualmente revisando tus saldos y los precios históricos de cada cripto en esa fecha.","6/Abr/26 11:40 AM;qm:96e3bf0d-beea-4cd2-bca9-568ee30412d2:1979be20-22df-4ea9-a264-020aef7b27f7;entendido, lo voy a calcular manual entonces"
mi billetera de tron no muestra el saldo de trx correctamente,tengo tron en mi cuenta pero el saldo que aparece en la app no coincide con lo que veo en el explorador de blockchain de tron.,Medium,Escalated,qm:96e3bf0d-beea-4cd2-bca9-568ee30412d2:af30ed9d-7e74-4e4e-8304-5e91abcd1392,maximilianojavierjulio@gmail.com,Tokenia Web,Service Request,Billetera y direcciones,18/Aug/25 2:40 PM,"18/Aug/25 3:00 PM;maximilianojavierjulio@gmail.com;Hola, gracias por avisarnos. Vamos a derivar tu caso al equipo técnico para verificar la sincronización del saldo de TRX en tu cuenta y corregir cualquier discrepancia.",
"la app no me deja subir foto desde la galeria, solo camara en vivo","quiero subir una foto de mi dni que ya tengo guardada en la galeria pero la app solo me deja usar la camara en el momento, no elegir de fotos existentes.",Low,Resolved,qm:96e3bf0d-beea-4cd2-bca9-568ee30412d2:e34f737c-f7d6-4402-906c-c89d3851033f,maxi220julio@gmail.com,Tokenia App,Service Request,Problemas técnicos de la app/web,4/May/25 2:20 PM,"4/May/25 2:40 PM;maxi220julio@gmail.com;Hola, es intencional que el proceso de verificación requiera fotos tomadas en el momento, para garantizar que la documentación sea reciente y evitar el uso de imágenes editadas o de otra fuente.","4/May/25 3:00 PM;qm:96e3bf0d-beea-4cd2-bca9-568ee30412d2:e34f737c-f7d6-4402-906c-c89d3851033f;entendido, tiene sentido por seguridad"
la app tarda mucho en abrir la primera vez despues de instalarla,"instale tokenia por primera vez y tardo casi un minuto en abrir, despues de eso anda normal. es esperable esa demora inicial?",Low,Resolved,qm:96e3bf0d-beea-4cd2-bca9-568ee30412d2:1979be20-22df-4ea9-a264-020aef7b27f7,maximilianojavierjulio@gmail.com,Tokenia App,Service Request,Problemas técnicos de la app/web,19/Sep/25 4:10 PM,"19/Sep/25 4:30 PM;maximilianojavierjulio@gmail.com;Hola, sí, la primera apertura después de instalar puede demorar un poco más porque la app configura datos iniciales. Las siguientes veces debería abrir de forma más rápida.","19/Sep/25 4:50 PM;qm:96e3bf0d-beea-4cd2-bca9-568ee30412d2:1979be20-22df-4ea9-a264-020aef7b27f7;efectivamente ahora anda rapido, gracias"
me aparecen dos notificaciones duplicadas por cada operacion que hago,"cada vez que compro o vendo algo, me llegan dos notificaciones push identicas en vez de una sola. es un error conocido?",Low,Resolved,qm:96e3bf0d-beea-4cd2-bca9-568ee30412d2:af30ed9d-7e74-4e4e-8304-5e91abcd1392,maxyjulio18@gmail.com,Tokenia App,Service Request,Problemas técnicos de la app/web,2/Dec/25 11:30 AM,"2/Dec/25 11:50 AM;maxyjulio18@gmail.com;Hola, gracias por avisarnos, es un error que ya identificamos y estamos corrigiendo. Mientras tanto, podés ignorar la notificación duplicada sin que afecte el registro real de tu operación.","2/Dec/25 12:10 PM;qm:96e3bf0d-beea-4cd2-bca9-568ee30412d2:af30ed9d-7e74-4e4e-8304-5e91abcd1392;entendido, gracias por la aclaracion"
la version en ingles de la app tiene textos sin traducir,"cambie el idioma a ingles pero varias secciones siguen apareciendo en español, parece que falta terminar la traduccion.",Low,Resolved,qm:96e3bf0d-beea-4cd2-bca9-568ee30412d2:9700668d-bb18-4ce6-a136-d0d4eac1741d,maximilianojavierjulio@gmail.com,Tokenia Web,Service Request,Problemas técnicos de la app/web,27/Oct/25 9:40 AM,"27/Oct/25 10:00 AM;maximilianojavierjulio@gmail.com;Hola, gracias por reportarlo. Efectivamente algunas secciones todavía no cuentan con traducción completa al inglés. Ya derivamos tu comentario al equipo correspondiente para completar esas partes.","27/Oct/25 10:20 AM;qm:96e3bf0d-beea-4cd2-bca9-568ee30412d2:9700668d-bb18-4ce6-a136-d0d4eac1741d;entendido, gracias por tomarlo en cuenta"
no puedo hacer zoom en el grafico de precios para ver mas detalle,quiero acercar el grafico de btc para ver un periodo especifico con mas detalle pero no responde al gesto de pellizcar para hacer zoom.,Low,Resolved,qm:96e3bf0d-beea-4cd2-bca9-568ee30412d2:1979be20-22df-4ea9-a264-020aef7b27f7,maxyjulio18@gmail.com,Tokenia App,Service Request,Problemas técnicos de la app/web,15/Jun/25 3:10 PM,"15/Jun/25 3:30 PM;maxyjulio18@gmail.com;Hola, por el momento el gráfico no soporta zoom con gestos táctiles, pero podés usar los botones de rango de tiempo (24hs, 7 días, 1 mes) para acercarte a un período específico.","15/Jun/25 3:50 PM;qm:96e3bf0d-beea-4cd2-bca9-568ee30412d2:1979be20-22df-4ea9-a264-020aef7b27f7;con los botones de rango me alcanza, gracias"
la app consume mucho almacenamiento con el tiempo de uso,"instale tokenia hace meses y ahora ocupa mucho mas espacio que al principio, hay forma de liberar esa memoria acumulada?",Low,Resolved,qm:96e3bf0d-beea-4cd2-bca9-568ee30412d2:e1ec8af6-b713-442c-a841-58d7d71b1c58,maximilianojavierjulio@gmail.com,Tokenia App,Service Request,Problemas técnicos de la app/web,8/Mar/26 1:20 PM,"8/Mar/26 1:40 PM;maximilianojavierjulio@gmail.com;Hola, podés liberar espacio yendo a la configuración de la app en tu celular y limpiando el caché almacenado. Esto no afecta tu cuenta ni tus datos, solo archivos temporales.","8/Mar/26 2:00 PM;qm:96e3bf0d-beea-4cd2-bca9-568ee30412d2:e1ec8af6-b713-442c-a841-58d7d71b1c58;limpie el cache y libero bastante espacio, gracias"
el chat de soporte dentro de la app se corta y pierdo lo escrito,"cuando escribo un mensaje largo en el chat de soporte, a veces la app se recarga y pierdo todo lo que habia escrito.",Medium,Resolved,qm:96e3bf0d-beea-4cd2-bca9-568ee30412d2:af30ed9d-7e74-4e4e-8304-5e91abcd1392,maxyjulio18@gmail.com,Tokenia Web,Service Request,Problemas técnicos de la app/web,21/Nov/25 5:00 PM,"21/Nov/25 5:20 PM;maxyjulio18@gmail.com;Hola, gracias por reportarlo. Es un error puntual que ya derivamos a nuestro equipo técnico. Mientras se corrige, te recomendamos escribir mensajes más cortos o usar el correo para consultas extensas.","21/Nov/25 5:40 PM;qm:96e3bf0d-beea-4cd2-bca9-568ee30412d2:af30ed9d-7e74-4e4e-8304-5e91abcd1392;entendido, voy a hacerlo mas corto la proxima. gracias"
la app no muestra bien los decimales de criptos con muchos digitos,"cuando tengo una cantidad chica de una cripto con muchos decimales, la app la redondea y no veo el numero exacto que tengo.",Low,Resolved,qm:96e3bf0d-beea-4cd2-bca9-568ee30412d2:9700668d-bb18-4ce6-a136-d0d4eac1741d,maximilianojavierjulio@gmail.com,Tokenia App,Service Request,Problemas técnicos de la app/web,30/Jan/26 10:50 AM,"30/Jan/26 11:10 AM;maximilianojavierjulio@gmail.com;Hola, gracias por avisarnos, vamos a evaluar mostrar más decimales en pantalla para criptos con montos chicos. Mientras tanto, el saldo exacto completo siempre está reflejado correctamente en tu cuenta, aunque en pantalla se vea redondeado.","30/Jan/26 11:30 AM;qm:96e3bf0d-beea-4cd2-bca9-568ee30412d2:9700668d-bb18-4ce6-a136-d0d4eac1741d;entendido, gracias por confirmar"
quiero saber si puedo revocar el acceso de un dispositivo perdido de forma remota,"perdi mi celular viejo donde tenia tokenia instalado, se puede cerrar esa sesion de forma remota desde otro dispositivo?",High,Resolved,qm:96e3bf0d-beea-4cd2-bca9-568ee30412d2:1777a0ba-d198-44c3-908f-eb26c7d492f5,maxyjulio18@gmail.com,Tokenia App,Service Request,Seguridad de la cuenta,12/Aug/25 4:30 PM,"12/Aug/25 4:50 PM;maxyjulio18@gmail.com;Hola, sí, podés cerrar esa sesión desde Perfil > Seguridad > Sesiones activas en cualquier otro dispositivo donde tengas acceso. Te recomendamos también cambiar tu contraseña por precaución.","12/Aug/25 5:10 PM;qm:96e3bf0d-beea-4cd2-bca9-568ee30412d2:1777a0ba-d198-44c3-908f-eb26c7d492f5;listo, ya cerre la sesion y cambie la clave. gracias"
quiero saber que hacer si mi mail principal fue comprometido por un tercero,"me avisaron que mi cuenta de gmail aparecio en una filtracion de datos, y ese mail es el que uso para tokenia. que deberia hacer para proteger mi cuenta?",High,Resolved,qm:96e3bf0d-beea-4cd2-bca9-568ee30412d2:9700668d-bb18-4ce6-a136-d0d4eac1741d,maximilianojavierjulio@gmail.com,Tokenia Email,General request,Seguridad de la cuenta,5/Oct/25 2:00 PM,"5/Oct/25 2:20 PM;maximilianojavierjulio@gmail.com;Hola, gracias por avisarnos proactivamente. Te recomendamos cambiar la contraseña de tu mail y de Tokenia de inmediato, y activar el 2FA en ambas cuentas si todavía no lo tenés.","5/Oct/25 2:40 PM;qm:96e3bf0d-beea-4cd2-bca9-568ee30412d2:9700668d-bb18-4ce6-a136-d0d4eac1741d;ya cambie todo, gracias por el consejo"
como reporto que alguien esta usando el nombre de tokenia en instagram para estafar,"vi una cuenta de instagram haciendose pasar por tokenia oficial, ofreciendo sorteos falsos. como se lo informo a ustedes?",Medium,Resolved,qm:96e3bf0d-beea-4cd2-bca9-568ee30412d2:af30ed9d-7e74-4e4e-8304-5e91abcd1392,maxyjulio18@gmail.com,Tokenia Email,General request,Seguridad de la cuenta,17/Apr/25 11:20 AM,"17/Abr/25 11:40 AM;maxyjulio18@gmail.com;Hola, gracias por avisarnos, ese tipo de cuentas son intentos de suplantación. Mandanos el usuario o link de la cuenta falsa a este correo para que podamos reportarla.","17/Abr/25 12:00 PM;qm:96e3bf0d-beea-4cd2-bca9-568ee30412d2:af30ed9d-7e74-4e4e-8304-5e91abcd1392;te paso el link ahora, gracias"
mi cuenta tiene actividad desde dos paises distintos en el mismo dia,"vi en el historial de sesiones accesos desde argentina y desde otro pais el mismo dia, yo no viaje a ningun lado. deberia preocuparme?",High,Escalated,qm:96e3bf0d-beea-4cd2-bca9-568ee30412d2:9700668d-bb18-4ce6-a136-d0d4eac1741d,maximilianojavierjulio@gmail.com,Tokenia App,Service Request,Seguridad de la cuenta,23/Sep/25 8:40 PM,"23/Sep/25 9:00 PM;maximilianojavierjulio@gmail.com;Hola, entendemos la preocupación, ese patrón de acceso amerita revisión. Vamos a suspender tu cuenta de forma preventiva y derivar el caso a nuestro equipo de seguridad para investigar en detalle.",
quiero saber si activar el 2fa hace mas lento el proceso de login,estoy por activar la verificacion en dos pasos pero me preocupa que haga mucho mas largo el proceso de entrar cada vez.,Low,Resolved,qm:96e3bf0d-beea-4cd2-bca9-568ee30412d2:af30ed9d-7e74-4e4e-8304-5e91abcd1392,maxyjulio18@gmail.com,Tokenia Email,General request,Seguridad de la cuenta,11/Jul/25 10:10 AM,"11/Jul/25 10:30 AM;maxyjulio18@gmail.com;Hola, el proceso solo agrega unos segundos extra para ingresar el código de la app autenticadora, no debería sentirse como una demora significativa. El beneficio de seguridad vale mucho la pena por ese pequeño paso adicional.","11/Jul/25 10:50 AM;qm:96e3bf0d-beea-4cd2-bca9-568ee30412d2:af30ed9d-7e74-4e4e-8304-5e91abcd1392;listo, ya lo active. gracias"
quiero saber si tokenia detecta patrones de lavado de dinero automaticamente,"por curiosidad, queria saber si tokenia tiene sistemas automaticos para detectar operaciones sospechosas de lavado de dinero.",Low,Resolved,qm:96e3bf0d-beea-4cd2-bca9-568ee30412d2:9700668d-bb18-4ce6-a136-d0d4eac1741d,maximilianojavierjulio@gmail.com,Tokenia Web,Service Request,Seguridad de la cuenta,29/Feb/26 3:20 PM,"29/Feb/26 3:40 PM;maximilianojavierjulio@gmail.com;Hola, sí, contamos con sistemas de monitoreo automático de operaciones para cumplir con la normativa de prevención de lavado de activos, que pueden generar revisiones adicionales en casos que lo ameriten.","29/Feb/26 4:00 PM;qm:96e3bf0d-beea-4cd2-bca9-568ee30412d2:9700668d-bb18-4ce6-a136-d0d4eac1741d;entendido, gracias por la info"
mi contraseña fue cambiada y no recibi ninguna notificacion de aviso,"cambie mi clave hace unos dias y no me llego ningun mail confirmando ese cambio, pense que era automatico ese aviso.",Medium,Resolved,qm:96e3bf0d-beea-4cd2-bca9-568ee30412d2:af30ed9d-7e74-4e4e-8304-5e91abcd1392,maxyjulio18@gmail.com,Tokenia App,Service Request,Seguridad de la cuenta,6/Dec/25 1:50 PM,"6/Dec/25 2:10 PM;maxyjulio18@gmail.com;Hola, gracias por avisarnos, deberías recibir siempre un correo de confirmación ante un cambio de contraseña. Vamos a revisar por qué no te llegó en este caso puntual y derivarlo a nuestro equipo técnico.",6/Dec/25 2:30 PM;qm:96e3bf0d-beea-4cd2-bca9-568ee30412d2:af30ed9d-7e74-4e4e-8304-5e91abcd1392;gracias por revisarlo
quiero saber si puedo agregar un segundo mail de contacto para alertas,"me gustaria que las alertas de seguridad tambien lleguen a un segundo correo mio, ademas del principal registrado.",Low,Resolved,qm:96e3bf0d-beea-4cd2-bca9-568ee30412d2:9700668d-bb18-4ce6-a136-d0d4eac1741d,maximilianojavierjulio@gmail.com,Tokenia Email,General request,Seguridad de la cuenta,14/May/25 9:00 AM,"14/May/25 9:20 AM;maximilianojavierjulio@gmail.com;Hola, por el momento solo se puede tener un mail principal registrado por cuenta, no contamos con la opción de correos secundarios de contacto.","14/May/25 9:40 AM;qm:96e3bf0d-beea-4cd2-bca9-568ee30412d2:9700668d-bb18-4ce6-a136-d0d4eac1741d;entendido, gracias por confirmar"
puedo ver un resumen mensual de todas las comisiones agrupadas por tipo,"quiero saber cuanto pague en comisiones de compra, de venta, y de retiro por separado en un mes, hay un resumen asi disponible?",Low,Resolved,qm:96e3bf0d-beea-4cd2-bca9-568ee30412d2:af30ed9d-7e74-4e4e-8304-5e91abcd1392,maxyjulio18@gmail.com,Tokenia Web,Service Request,Tarifas y comisiones,9/Jun/25 2:30 PM,"9/Jun/25 2:50 PM;maxyjulio18@gmail.com;Hola, por el momento el resumen exportable incluye el total de comisiones sin desglosar por tipo de operación. Tomamos en cuenta tu sugerencia para futuras mejoras del reporte.","9/Jun/25 3:10 PM;qm:96e3bf0d-beea-4cd2-bca9-568ee30412d2:af30ed9d-7e74-4e4e-8304-5e91abcd1392;entendido, gracias igual"
la comision me parecio distinta a la que decia antes de confirmar,"vi el detalle antes de confirmar una compra con cierta comision, pero en el comprobante final aparece un numero levemente distinto. por que pasa eso?",Medium,Resolved,qm:96e3bf0d-beea-4cd2-bca9-568ee30412d2:9700668d-bb18-4ce6-a136-d0d4eac1741d,maximilianojavierjulio@gmail.com,Tokenia App,Service Request,Tarifas y comisiones,24/Sep/25 1:40 PM,"24/Sep/25 2:00 PM;maximilianojavierjulio@gmail.com;Hola, esa pequeña diferencia puede deberse a que el precio de la cripto varió levemente entre que viste el detalle y confirmaste, lo que afecta el cálculo del 1% en términos absolutos, aunque el porcentaje se mantiene igual.","24/Sep/25 2:20 PM;qm:96e3bf0d-beea-4cd2-bca9-568ee30412d2:9700668d-bb18-4ce6-a136-d0d4eac1741d;entendido, gracias por la explicacion"
hay comision por usar el chat de soporte o cualquier canal de contacto,es una pregunta rara pero queria confirmar que contactar a soporte por cualquier medio no tiene ningun costo asociado.,Low,Resolved,qm:96e3bf0d-beea-4cd2-bca9-568ee30412d2:af30ed9d-7e74-4e4e-8304-5e91abcd1392,maxyjulio18@gmail.com,Tokenia Email,General request,Tarifas y comisiones,2/Nov/25 10:20 AM,"2/Nov/25 10:40 AM;maxyjulio18@gmail.com;Hola, no te preocupes, contactar a soporte por cualquier canal (app, mail o web) es completamente gratuito, sin ningún costo asociado.","2/Nov/25 11:00 AM;qm:96e3bf0d-beea-4cd2-bca9-568ee30412d2:af30ed9d-7e74-4e4e-8304-5e91abcd1392;jaja perfecto, gracias por confirmar"
quiero saber si la comision cambia en dias de mucha volatilidad del mercado,"en dias donde el mercado esta muy volatil, la comision del 1% se mantiene igual o suben las tarifas por la situacion?",Low,Resolved,qm:96e3bf0d-beea-4cd2-bca9-568ee30412d2:9700668d-bb18-4ce6-a136-d0d4eac1741d,maximilianojavierjulio@gmail.com,Tokenia Web,Service Request,Tarifas y comisiones,19/Jan/26 4:10 PM,"19/Jan/26 4:30 PM;maximilianojavierjulio@gmail.com;Hola, la comisión de plataforma del 1% se mantiene fija sin importar la volatilidad del mercado. Lo que sí puede ampliarse en esos días es el spread, que refleja las condiciones del mercado en tiempo real.","19/Jan/26 4:50 PM;qm:96e3bf0d-beea-4cd2-bca9-568ee30412d2:9700668d-bb18-4ce6-a136-d0d4eac1741d;entendido, gracias por la aclaracion"
puedo pagar la comision de retiro con saldo de otra cripto distinta,"quiero retirar btc pero pagar la comision de red con usdt que tengo en la cuenta, en vez de que se descuente del mismo btc. se puede?",Low,Resolved,qm:96e3bf0d-beea-4cd2-bca9-568ee30412d2:af30ed9d-7e74-4e4e-8304-5e91abcd1392,maxyjulio18@gmail.com,Tokenia App,Service Request,Tarifas y comisiones,7/Aug/25 12:40 PM,"7/Aug/25 1:00 PM;maxyjulio18@gmail.com;Hola, por el momento la comisión de red se descuenta siempre de la misma criptomoneda que estás retirando, no es posible pagarla con otra cripto distinta.","7/Aug/25 1:20 PM;qm:96e3bf0d-beea-4cd2-bca9-568ee30412d2:af30ed9d-7e74-4e4e-8304-5e91abcd1392;entendido, gracias"
mi comprobante de compra no muestra el spread por separado de la comision,"en el detalle de mi operacion solo veo un monto total, no el desglose entre comision y spread por separado. se puede ver esa division?",Low,Resolved,qm:96e3bf0d-beea-4cd2-bca9-568ee30412d2:9700668d-bb18-4ce6-a136-d0d4eac1741d,maximilianojavierjulio@gmail.com,Tokenia Web,Service Request,Tarifas y comisiones,13/Oct/25 3:00 PM,"13/Oct/25 3:20 PM;maximilianojavierjulio@gmail.com;Hola, gracias por la observación, actualmente el comprobante muestra el monto total pero no desglosa comisión y spread por separado. Tomamos en cuenta tu sugerencia para mejorar el detalle en el futuro.","13/Oct/25 3:40 PM;qm:96e3bf0d-beea-4cd2-bca9-568ee30412d2:9700668d-bb18-4ce6-a136-d0d4eac1741d;entendido, gracias por escuchar"
puedo saber cual fue la comision total que pague desde que abri la cuenta,"quiero un numero total de todo lo que pague en comisiones desde el primer dia que use tokenia hasta hoy, es posible obtener ese dato?",Medium,Resolved,qm:96e3bf0d-beea-4cd2-bca9-568ee30412d2:af30ed9d-7e74-4e4e-8304-5e91abcd1392,maxyjulio18@gmail.com,Tokenia Email,General request,Tarifas y comisiones,28/Mar/26 11:30 AM,"28/Mar/26 11:50 AM;maxyjulio18@gmail.com;Hola, podés exportar el historial completo desde el día que abriste la cuenta desde Perfil > Actividad > Exportar, seleccionando el rango de fechas más amplio disponible, y ahí vas a poder sumar el total de comisiones.","28/Mar/26 12:10 PM;qm:96e3bf0d-beea-4cd2-bca9-568ee30412d2:af30ed9d-7e74-4e4e-8304-5e91abcd1392;perfecto, gracias por la guia"
hay comision por convertir el saldo de una cuenta a otra moneda base,"quiero cambiar mi moneda de referencia de pesos a dolares en el perfil, eso genera algun cobro de comision o es solo un cambio de visualizacion?",Low,Resolved,qm:96e3bf0d-beea-4cd2-bca9-568ee30412d2:9700668d-bb18-4ce6-a136-d0d4eac1741d,maximilianojavierjulio@gmail.com,Tokenia App,Service Request,Tarifas y comisiones,20/Jun/25 4:40 PM,"20/Jun/25 5:00 PM;maximilianojavierjulio@gmail.com;Hola, cambiar la moneda de referencia en tu perfil es solo un cambio de visualización, no implica ninguna conversión real de tu saldo ni genera ningún costo o comisión.","20/Jun/25 5:20 PM;qm:96e3bf0d-beea-4cd2-bca9-568ee30412d2:9700668d-bb18-4ce6-a136-d0d4eac1741d;ah que bien, gracias por confirmar"
puedo cancelar un deposito de pesos que todavia no llego al banco,"hice una transferencia a tokenia hace unos minutos, todavia no se ve en ningun lado, se puede anular desde mi banco antes de que llegue?",Medium,Resolved,qm:96e3bf0d-beea-4cd2-bca9-568ee30412d2:af30ed9d-7e74-4e4e-8304-5e91abcd1392,maxyjulio18@gmail.com,Tokenia Web,Service Request,Depósitos y retiros,16/Sep/25 11:10 AM,"16/Sep/25 11:30 AM;maxyjulio18@gmail.com;Hola, una vez enviada la transferencia, no podemos cancelarla desde nuestro lado. Deberías consultar directamente con tu banco si es posible anularla antes de que se procese del todo.","16/Sep/25 11:50 AM;qm:96e3bf0d-beea-4cd2-bca9-568ee30412d2:af30ed9d-7e74-4e4e-8304-5e91abcd1392;voy a consultar con el banco, gracias"
quiero saber si puedo retirar a mas de una cuenta bancaria distinta,"tengo dos cuentas bancarias distintas, puedo cargar ambas en tokenia y elegir a cual retirar cada vez?",Low,Resolved,qm:96e3bf0d-beea-4cd2-bca9-568ee30412d2:9700668d-bb18-4ce6-a136-d0d4eac1741d,maximilianojavierjulio@gmail.com,Tokenia App,Service Request,Depósitos y retiros,3/Aug/25 2:20 PM,"3/Aug/25 2:40 PM;maximilianojavierjulio@gmail.com;Hola, sí, podés cargar varias cuentas bancarias a tu nombre en Perfil > Datos bancarios y elegir a cuál retirar cada vez que hagas una solicitud de retiro.","3/Aug/25 3:00 PM;qm:96e3bf0d-beea-4cd2-bca9-568ee30412d2:9700668d-bb18-4ce6-a136-d0d4eac1741d;genial, no lo sabia. gracias"
mi deposito de eth aparecio acreditado con un monto levemente distinto al enviado,"mande 0.5 eth exactos y en tokenia me aparecen 0.4998, una diferencia minima. de donde sale eso en un deposito, no en un retiro?",Low,Resolved,qm:96e3bf0d-beea-4cd2-bca9-568ee30412d2:af30ed9d-7e74-4e4e-8304-5e91abcd1392,maxyjulio18@gmail.com,Tokenia App,Service Request,Depósitos y retiros,25/Oct/25 1:50 PM,"25/Oct/25 2:10 PM;maxyjulio18@gmail.com;Hola, en depósitos no aplicamos ninguna comisión de nuestro lado, así que esa diferencia probablemente corresponda al gas fee que descontó tu propia billetera al momento de enviar la transacción, no algo que Tokenia haya restado.","25/Oct/25 2:30 PM;qm:96e3bf0d-beea-4cd2-bca9-568ee30412d2:af30ed9d-7e74-4e4e-8304-5e91abcd1392;ah tiene sentido, era de mi billetera entonces. gracias"
puedo programar un retiro para que se ejecute en una fecha futura especifica,"quiero que un retiro se procese automaticamente dentro de una semana, no ahora mismo, se puede programar asi?",Low,Resolved,qm:96e3bf0d-beea-4cd2-bca9-568ee30412d2:9700668d-bb18-4ce6-a136-d0d4eac1741d,maximilianojavierjulio@gmail.com,Tokenia Email,General request,Depósitos y retiros,11/Dec/25 10:00 AM,"11/Dec/25 10:20 AM;maximilianojavierjulio@gmail.com;Hola, por el momento no contamos con la función de programar retiros para una fecha futura, los retiros se procesan siempre de forma inmediata al momento de solicitarlos.","11/Dec/25 10:40 AM;qm:96e3bf0d-beea-4cd2-bca9-568ee30412d2:9700668d-bb18-4ce6-a136-d0d4eac1741d;entendido, gracias"
mi retiro de btc fue rechazado por direccion invalida pero la copie bien,"pedi un retiro y me dice que la direccion es invalida, pero la copie directo de mi otra billetera sin modificarla. que puede ser?",High,Resolved,qm:96e3bf0d-beea-4cd2-bca9-568ee30412d2:af30ed9d-7e74-4e4e-8304-5e91abcd1392,maxyjulio18@gmail.com,Tokenia Web,Service Request,Depósitos y retiros,9/Feb/26 3:40 PM,"9/Feb/26 4:00 PM;maxyjulio18@gmail.com;Hola, ese error suele ocurrir si la dirección corresponde a una red distinta a la que seleccionaste en Tokenia. Verificá que la red de destino en tu otra billetera coincida exactamente con la red elegida acá antes de reintentar.","9/Feb/26 4:20 PM;qm:96e3bf0d-beea-4cd2-bca9-568ee30412d2:af30ed9d-7e74-4e4e-8304-5e91abcd1392;tenia mal la red seleccionada, ya lo corregi. gracias"
quiero saber si hay preferencia de horario para que se acredite mas rapido un deposito bancario,hay algun horario del dia donde los depositos bancarios se acrediten mas rapido en tokenia por menor carga del sistema?,Low,Resolved,qm:96e3bf0d-beea-4cd2-bca9-568ee30412d2:9700668d-bb18-4ce6-a136-d0d4eac1741d,maximilianojavierjulio@gmail.com,Tokenia Web,Service Request,Depósitos y retiros,4/Jul/25 9:20 AM,"4/Jul/25 9:40 AM;maximilianojavierjulio@gmail.com;Hola, no hay un horario específico que garantice mayor velocidad, el tiempo de acreditación depende principalmente del proceso bancario interbancario más que de nuestra plataforma.","4/Jul/25 10:00 AM;qm:96e3bf0d-beea-4cd2-bca9-568ee30412d2:9700668d-bb18-4ce6-a136-d0d4eac1741d;entendido, gracias por la info"
tokenia tiene alguna app companion para contadores o gestores fiscales,"para simplificar mis declaraciones, hay alguna integracion o exportacion pensada especificamente para contadores?",Low,Resolved,qm:96e3bf0d-beea-4cd2-bca9-568ee30412d2:af30ed9d-7e74-4e4e-8304-5e91abcd1392,maxyjulio18@gmail.com,Tokenia Email,General request,Información y consultas generales,16/May/25 11:40 AM,"16/May/25 12:00 PM;maxyjulio18@gmail.com;Hola, por el momento no contamos con una integración específica para contadores, pero el resumen exportable de tu actividad puede servir de base para tus declaraciones fiscales.","16/May/25 12:20 PM;qm:96e3bf0d-beea-4cd2-bca9-568ee30412d2:af30ed9d-7e74-4e4e-8304-5e91abcd1392;entendido, con eso me alcanza. gracias"
quiero saber si tokenia dona parte de las comisiones a alguna causa social,"vi que algunas empresas donan un porcentaje de sus ganancias, tokenia tiene algun programa de responsabilidad social asi?",Low,Resolved,qm:96e3bf0d-beea-4cd2-bca9-568ee30412d2:9700668d-bb18-4ce6-a136-d0d4eac1741d,maximilianojavierjulio@gmail.com,Tokenia Web,Service Request,Información y consultas generales,2/Sep/25 2:50 PM,"2/Sep/25 3:10 PM;maximilianojavierjulio@gmail.com;Hola, por el momento no contamos con un programa formal de donaciones o responsabilidad social establecido, pero valoramos mucho la sugerencia para evaluarlo a futuro.","2/Sep/25 3:30 PM;qm:96e3bf0d-beea-4cd2-bca9-568ee30412d2:9700668d-bb18-4ce6-a136-d0d4eac1741d;entendido, ojala lo consideren"
como me entero si tokenia agrega una nueva criptomoneda a la plataforma,"quiero estar al tanto apenas agreguen alguna cripto nueva que me interese, hay alguna forma de suscribirme a ese tipo de avisos?",Low,Resolved,qm:96e3bf0d-beea-4cd2-bca9-568ee30412d2:af30ed9d-7e74-4e4e-8304-5e91abcd1392,maxyjulio18@gmail.com,Tokenia App,Service Request,Información y consultas generales,27/Jan/26 10:30 AM,"27/Jan/26 10:50 AM;maxyjulio18@gmail.com;Hola, activá las notificaciones de novedades desde Perfil > Notificaciones, ahí vas a recibir un aviso cada vez que incorporemos una nueva criptomoneda a la plataforma.","27/Jan/26 11:10 AM;qm:96e3bf0d-beea-4cd2-bca9-568ee30412d2:af30ed9d-7e74-4e4e-8304-5e91abcd1392;perfecto, ya las active. gracias"
quiero saber si tokenia tiene alguna limitacion de edad maxima para operar,"mi papa tiene 75 años y quiere abrir una cuenta, hay algun limite de edad maxima para poder usar tokenia?",Low,Resolved,qm:96e3bf0d-beea-4cd2-bca9-568ee30412d2:9700668d-bb18-4ce6-a136-d0d4eac1741d,maximilianojavierjulio@gmail.com,Tokenia Email,General request,Información y consultas generales,13/Nov/25 3:10 PM,"13/Nov/25 3:30 PM;maximilianojavierjulio@gmail.com;Hola, no hay ninguna limitación de edad máxima para operar en Tokenia, solo se requiere ser mayor de 18 años y completar el proceso de verificación de identidad correspondiente.","13/Nov/25 3:50 PM;qm:96e3bf0d-beea-4cd2-bca9-568ee30412d2:9700668d-bb18-4ce6-a136-d0d4eac1741d;genial, le voy a avisar. gracias"
necesito saber si hay costo por mantener la cuenta inactiva mucho tiempo,"voy a dejar de usar tokenia por un tiempo largo pero no quiero cerrarla, tiene algun costo de mantenimiento por inactividad prolongada?",Low,Resolved,qm:96e3bf0d-beea-4cd2-bca9-568ee30412d2:af30ed9d-7e74-4e4e-8304-5e91abcd1392,maxyjulio18@gmail.com,Tokenia Web,Service Request,Información y consultas generales,5/Apr/26 1:20 PM,"5/Abr/26 1:40 PM;maxyjulio18@gmail.com;Hola, no cobramos ningún costo de mantenimiento por inactividad, tu cuenta y saldo se mantienen intactos sin importar cuánto tiempo pase sin operar.","5/Abr/26 2:00 PM;qm:96e3bf0d-beea-4cd2-bca9-568ee30412d2:af30ed9d-7e74-4e4e-8304-5e91abcd1392;perfecto, gracias por confirmar"
quiero saber si tokenia participa en algun ranking o comparativa de exchanges,"vi algunos rankings de exchanges en sitios especializados, tokenia figura en algun listado de ese tipo?",Low,Resolved,qm:96e3bf0d-beea-4cd2-bca9-568ee30412d2:9700668d-bb18-4ce6-a136-d0d4eac1741d,maximilianojavierjulio@gmail.com,Tokenia Email,General request,Información y consultas generales,22/Aug/25 9:50 AM,"22/Aug/25 10:10 AM;maximilianojavierjulio@gmail.com;Hola, no tenemos control sobre qué rankings externos nos incluyen, ya que esos listados suelen basarse en criterios propios de cada sitio especializado. Te recomendamos consultar directamente esas fuentes si te interesa comparar.","22/Aug/25 10:30 AM;qm:96e3bf0d-beea-4cd2-bca9-568ee30412d2:9700668d-bb18-4ce6-a136-d0d4eac1741d;entendido, gracias por la respuesta"
puedo depositar pesos desde una cuenta conjunta con otra persona,"tengo una cuenta bancaria conjunta con mi pareja, se puede transferir desde ahi a mi cuenta de tokenia sin problema?",Medium,Resolved,qm:96e3bf0d-beea-4cd2-bca9-568ee30412d2:af30ed9d-7e74-4e4e-8304-5e91abcd1392,maxyjulio18@gmail.com,Tokenia Email,General request,Operaciones de compra/venta fiat,18/Jun/25 12:00 PM,"18/Jun/25 12:20 PM;maxyjulio18@gmail.com;Hola, sí, siempre que tu nombre figure como titular de la cuenta conjunta, la transferencia debería aceptarse sin problema, ya que el origen del fondo también está a tu nombre.","18/Jun/25 12:40 PM;qm:96e3bf0d-beea-4cd2-bca9-568ee30412d2:af30ed9d-7e74-4e4e-8304-5e91abcd1392;perfecto, gracias por confirmar"
quiero saber si puedo ver la cotizacion del dolar de tokenia sin tener cuenta,"antes de registrarme quiero saber que cotizacion de dolar usan, se puede consultar eso desde la web sin necesidad de loguearse?",Low,Resolved,qm:96e3bf0d-beea-4cd2-bca9-568ee30412d2:9700668d-bb18-4ce6-a136-d0d4eac1741d,maximilianojavierjulio@gmail.com,Tokenia Web,Service Request,Operaciones de compra/venta fiat,30/Sep/25 4:30 PM,"30/Sep/25 4:50 PM;maximilianojavierjulio@gmail.com;Hola, sí, podés ver la cotización de referencia en la página principal de tokenia.com sin necesidad de iniciar sesión ni tener una cuenta creada.","30/Sep/25 5:10 PM;qm:96e3bf0d-beea-4cd2-bca9-568ee30412d2:9700668d-bb18-4ce6-a136-d0d4eac1741d;genial, ya la vi. gracias"
mi retiro de pesos aparece completado pero el banco dice que no recibio nada,"en tokenia figura como retiro completado hace 2 dias, pero mi banco me confirma que no tienen registro de ninguna transferencia recibida.",High,Escalated,qm:96e3bf0d-beea-4cd2-bca9-568ee30412d2:9700668d-bb18-4ce6-a136-d0d4eac1741d,maxyjulio18@gmail.com,Tokenia App,Service Request,Operaciones de compra/venta fiat,14/Oct/25 3:00 PM,"14/Oct/25 3:20 PM;maxyjulio18@gmail.com;Hola, esta discrepancia requiere una revisión detallada de nuestro lado con el banco emisor. Vamos a escalar tu caso al equipo de operaciones para rastrear el comprobante de la transferencia y confirmar qué ocurrió.",
puedo depositar pesos usando un cheque en vez de transferencia electronica,"tengo un cheque que me gustaria depositar directo a mi cuenta de tokenia, se acepta ese medio de pago?",Low,Resolved,qm:96e3bf0d-beea-4cd2-bca9-568ee30412d2:9700668d-bb18-4ce6-a136-d0d4eac1741d,maximilianojavierjulio@gmail.com,Tokenia Email,General request,Operaciones de compra/venta fiat,8/Feb/26 11:10 AM,"8/Feb/26 11:30 AM;maximilianojavierjulio@gmail.com;Hola, por el momento solo aceptamos depósitos por transferencia bancaria electrónica, no contamos con la opción de depositar cheques físicos o digitales.","8/Feb/26 11:50 AM;qm:96e3bf0d-beea-4cd2-bca9-568ee30412d2:9700668d-bb18-4ce6-a136-d0d4eac1741d;entendido, voy a depositar el cheque en el banco primero entonces"
quiero saber si retirar en dolares tiene el mismo proceso que retirar en pesos,"opero en dolares dentro de tokenia, el proceso de retiro a mi cuenta en dolares es igual de rapido que el de pesos?",Low,Resolved,qm:96e3bf0d-beea-4cd2-bca9-568ee30412d2:9700668d-bb18-4ce6-a136-d0d4eac1741d,maxyjulio18@gmail.com,Tokenia Web,Service Request,Operaciones de compra/venta fiat,26/Mar/26 2:40 PM,"26/Mar/26 3:00 PM;maxyjulio18@gmail.com;Hola, el proceso es similar, aunque los retiros en dólares a cuentas internacionales pueden demorar un poco más que los retiros en pesos a bancos locales, dependiendo del banco de destino.","26/Mar/26 3:20 PM;qm:96e3bf0d-beea-4cd2-bca9-568ee30412d2:9700668d-bb18-4ce6-a136-d0d4eac1741d;entendido, gracias por la info"
puedo ver el tipo de cambio proyectado antes de hacer un retiro en dolares,"antes de confirmar un retiro en dolares, se puede ver una estimacion de a que tipo de cambio se va a procesar?",Low,Resolved,qm:96e3bf0d-beea-4cd2-bca9-568ee30412d2:9700668d-bb18-4ce6-a136-d0d4eac1741d,maximilianojavierjulio@gmail.com,Tokenia App,Service Request,Operaciones de compra/venta fiat,1/May/25 9:40 AM,"1/May/25 10:00 AM;maximilianojavierjulio@gmail.com;Hola, sí, antes de confirmar el retiro, la app te muestra el tipo de cambio que se va a aplicar en ese momento, así podés revisarlo antes de continuar.","1/May/25 10:20 AM;qm:96e3bf0d-beea-4cd2-bca9-568ee30412d2:9700668d-bb18-4ce6-a136-d0d4eac1741d;perfecto, gracias"
me piden verificar mi identidad de nuevo solo para cambiar la contraseña,"quise cambiar mi clave desde el perfil y me pidieron subir una selfie nueva, nunca me habia pasado eso antes para un cambio simple de clave.",Medium,Resolved,qm:96e3bf0d-beea-4cd2-bca9-568ee30412d2:af30ed9d-7e74-4e4e-8304-5e91abcd1392,maxi220julio@gmail.com,Tokenia App,Service Request,Acceso y autenticación,3/Jul/25 10:20 AM,"3/Jul/25 10:40 AM;maxi220julio@gmail.com;Hola, en algunos casos pedimos una verificación adicional para cambios de contraseña como medida extra de seguridad, especialmente si detectamos algún patrón inusual en tu cuenta. No es un paso obligatorio en todos los casos.","3/Jul/25 11:00 AM;qm:96e3bf0d-beea-4cd2-bca9-568ee30412d2:af30ed9d-7e74-4e4e-8304-5e91abcd1392;entendido, gracias por la explicacion"
quiero saber si puedo usar un gestor de contraseñas para guardar mi clave de tokenia,"uso un gestor de contraseñas para todas mis cuentas, hay algun problema en guardar ahi tambien la clave de tokenia?",Low,Resolved,qm:96e3bf0d-beea-4cd2-bca9-568ee30412d2:9700668d-bb18-4ce6-a136-d0d4eac1741d,maximilianojavierjulio@gmail.com,Tokenia Email,General request,Acceso y autenticación,19/Oct/25 2:30 PM,"19/Oct/25 2:50 PM;maximilianojavierjulio@gmail.com;Hola, no hay ningún problema en usar un gestor de contraseñas confiable, de hecho lo recomendamos ya que suele generar claves más seguras que las que uno recuerda de memoria.","19/Oct/25 3:10 PM;qm:96e3bf0d-beea-4cd2-bca9-568ee30412d2:9700668d-bb18-4ce6-a136-d0d4eac1741d;genial, gracias por confirmar"
mi cuenta se bloqueo al intentar entrar desde un celular nuevo,"cambie de celular y al instalar tokenia y poner mis datos me bloqueo la cuenta directamente, sin siquiera darme varios intentos.",High,Resolved,qm:96e3bf0d-beea-4cd2-bca9-568ee30412d2:af30ed9d-7e74-4e4e-8304-5e91abcd1392,maxyjulio18@gmail.com,Tokenia App,Service Request,Acceso y autenticación,27/Nov/25 4:10 PM,"27/Nov/25 4:30 PM;maxyjulio18@gmail.com;Hola, un inicio de sesión desde un dispositivo completamente nuevo puede activar una revisión de seguridad adicional. Ya verificamos tu identidad y desbloqueamos tu cuenta, podés ingresar con normalidad.","27/Nov/25 4:50 PM;qm:96e3bf0d-beea-4cd2-bca9-568ee30412d2:af30ed9d-7e74-4e4e-8304-5e91abcd1392;ya pude entrar, gracias por la rapidez"
quiero saber si hay alguna app de escritorio no oficial que pueda usar en su lugar,"no encuentro version de escritorio oficial de tokenia, alguna app de terceros es segura para conectarme a mi cuenta?",Medium,Resolved,qm:96e3bf0d-beea-4cd2-bca9-568ee30412d2:9700668d-bb18-4ce6-a136-d0d4eac1741d,maximilianojavierjulio@gmail.com,Tokenia Web,Service Request,Acceso y autenticación,8/Feb/26 1:00 PM,"8/Feb/26 1:20 PM;maximilianojavierjulio@gmail.com;Hola, te recomendamos fuertemente no usar ninguna aplicación de terceros no oficial para acceder a tu cuenta de Tokenia, ya que podría comprometer tus credenciales. Usá únicamente la app oficial o la web en tokenia.com.","8/Feb/26 1:40 PM;qm:96e3bf0d-beea-4cd2-bca9-568ee30412d2:9700668d-bb18-4ce6-a136-d0d4eac1741d;entendido, voy a usar solo la web entonces. gracias"
puedo ver cuantos dispositivos tengo vinculados actualmente a mi cuenta,quiero saber la cantidad exacta de dispositivos que tienen sesion activa o vinculados a mi cuenta en este momento.,Low,Resolved,qm:96e3bf0d-beea-4cd2-bca9-568ee30412d2:af30ed9d-7e74-4e4e-8304-5e91abcd1392,maxyjulio18@gmail.com,Tokenia App,Service Request,Acceso y autenticación,14/Apr/25 11:50 AM,"14/Apr/25 12:10 PM;maxyjulio18@gmail.com;Hola, podés ver el listado completo de dispositivos vinculados y sesiones activas desde Perfil > Seguridad > Sesiones activas, donde figura la cantidad total y el detalle de cada uno.","14/Abr/25 12:30 PM;qm:96e3bf0d-beea-4cd2-bca9-568ee30412d2:af30ed9d-7e74-4e4e-8304-5e91abcd1392;encontrado, gracias"
"mi cuenta pide clave y 2fa cada vez que abro la app, incluso recien cerrada","cierro la app y la vuelvo a abrir al toque y me pide todo de nuevo, clave y codigo del authenticator, como si no recordara nada.",Medium,Resolved,qm:96e3bf0d-beea-4cd2-bca9-568ee30412d2:9700668d-bb18-4ce6-a136-d0d4eac1741d,maximilianojavierjulio@gmail.com,Tokenia App,Service Request,Acceso y autenticación,6/Sep/25 3:20 PM,"6/Sep/25 3:40 PM;maximilianojavierjulio@gmail.com;Hola, gracias por avisarnos, no debería pedir todo de nuevo tan seguido si la app se cierra de forma normal. Vamos a derivarlo a nuestro equipo técnico para revisar la configuración de sesión en tu dispositivo.",6/Sep/25 4:00 PM;qm:96e3bf0d-beea-4cd2-bca9-568ee30412d2:9700668d-bb18-4ce6-a136-d0d4eac1741d;gracias por tomarlo en cuenta
quiero saber si puedo generar codigo qr para compartir mi usuario en vez de mi direccion,"para transferencias internas entre usuarios de tokenia, se puede generar un codigo qr de mi usuario en vez de tener que escribirlo?",Low,Resolved,qm:96e3bf0d-beea-4cd2-bca9-568ee30412d2:af30ed9d-7e74-4e4e-8304-5e91abcd1392,maxyjulio18@gmail.com,Tokenia App,Service Request,Billetera y direcciones,21/May/25 2:10 PM,"21/May/25 2:30 PM;maxyjulio18@gmail.com;Hola, sí, desde tu perfil podés generar un código QR con tu nombre de usuario para que otros usuarios de Tokenia te transfieran escaneándolo, sin necesidad de escribirlo manualmente.","21/May/25 2:50 PM;qm:96e3bf0d-beea-4cd2-bca9-568ee30412d2:af30ed9d-7e74-4e4e-8304-5e91abcd1392;genial, ya lo encontre. gracias"
"mi billetera muestra un icono de advertencia en una de mis criptos, que significa","al lado del saldo de una de mis monedas aparece un triangulito amarillo de advertencia, no se que quiere decir ese icono.",Medium,Resolved,qm:96e3bf0d-beea-4cd2-bca9-568ee30412d2:9700668d-bb18-4ce6-a136-d0d4eac1741d,maximilianojavierjulio@gmail.com,Tokenia Web,Service Request,Billetera y direcciones,9/Dec/25 4:20 PM,"9/Dec/25 4:40 PM;maximilianojavierjulio@gmail.com;Hola, ese ícono suele indicar que hay una operación pendiente de confirmación asociada a esa criptomoneda. Tocá el ícono para ver el detalle específico de qué está pendiente.","9/Dec/25 5:00 PM;qm:96e3bf0d-beea-4cd2-bca9-568ee30412d2:9700668d-bb18-4ce6-a136-d0d4eac1741d;ah era por un deposito pendiente, gracias"
puedo restringir cuanto puede ver alguien si comparto mi pantalla en una videollamada,"quiero mostrarle mi cuenta a un familiar por videollamada pero me preocupa que se vean datos sensibles de mas, hay un modo privado para eso?",Low,Resolved,qm:96e3bf0d-beea-4cd2-bca9-568ee30412d2:af30ed9d-7e74-4e4e-8304-5e91abcd1392,maxyjulio18@gmail.com,Tokenia App,Service Request,Billetera y direcciones,2/Aug/25 1:40 PM,"2/Aug/25 2:00 PM;maxyjulio18@gmail.com;Hola, contamos con un modo de ocultar saldos tocando el ícono de ojo en la pantalla principal, que reemplaza los números por asteriscos. Es útil justamente para este tipo de situaciones.","2/Aug/25 2:20 PM;qm:96e3bf0d-beea-4cd2-bca9-568ee30412d2:af30ed9d-7e74-4e4e-8304-5e91abcd1392;perfecto, justo lo que necesitaba. gracias"
mi direccion de retiro guardada desaparecio de la lista de favoritos,tenia guardada la direccion de un exchange donde suelo retirar y de repente ya no aparece en mis direcciones favoritas.,Medium,Resolved,qm:96e3bf0d-beea-4cd2-bca9-568ee30412d2:9700668d-bb18-4ce6-a136-d0d4eac1741d,maximilianojavierjulio@gmail.com,Tokenia Web,Service Request,Billetera y direcciones,15/Jan/26 10:50 AM,"15/Jan/26 11:10 AM;maximilianojavierjulio@gmail.com;Hola, gracias por avisarnos, vamos a revisar por qué desapareció esa dirección guardada. Mientras tanto, podés volver a agregarla manualmente ingresándola de nuevo al hacer un retiro.","15/Jan/26 11:30 AM;qm:96e3bf0d-beea-4cd2-bca9-568ee30412d2:9700668d-bb18-4ce6-a136-d0d4eac1741d;la vuelvo a cargar entonces, gracias"
quiero saber si las dieciseis palabras de recuperacion aplican a mi cuenta de tokenia,"en billeteras no custodiales usan una frase semilla de 12 o 24 palabras, tokenia usa algo asi tambien para recuperar la cuenta?",Low,Resolved,qm:96e3bf0d-beea-4cd2-bca9-568ee30412d2:af30ed9d-7e74-4e4e-8304-5e91abcd1392,maxyjulio18@gmail.com,Tokenia Email,General request,Billetera y direcciones,23/Jun/25 9:20 AM,"23/Jun/25 9:40 AM;maxyjulio18@gmail.com;Hola, como Tokenia es una billetera custodial, no usamos frases semilla como las billeteras no custodiales. La recuperación de tu cuenta se hace mediante verificación de identidad, no con una frase de palabras.","23/Jun/25 10:00 AM;qm:96e3bf0d-beea-4cd2-bca9-568ee30412d2:af30ed9d-7e74-4e4e-8304-5e91abcd1392;ah entendido, gracias por la diferencia"
no puedo ver el detalle completo de una transaccion en el explorador desde la app,"quiero tocar un boton que me lleve directo al explorador de blockchain para ver el detalle de una transaccion, pero no encuentro esa opcion en la app.",Low,Resolved,qm:96e3bf0d-beea-4cd2-bca9-568ee30412d2:9700668d-bb18-4ce6-a136-d0d4eac1741d,maximilianojavierjulio@gmail.com,Tokenia App,Service Request,Billetera y direcciones,10/Oct/25 3:00 PM,"10/Oct/25 3:20 PM;maximilianojavierjulio@gmail.com;Hola, gracias por la sugerencia, por el momento no tenemos un enlace directo al explorador desde el detalle de la transacción. Podés copiar el hash desde ahí y buscarlo manualmente en el explorador correspondiente a la red.","10/Oct/25 3:40 PM;qm:96e3bf0d-beea-4cd2-bca9-568ee30412d2:9700668d-bb18-4ce6-a136-d0d4eac1741d;entendido, lo hago asi por ahora. gracias"
mi limite de retiro es distinto al que figura en la seccion de ayuda de la app,"en la ayuda dice que el limite de nivel 2 es cierto monto pero mi cuenta muestra un numero distinto, no se cual es el correcto.",Medium,Resolved,qm:96e3bf0d-beea-4cd2-bca9-568ee30412d2:9700668d-bb18-4ce6-a136-d0d4eac1741d,maxyjulio18@gmail.com,Tokenia Web,Service Request,Límites y restricciones,18/Jul/25 2:30 PM,"18/Jul/25 2:50 PM;maxyjulio18@gmail.com;Hola, disculpá la confusión, es posible que la sección de ayuda no esté actualizada con los valores más recientes. El límite que ves en tu cuenta es el correcto y vigente.","18/Jul/25 3:10 PM;qm:96e3bf0d-beea-4cd2-bca9-568ee30412d2:9700668d-bb18-4ce6-a136-d0d4eac1741d;entendido, gracias por aclarar"
mi cuenta tiene limite reducido desde que cambie mi metodo de 2fa,cambie de sms a app authenticator para el 2fa y despues de eso mis limites bajaron. tiene relacion ese cambio con la reduccion?,Medium,Resolved,qm:96e3bf0d-beea-4cd2-bca9-568ee30412d2:9700668d-bb18-4ce6-a136-d0d4eac1741d,maximilianojavierjulio@gmail.com,Tokenia App,Service Request,Límites y restricciones,5/Nov/25 11:20 AM,"5/Nov/25 11:40 AM;maximilianojavierjulio@gmail.com;Hola, un cambio de método de 2FA puede activar una revisión de seguridad temporal que reduce los límites por precaución. Ya verificamos el cambio y restablecimos tus límites habituales.","5/Nov/25 12:00 PM;qm:96e3bf0d-beea-4cd2-bca9-568ee30412d2:9700668d-bb18-4ce6-a136-d0d4eac1741d;ya volvieron a la normalidad, gracias"
quiero saber si los limites se calculan por dia calendario o por 24hs corridas,el limite diario se resetea a las 00hs o se calcula por ventana movil de 24 horas desde mi ultima operacion?,Low,Resolved,qm:96e3bf0d-beea-4cd2-bca9-568ee30412d2:9700668d-bb18-4ce6-a136-d0d4eac1741d,maxyjulio18@gmail.com,Tokenia Email,General request,Límites y restricciones,27/Sep/25 1:00 PM,"27/Sep/25 1:20 PM;maxyjulio18@gmail.com;Hola, el límite diario se calcula por día calendario, reseteándose a las 00:00 horario de Argentina, no por ventana móvil de 24 horas.","27/Sep/25 1:40 PM;qm:96e3bf0d-beea-4cd2-bca9-568ee30412d2:9700668d-bb18-4ce6-a136-d0d4eac1741d;entendido, gracias por confirmar"
mi cuenta quedo restringida por operar con un monto justo en el limite,"hice una operacion por el monto exacto de mi limite disponible y me quedo restringida la cuenta despues de eso, es normal que pase justo al llegar al tope?",Medium,Resolved,qm:96e3bf0d-beea-4cd2-bca9-568ee30412d2:af30ed9d-7e74-4e4e-8304-5e91abcd1392,maximilianojavierjulio@gmail.com,Tokenia Web,Service Request,Límites y restricciones,12/Mar/26 4:40 PM,"12/Mar/26 5:00 PM;maximilianojavierjulio@gmail.com;Hola, no es una restricción por haber llegado al límite en sí, sino que operar exactamente en el tope puede activar una revisión automática. Ya confirmamos que tu operación es correcta y levantamos la restricción.",12/Mar/26 5:20 PM;qm:96e3bf0d-beea-4cd2-bca9-568ee30412d2:af30ed9d-7e74-4e4e-8304-5e91abcd1392;gracias por resolverlo rapido
puedo saber si mi cuenta tiene alguna marca o alerta interna que afecte mis limites,quiero saber si mi cuenta tiene alguna señal interna de riesgo que este afectando mis limites sin que yo lo sepa.,Medium,Resolved,qm:96e3bf0d-beea-4cd2-bca9-568ee30412d2:9700668d-bb18-4ce6-a136-d0d4eac1741d,maxyjulio18@gmail.com,Tokenia Email,General request,Límites y restricciones,8/Jun/25 9:30 AM,"8/Jun/25 9:50 AM;maxyjulio18@gmail.com;Hola, revisamos tu cuenta y no encontramos ninguna marca ni alerta activa que esté afectando tus límites actuales. Todo figura en orden según tu nivel de verificación.","8/Jun/25 10:10 AM;qm:96e3bf0d-beea-4cd2-bca9-568ee30412d2:9700668d-bb18-4ce6-a136-d0d4eac1741d;que alivio, gracias por confirmar"
mi restriccion de cuenta se levanto pero los limites siguen bajos,"me avisaron que la restriccion de mi cuenta ya se levanto pero cuando reviso, los limites siguen siendo los reducidos de antes.",Medium,Resolved,qm:96e3bf0d-beea-4cd2-bca9-568ee30412d2:af30ed9d-7e74-4e4e-8304-5e91abcd1392,maximilianojavierjulio@gmail.com,Tokenia App,Service Request,Límites y restricciones,24/Feb/26 2:00 PM,"24/Feb/26 2:20 PM;maximilianojavierjulio@gmail.com;Hola, disculpá el inconveniente, puede haber un desfasaje entre la actualización de la restricción y los límites visibles. Ya verificamos y forzamos la actualización, deberías ver tus límites correctos ahora.","24/Feb/26 2:40 PM;qm:96e3bf0d-beea-4cd2-bca9-568ee30412d2:af30ed9d-7e74-4e4e-8304-5e91abcd1392;ya se actualizaron, gracias"
quiero saber si tokenia cobra algo por mantener cripto sin operar,"tengo btc guardado en tokenia hace tiempo sin venderlo, eso genera algun cargo por custodia o mantenimiento?",Low,Resolved,qm:96e3bf0d-beea-4cd2-bca9-568ee30412d2:9700668d-bb18-4ce6-a136-d0d4eac1741d,maxyjulio18@gmail.com,Tokenia Email,General request,Operaciones de compra/venta crypto,1/Sep/25 10:40 AM,"1/Sep/25 11:00 AM;maxyjulio18@gmail.com;Hola, no cobramos ningún costo de custodia o mantenimiento por mantener criptomonedas en tu cuenta, sin importar cuánto tiempo las tengas guardadas.","1/Sep/25 11:20 AM;qm:96e3bf0d-beea-4cd2-bca9-568ee30412d2:9700668d-bb18-4ce6-a136-d0d4eac1741d;genial, gracias por confirmar"
mi orden de compra quedo cancelada automaticamente sin que yo la cancelara,"puse una orden limite hace unas horas y ahora aparece como cancelada, yo no la cancele manualmente. que paso?",Medium,Resolved,qm:96e3bf0d-beea-4cd2-bca9-568ee30412d2:9700668d-bb18-4ce6-a136-d0d4eac1741d,maximilianojavierjulio@gmail.com,Tokenia Web,Service Request,Operaciones de compra/venta crypto,16/Dec/25 3:50 PM,"16/Dec/25 4:10 PM;maximilianojavierjulio@gmail.com;Hola, las órdenes límite tienen un plazo máximo de vigencia, generalmente 24 horas, después del cual se cancelan automáticamente si no se ejecutaron. Podés volver a colocarla si seguís interesado en ese precio.","16/Dec/25 4:30 PM;qm:96e3bf0d-beea-4cd2-bca9-568ee30412d2:9700668d-bb18-4ce6-a136-d0d4eac1741d;ah no sabia eso, la vuelvo a poner entonces. gracias"
quiero saber si puedo comprar cripto directamente para un tercero desde mi cuenta,"quiero comprarle cripto a un amigo usando mi cuenta y despues transferirsela, hay alguna restriccion para hacer eso ocasionalmente?",Low,Resolved,qm:96e3bf0d-beea-4cd2-bca9-568ee30412d2:9700668d-bb18-4ce6-a136-d0d4eac1741d,maxyjulio18@gmail.com,Tokenia App,Service Request,Operaciones de compra/venta crypto,29/Apr/25 1:30 PM,"29/Abr/25 1:50 PM;maxyjulio18@gmail.com;Hola, no hay ninguna restricción para comprar y luego transferir a otro usuario ocasionalmente. Solo tené en cuenta que la operación de compra en sí queda registrada a tu nombre.","29/Abr/25 2:10 PM;qm:96e3bf0d-beea-4cd2-bca9-568ee30412d2:9700668d-bb18-4ce6-a136-d0d4eac1741d;entendido, gracias"
mi compra de btc se ejecuto a un precio mejor del que esperaba,"compre btc y el precio final fue mas bajo de lo que veia en pantalla antes de confirmar, en mi beneficio. es normal esa mejora de precio?",Low,Resolved,qm:96e3bf0d-beea-4cd2-bca9-568ee30412d2:9700668d-bb18-4ce6-a136-d0d4eac1741d,maximilianojavierjulio@gmail.com,Tokenia Web,Service Request,Operaciones de compra/venta crypto,13/Aug/25 11:20 AM,"13/Aug/25 11:40 AM;maximilianojavierjulio@gmail.com;Hola, sí, es posible que el precio de mercado haya bajado levemente en los segundos entre que viste el precio y confirmaste la operación, resultando en una ejecución más favorable para vos. Es parte de la volatilidad normal del mercado.","13/Aug/25 12:00 PM;qm:96e3bf0d-beea-4cd2-bca9-568ee30412d2:9700668d-bb18-4ce6-a136-d0d4eac1741d;que suerte entonces, gracias por explicarme"
quiero saber si el spread es igual para compra y venta de la misma cripto,"cuando compro btc el spread es de cierto porcentaje, y cuando vendo la misma moneda el spread es igual o distinto?",Low,Resolved,qm:96e3bf0d-beea-4cd2-bca9-568ee30412d2:9700668d-bb18-4ce6-a136-d0d4eac1741d,maxyjulio18@gmail.com,Tokenia Email,General request,Operaciones de compra/venta crypto,20/Nov/25 2:10 PM,"20/Nov/25 2:30 PM;maxyjulio18@gmail.com;Hola, el spread puede variar levemente entre compra y venta según las condiciones del mercado en ese momento, pero en general se mantiene en un rango similar para ambas operaciones de la misma criptomoneda.","20/Nov/25 2:50 PM;qm:96e3bf0d-beea-4cd2-bca9-568ee30412d2:9700668d-bb18-4ce6-a136-d0d4eac1741d;entendido, gracias por la explicacion"
puedo ver un historial de precios comparando varias criptos a la vez,"quiero comparar como se movio el precio de btc y eth en el mismo periodo, uno al lado del otro. hay esa opcion en la app?",Low,Resolved,qm:96e3bf0d-beea-4cd2-bca9-568ee30412d2:af30ed9d-7e74-4e4e-8304-5e91abcd1392,maximilianojavierjulio@gmail.com,Tokenia Web,Service Request,Operaciones de compra/venta crypto,3/Feb/26 4:00 PM,"3/Feb/26 4:20 PM;maximilianojavierjulio@gmail.com;Hola, por el momento no contamos con una función de comparación de gráficos entre varias criptomonedas a la vez, cada gráfico se ve de forma individual por moneda.","3/Feb/26 4:40 PM;qm:96e3bf0d-beea-4cd2-bca9-568ee30412d2:af30ed9d-7e74-4e4e-8304-5e91abcd1392;entendido, espero que lo agreguen en el futuro"
mi verificacion fue rechazada porque el dni estaba plastificado,subi la foto de mi dni que tiene una funda plastificada y me lo rechazaron por reflejo. hay alguna forma de evitarlo sin sacar el dni de la funda?,Low,Resolved,qm:96e3bf0d-beea-4cd2-bca9-568ee30412d2:9700668d-bb18-4ce6-a136-d0d4eac1741d,maxyjulio18@gmail.com,Tokenia App,Service Request,Verificación de identidad,17/Jun/25 3:40 PM,"17/Jun/25 4:00 PM;maxyjulio18@gmail.com;Hola, te recomendamos sacar el documento de la funda plastificada para la foto, así evitás los reflejos de luz que suelen causar el rechazo automático. Podés volver a colocarlo en la funda después.","17/Jun/25 4:20 PM;qm:96e3bf0d-beea-4cd2-bca9-568ee30412d2:9700668d-bb18-4ce6-a136-d0d4eac1741d;sin la funda funciono bien, gracias"
quiero saber si puedo verificarme con el dni digital de mi argentina app,"tengo el dni digital en la app mi argentina, ese documento electronico sirve para el proceso de kyc de tokenia?",Medium,Resolved,qm:96e3bf0d-beea-4cd2-bca9-568ee30412d2:9700668d-bb18-4ce6-a136-d0d4eac1741d,maximilianojavierjulio@gmail.com,Tokenia Email,General request,Verificación de identidad,4/Oct/25 11:00 AM,"4/Oct/25 11:20 AM;maximilianojavierjulio@gmail.com;Hola, por el momento requerimos la foto del documento físico para el proceso de verificación, no aceptamos todavía el DNI digital de Mi Argentina como documento válido.","4/Oct/25 11:40 AM;qm:96e3bf0d-beea-4cd2-bca9-568ee30412d2:9700668d-bb18-4ce6-a136-d0d4eac1741d;entendido, voy a usar el fisico entonces"
"mi verificacion tardo menos de lo esperado, es raro que haya sido tan rapido","subi mis documentos hace apenas una hora y ya me aprobaron el kyc, pense que tardaba mas. es normal que a veces sea tan rapido?",Low,Resolved,qm:96e3bf0d-beea-4cd2-bca9-568ee30412d2:af30ed9d-7e74-4e4e-8304-5e91abcd1392,maxyjulio18@gmail.com,Tokenia App,Service Request,Verificación de identidad,12/Sep/25 1:20 PM,"12/Sep/25 1:40 PM;maxyjulio18@gmail.com;Hola, sí, cuando la documentación es clara y no hay ninguna inconsistencia, el sistema puede aprobarla de forma casi automática en poco tiempo. No hay nada raro, felicitaciones por la aprobación rápida.","12/Sep/25 2:00 PM;qm:96e3bf0d-beea-4cd2-bca9-568ee30412d2:af30ed9d-7e74-4e4e-8304-5e91abcd1392;genial, gracias por confirmar"
quiero saber si mi verificacion se comparte con las cuentas de otros paises de tokenia,"tengo pensado abrir cuenta tambien en tokenia brasil en el futuro, mi verificacion de argentina sirve alla o hay que rehacer todo de cero?",Medium,Resolved,qm:96e3bf0d-beea-4cd2-bca9-568ee30412d2:9700668d-bb18-4ce6-a136-d0d4eac1741d,maximilianojavierjulio@gmail.com,Tokenia Web,Service Request,Verificación de identidad,29/Jan/26 10:30 AM,"29/Jan/26 10:50 AM;maximilianojavierjulio@gmail.com;Hola, cada país tiene su propio proceso de verificación según su regulación local, así que necesitarías completar el KYC correspondiente para la cuenta de Brasil de forma independiente.","29/Jan/26 11:10 AM;qm:96e3bf0d-beea-4cd2-bca9-568ee30412d2:9700668d-bb18-4ce6-a136-d0d4eac1741d;entendido, gracias por la aclaracion"
mi solicitud de verificacion no aparece registrada aunque envie todo,"subi mis documentos hace dos dias pero en mi perfil no figura ninguna solicitud en curso, es como si nunca la hubiera enviado.",High,Escalated,qm:96e3bf0d-beea-4cd2-bca9-568ee30412d2:9700668d-bb18-4ce6-a136-d0d4eac1741d,maxyjulio18@gmail.com,Tokenia Web,Service Request,Verificación de identidad,7/Jul/25 4:50 PM,"8/Jul/25 9:20 AM;maxyjulio18@gmail.com;Hola, disculpá la demora en responder. Vamos a escalar tu caso al equipo técnico para verificar qué ocurrió con tu envío de documentación, ya que no debería haber desaparecido del sistema.",
puedo verificarme usando el pasaporte aunque tenga dni argentino vigente,"tengo dni vigente pero prefiero usar mi pasaporte para el proceso de verificacion por comodidad, se puede elegir cual documento usar?",Low,Resolved,qm:96e3bf0d-beea-4cd2-bca9-568ee30412d2:af30ed9d-7e74-4e4e-8304-5e91abcd1392,maximilianojavierjulio@gmail.com,Tokenia Email,General request,Verificación de identidad,22/Dec/25 2:20 PM,"22/Dec/25 2:40 PM;maximilianojavierjulio@gmail.com;Hola, sí, podés elegir usar tu pasaporte en lugar del DNI para el proceso de verificación, ambos son documentos válidos aceptados por igual.","22/Dec/25 3:00 PM;qm:96e3bf0d-beea-4cd2-bca9-568ee30412d2:af30ed9d-7e74-4e4e-8304-5e91abcd1392;perfecto, voy a usar el pasaporte entonces. gracias"
la app no me permite rotar la pantalla a horizontal en ninguna seccion,"quiero ver los graficos en horizontal para tener mas espacio pero la app se queda fija en vertical siempre, no rota.",Low,Resolved,qm:96e3bf0d-beea-4cd2-bca9-568ee30412d2:9700668d-bb18-4ce6-a136-d0d4eac1741d,maxyjulio18@gmail.com,Tokenia App,Service Request,Problemas técnicos de la app/web,16/Nov/25 3:00 PM,"16/Nov/25 3:20 PM;maxyjulio18@gmail.com;Hola, gracias por la sugerencia, por el momento la app está diseñada para funcionar únicamente en modo vertical. Es algo que estamos evaluando incorporar en próximas versiones.","16/Nov/25 3:40 PM;qm:96e3bf0d-beea-4cd2-bca9-568ee30412d2:9700668d-bb18-4ce6-a136-d0d4eac1741d;entendido, espero que lo agreguen"
la letra de la app es muy chica y no encuentro como agrandarla,"tengo dificultad para leer los textos chicos de la app, hay alguna opcion de accesibilidad para agrandar la letra dentro de tokenia?",Low,Resolved,qm:96e3bf0d-beea-4cd2-bca9-568ee30412d2:af30ed9d-7e74-4e4e-8304-5e91abcd1392,maximilianojavierjulio@gmail.com,Tokenia Email,General request,Problemas técnicos de la app/web,3/May/25 10:10 AM,"3/May/25 10:30 AM;maximilianojavierjulio@gmail.com;Hola, por el momento la app no tiene un ajuste de tamaño de letra propio, pero podés aumentar el tamaño de fuente general desde la configuración de accesibilidad de tu celular, que afecta también a Tokenia.","3/May/25 10:50 AM;qm:96e3bf0d-beea-4cd2-bca9-568ee30412d2:af30ed9d-7e74-4e4e-8304-5e91abcd1392;buena idea, ya lo ajuste. gracias"
la app se cierra al recibir una llamada telefonica mientras la uso,"estaba operando en tokenia y me entro una llamada, al atenderla la app se cerro completamente en vez de quedar en segundo plano.",Medium,Resolved,qm:96e3bf0d-beea-4cd2-bca9-568ee30412d2:9700668d-bb18-4ce6-a136-d0d4eac1741d,maxyjulio18@gmail.com,Tokenia App,Service Request,Problemas técnicos de la app/web,28/Aug/25 5:30 PM,"28/Aug/25 5:50 PM;maxyjulio18@gmail.com;Hola, gracias por reportarlo, no debería cerrarse completamente ante una llamada entrante. Vamos a derivarlo a nuestro equipo técnico para revisar ese comportamiento en tu tipo de dispositivo.",28/Aug/25 6:10 PM;qm:96e3bf0d-beea-4cd2-bca9-568ee30412d2:9700668d-bb18-4ce6-a136-d0d4eac1741d;gracias por tomarlo en cuenta
no puedo pegar texto copiado en el campo de direccion de retiro,"quiero pegar una direccion larga que copie de otro lado pero el campo de la app no me deja pegar, solo escribir manualmente.",Medium,Resolved,qm:96e3bf0d-beea-4cd2-bca9-568ee30412d2:af30ed9d-7e74-4e4e-8304-5e91abcd1392,maximilianojavierjulio@gmail.com,Tokenia App,Service Request,Problemas técnicos de la app/web,11/Jan/26 1:40 PM,"11/Jan/26 2:00 PM;maximilianojavierjulio@gmail.com;Hola, gracias por avisarnos, esa función de pegar debería estar disponible en el campo de dirección. Vamos a derivarlo a nuestro equipo técnico para corregirlo cuanto antes.",11/Jan/26 2:20 PM;qm:96e3bf0d-beea-4cd2-bca9-568ee30412d2:af30ed9d-7e74-4e4e-8304-5e91abcd1392;gracias por revisarlo
quiero saber si tokenia usa encriptacion en las comunicaciones,"por seguridad, queria confirmar si la conexion entre la app y los servidores de tokenia esta encriptada de punta a punta.",Low,Resolved,qm:96e3bf0d-beea-4cd2-bca9-568ee30412d2:9700668d-bb18-4ce6-a136-d0d4eac1741d,maxyjulio18@gmail.com,Tokenia Web,Service Request,Seguridad de la cuenta,9/Jul/25 11:50 AM,"9/Jul/25 12:10 PM;maxyjulio18@gmail.com;Hola, sí, toda la comunicación entre la app y nuestros servidores está encriptada mediante protocolos seguros estándar de la industria (HTTPS/TLS), protegiendo tus datos en todo momento.","9/Jul/25 12:30 PM;qm:96e3bf0d-beea-4cd2-bca9-568ee30412d2:9700668d-bb18-4ce6-a136-d0d4eac1741d;perfecto, gracias por confirmar"
me preocupa haber compartido sin querer una captura con datos sensibles,"mande una captura de pantalla de mi cuenta a un grupo de whatsapp sin darme cuenta que se veian algunos datos, que deberia hacer ahora?",Medium,Resolved,qm:96e3bf0d-beea-4cd2-bca9-568ee30412d2:af30ed9d-7e74-4e4e-8304-5e91abcd1392,maximilianojavierjulio@gmail.com,Tokenia Email,General request,Seguridad de la cuenta,26/Sep/25 2:40 PM,"26/Sep/25 3:00 PM;maximilianojavierjulio@gmail.com;Hola, si la captura mostraba solo saldos o datos generales, no representa un riesgo grave. Si por algún motivo incluía datos como tu dirección de billetera o información sensible, te recomendamos avisarnos para revisar juntos si conviene tomar alguna medida adicional.","26/Sep/25 3:20 PM;qm:96e3bf0d-beea-4cd2-bca9-568ee30412d2:af30ed9d-7e74-4e4e-8304-5e91abcd1392;era solo el saldo total, no habia datos sensibles. gracias por la tranquilidad"
quiero saber si puedo revisar el historial completo de accesos exitosos y fallidos,me gustaria ver no solo los accesos exitosos sino tambien los intentos fallidos de inicio de sesion en mi cuenta.,Low,Resolved,qm:96e3bf0d-beea-4cd2-bca9-568ee30412d2:9700668d-bb18-4ce6-a136-d0d4eac1741d,maxyjulio18@gmail.com,Tokenia App,Service Request,Seguridad de la cuenta,14/Feb/26 9:40 AM,"14/Feb/26 10:00 AM;maxyjulio18@gmail.com;Hola, por el momento el historial visible en la app muestra únicamente los accesos exitosos. Si necesitás el detalle de intentos fallidos por algún motivo puntual, podés solicitárnoslo por este medio.","14/Feb/26 10:20 AM;qm:96e3bf0d-beea-4cd2-bca9-568ee30412d2:9700668d-bb18-4ce6-a136-d0d4eac1741d;entendido, gracias"
me gustaria recibir un resumen semanal de seguridad de mi cuenta por mail,"seria util recibir un mail cada semana con un resumen de accesos y actividad de seguridad de mi cuenta, existe algo asi?",Low,Resolved,qm:96e3bf0d-beea-4cd2-bca9-568ee30412d2:af30ed9d-7e74-4e4e-8304-5e91abcd1392,maximilianojavierjulio@gmail.com,Tokenia Email,General request,Seguridad de la cuenta,31/Oct/25 11:10 AM,"31/Oct/25 11:30 AM;maximilianojavierjulio@gmail.com;Hola, por el momento no contamos con un resumen semanal automático de seguridad, pero tomamos en cuenta tu sugerencia para evaluar incorporarlo en el futuro.","31/Oct/25 11:50 AM;qm:96e3bf0d-beea-4cd2-bca9-568ee30412d2:af30ed9d-7e74-4e4e-8304-5e91abcd1392;entendido, gracias igual"
puedo ver comparado el costo total de operar en tokenia vs otro exchange,me gustaria que la app me muestre una comparacion de cuanto pagaria en tokenia vs el promedio de otros exchanges por la misma operacion.,Low,Resolved,qm:96e3bf0d-beea-4cd2-bca9-568ee30412d2:9700668d-bb18-4ce6-a136-d0d4eac1741d,maxyjulio18@gmail.com,Tokenia Web,Service Request,Tarifas y comisiones,7/Aug/25 3:30 PM,"7/Aug/25 3:50 PM;maxyjulio18@gmail.com;Hola, por el momento no contamos con esa función de comparación dentro de la app. Podés consultar nuestras tarifas transparentes en la sección de Comisiones de nuestro sitio y compararlas manualmente si lo necesitás.","7/Aug/25 4:10 PM;qm:96e3bf0d-beea-4cd2-bca9-568ee30412d2:9700668d-bb18-4ce6-a136-d0d4eac1741d;entendido, gracias por la info"
quiero saber si las comisiones de tokenia son las mismas en todos los paises donde operan,"la comision del 1% aplica igual en argentina, brasil, uruguay y estados unidos, o varia segun el pais?",Low,Resolved,qm:96e3bf0d-beea-4cd2-bca9-568ee30412d2:af30ed9d-7e74-4e4e-8304-5e91abcd1392,maximilianojavierjulio@gmail.com,Tokenia Email,General request,Tarifas y comisiones,24/Mar/26 1:20 PM,"24/Mar/26 1:40 PM;maximilianojavierjulio@gmail.com;Hola, la estructura de comisión del 1% es consistente en los mercados donde operamos, aunque pueden existir pequeñas diferencias según la regulación local de cada país.","24/Mar/26 2:00 PM;qm:96e3bf0d-beea-4cd2-bca9-568ee30412d2:af30ed9d-7e74-4e4e-8304-5e91abcd1392;entendido, gracias por la info"
"mi comision de una operacion aparecio en cero, es un error a mi favor","hice una compra chica y en el comprobante la comision figura como 0, no se si es un error o una promocion que no sabia que tenia.",Low,Resolved,qm:96e3bf0d-beea-4cd2-bca9-568ee30412d2:9700668d-bb18-4ce6-a136-d0d4eac1741d,maxyjulio18@gmail.com,Tokenia App,Service Request,Tarifas y comisiones,18/Oct/25 12:50 PM,"18/Oct/25 1:10 PM;maxyjulio18@gmail.com;Hola, revisamos tu cuenta y encontramos que tenías activo un bono promocional de comisión gratis en tu primera operación del mes, por eso no se cobró en ese caso puntual.","18/Oct/25 1:30 PM;qm:96e3bf0d-beea-4cd2-bca9-568ee30412d2:9700668d-bb18-4ce6-a136-d0d4eac1741d;ah que bueno, no sabia que tenia eso. gracias"
puedo saber cuanto cobra tokenia en total versus cuanto es el costo real de la red,"para entender mejor, queria saber que parte de lo que pago es ganancia de tokenia y que parte es puro costo de la blockchain.",Medium,Resolved,qm:96e3bf0d-beea-4cd2-bca9-568ee30412d2:af30ed9d-7e74-4e4e-8304-5e91abcd1392,maximilianojavierjulio@gmail.com,Tokenia Web,Service Request,Tarifas y comisiones,5/May/25 4:10 PM,"5/May/25 4:30 PM;maximilianojavierjulio@gmail.com;Hola, en compras y ventas, la comisión del 1% es lo que retiene Tokenia, y el spread refleja el costo de mercado, no un ingreso directo nuestro. En retiros de cripto, la comisión de red se traslada tal cual la cobra la blockchain, sin margen adicional de nuestra parte.","5/May/25 4:50 PM;qm:96e3bf0d-beea-4cd2-bca9-568ee30412d2:af30ed9d-7e74-4e4e-8304-5e91abcd1392;ahora esta clarisimo, gracias por la transparencia"
mi retiro de ars fue rechazado por el banco por segunda vez seguida,"ya es la segunda vez que mi banco rechaza el mismo retiro de tokenia, la primera vez pense que fue un error puntual pero volvio a pasar.",High,Escalated,qm:96e3bf0d-beea-4cd2-bca9-568ee30412d2:af30ed9d-7e74-4e4e-8304-5e91abcd1392,maxi220julio@gmail.com,Tokenia Web,Service Request,Depósitos y retiros,9/Jun/25 2:20 PM,"9/Jun/25 2:40 PM;maxi220julio@gmail.com;Hola, dos rechazos consecutivos del mismo banco ameritan una revisión más profunda. Vamos a derivar tu caso a nuestro equipo de operaciones para contactar directamente con el banco y entender la causa exacta del rechazo.",
puedo consultar el estado de un deposito antiguo que quede sin revisar,"hice un deposito hace meses que en su momento tarde bastante en acreditarse pero nunca confirme si al final llego bien, se puede consultar historial tan viejo?",Low,Resolved,qm:96e3bf0d-beea-4cd2-bca9-568ee30412d2:9700668d-bb18-4ce6-a136-d0d4eac1741d,maximilianojavierjulio@gmail.com,Tokenia Email,General request,Depósitos y retiros,14/Oct/25 10:40 AM,"14/Oct/25 11:00 AM;maximilianojavierjulio@gmail.com;Hola, sí, podés revisar cualquier depósito histórico desde la sección Actividad, filtrando por fecha. Si necesitás que verifiquemos algo puntual de ese depósito, contanos la fecha aproximada y lo revisamos juntos.","14/Oct/25 11:20 AM;qm:96e3bf0d-beea-4cd2-bca9-568ee30412d2:9700668d-bb18-4ce6-a136-d0d4eac1741d;ya lo encontre, estaba bien acreditado. gracias"
quiero saber si puedo retirar cripto directamente a un cajero automatico,"existen cajeros de cripto donde se pueda retirar directo en efectivo, tokenia tiene alguna integracion con ese tipo de servicio?",Low,Resolved,qm:96e3bf0d-beea-4cd2-bca9-568ee30412d2:af30ed9d-7e74-4e4e-8304-5e91abcd1392,maxyjulio18@gmail.com,Tokenia App,Service Request,Depósitos y retiros,2/Dec/25 3:10 PM,"2/Dec/25 3:30 PM;maxyjulio18@gmail.com;Hola, por el momento no contamos con una integración directa con cajeros de criptomonedas. Podés retirar a una billetera externa y desde ahí usar un cajero que lo soporte, si es que buscás retirar en efectivo.","2/Dec/25 3:50 PM;qm:96e3bf0d-beea-4cd2-bca9-568ee30412d2:af30ed9d-7e74-4e4e-8304-5e91abcd1392;entendido, voy a hacerlo asi entonces. gracias"
mi deposito de eth se acredito correctamente pero con retraso en la notificacion,el deposito ya aparece en mi saldo pero la notificacion push de que se acredito me llego varias horas despues. es solo un retraso de la notificacion o algo mas?,Low,Resolved,qm:96e3bf0d-beea-4cd2-bca9-568ee30412d2:9700668d-bb18-4ce6-a136-d0d4eac1741d,maximilianojavierjulio@gmail.com,Tokenia App,Service Request,Depósitos y retiros,27/Aug/25 4:00 PM,"27/Aug/25 4:20 PM;maximilianojavierjulio@gmail.com;Hola, confirmamos que fue solo un retraso puntual en el envío de la notificación push, tu saldo se acreditó correctamente en el momento correspondiente sin ningún problema real.","27/Aug/25 4:40 PM;qm:96e3bf0d-beea-4cd2-bca9-568ee30412d2:9700668d-bb18-4ce6-a136-d0d4eac1741d;que alivio, gracias por confirmar"
puedo revertir un retiro si me equivoque de red aunque ya se envio,"mande un retiro de usdt por la red equivocada y ya se proceso completamente, hay alguna chance de recuperar esos fondos?",High,Escalated,qm:96e3bf0d-beea-4cd2-bca9-568ee30412d2:af30ed9d-7e74-4e4e-8304-5e91abcd1392,maxyjulio18@gmail.com,Tokenia Web,Service Request,Depósitos y retiros,15/Nov/25 11:50 AM,"15/Nov/25 12:10 PM;maxyjulio18@gmail.com;Hola, entendemos la preocupación. Vamos a escalar tu caso al equipo técnico para evaluar si es posible algún tipo de recuperación, aunque no podemos garantizar el resultado ya que depende de la compatibilidad entre las redes involucradas.",
quiero saber si los retiros nocturnos tardan mas que los diurnos,"hice un retiro de cripto de madrugada, tarda mas en procesarse por el horario o el sistema funciona igual las 24 horas?",Low,Resolved,qm:96e3bf0d-beea-4cd2-bca9-568ee30412d2:9700668d-bb18-4ce6-a136-d0d4eac1741d,maximilianojavierjulio@gmail.com,Tokenia Email,General request,Depósitos y retiros,6/Apr/26 3:30 AM,"6/Abr/26 8:00 AM;maximilianojavierjulio@gmail.com;Hola, disculpá la demora por el horario. Los retiros de criptomonedas se procesan automáticamente las 24 horas sin distinción de horario, el tiempo depende principalmente de la congestión de la red blockchain, no de nuestro horario de atención.","6/Abr/26 8:20 AM;qm:96e3bf0d-beea-4cd2-bca9-568ee30412d2:9700668d-bb18-4ce6-a136-d0d4eac1741d;entendido, gracias por la aclaracion"
mi retiro de dai quedo pendiente de confirmacion de mi parte y no se que hacer,pedi un retiro de dai y me aparece un mensaje pidiendo confirmacion adicional pero no entiendo que boton tengo que tocar para confirmar.,Medium,Resolved,qm:96e3bf0d-beea-4cd2-bca9-568ee30412d2:af30ed9d-7e74-4e4e-8304-5e91abcd1392,maxyjulio18@gmail.com,Tokenia App,Service Request,Depósitos y retiros,20/Jul/25 1:20 PM,"20/Jul/25 1:40 PM;maxyjulio18@gmail.com;Hola, esa confirmación adicional suele requerir que revises tu correo, donde te enviamos un enlace para confirmar el retiro por seguridad. Revisá tu bandeja de entrada y spam para encontrar ese mail.","20/Jul/25 2:00 PM;qm:96e3bf0d-beea-4cd2-bca9-568ee30412d2:af30ed9d-7e74-4e4e-8304-5e91abcd1392;estaba en spam, ya confirme. gracias"
puedo depositar una cripto que compre en otro exchange y luego retirarla igual el mismo dia,"compre btc en otro exchange, lo deposito en tokenia, y quiero retirarlo el mismo dia a otra wallet. hay alguna restriccion de tiempo minimo antes de poder retirar?",Medium,Resolved,qm:96e3bf0d-beea-4cd2-bca9-568ee30412d2:9700668d-bb18-4ce6-a136-d0d4eac1741d,maximilianojavierjulio@gmail.com,Tokenia Web,Service Request,Depósitos y retiros,9/Feb/26 12:10 PM,"9/Feb/26 12:30 PM;maximilianojavierjulio@gmail.com;Hola, no hay una restricción de tiempo mínimo entre depositar y retirar la misma criptomoneda. Una vez que el depósito se acredite con las confirmaciones necesarias, podés retirarlo cuando quieras.","9/Feb/26 12:50 PM;qm:96e3bf0d-beea-4cd2-bca9-568ee30412d2:9700668d-bb18-4ce6-a136-d0d4eac1741d;perfecto, gracias por confirmar"
quiero saber si tokenia planea expandirse a mas paises de latinoamerica,"opera en argentina, brasil, uruguay y estados unidos, tienen planes de expandirse a chile, colombia o mexico proximamente?",Low,Resolved,qm:96e3bf0d-beea-4cd2-bca9-568ee30412d2:af30ed9d-7e74-4e4e-8304-5e91abcd1392,maxyjulio18@gmail.com,Tokenia Email,General request,Información y consultas generales,12/May/25 9:20 AM,"12/May/25 9:40 AM;maxyjulio18@gmail.com;Hola, por políticas internas no compartimos planes de expansión futuros antes de que sean oficiales. Cualquier novedad la vamos a anunciar públicamente cuando corresponda.","12/May/25 10:00 AM;qm:96e3bf0d-beea-4cd2-bca9-568ee30412d2:af30ed9d-7e74-4e4e-8304-5e91abcd1392;entendido, voy a estar atento a las novedades"
como puedo contactar directamente a algun ejecutivo para temas comerciales,"tengo una propuesta comercial para tokenia, no es un tema de soporte tecnico. hay un contacto especifico para temas de negocios?",Low,Resolved,qm:96e3bf0d-beea-4cd2-bca9-568ee30412d2:9700668d-bb18-4ce6-a136-d0d4eac1741d,maximilianojavierjulio@gmail.com,Tokenia Web,Service Request,Información y consultas generales,23/Sep/25 11:30 AM,"23/Sep/25 11:50 AM;maximilianojavierjulio@gmail.com;Hola, para consultas comerciales o de negocios podés escribir a negocios@tokenia.com, que es el canal específico para ese tipo de propuestas, distinto del soporte técnico habitual.","23/Sep/25 12:10 PM;qm:96e3bf0d-beea-4cd2-bca9-568ee30412d2:9700668d-bb18-4ce6-a136-d0d4eac1741d;perfecto, les escribo por ahi entonces. gracias"
quiero saber si tokenia tiene un programa de pasantias o empleo,"estoy buscando trabajo en el rubro fintech, tokenia tiene alguna seccion de empleos o pasantias disponible?",Low,Resolved,qm:96e3bf0d-beea-4cd2-bca9-568ee30412d2:af30ed9d-7e74-4e4e-8304-5e91abcd1392,maxyjulio18@gmail.com,Tokenia Email,General request,Información y consultas generales,8/Jan/26 2:50 PM,"8/Jan/26 3:10 PM;maxyjulio18@gmail.com;Hola, las búsquedas laborales activas se publican en la sección 'Trabajá con nosotros' de nuestro sitio web, o en nuestro perfil de LinkedIn si tenemos vacantes disponibles en ese momento.","8/Jan/26 3:30 PM;qm:96e3bf0d-beea-4cd2-bca9-568ee30412d2:af30ed9d-7e74-4e4e-8304-5e91abcd1392;gracias, voy a revisar ahi"
necesito saber si tokenia tiene alguna app de prueba o demo antes de registrarme,"antes de crear la cuenta quiero probar como funciona la interfaz sin comprometerme, hay algun modo demo disponible?",Low,Resolved,qm:96e3bf0d-beea-4cd2-bca9-568ee30412d2:9700668d-bb18-4ce6-a136-d0d4eac1741d,maximilianojavierjulio@gmail.com,Tokenia Web,Service Request,Información y consultas generales,17/Jun/25 1:00 PM,"17/Jun/25 1:20 PM;maximilianojavierjulio@gmail.com;Hola, por el momento no contamos con un modo demo, pero el registro es gratuito y podés explorar la interfaz sin necesidad de depositar fondos hasta que decidas operar.","17/Jun/25 1:40 PM;qm:96e3bf0d-beea-4cd2-bca9-568ee30412d2:9700668d-bb18-4ce6-a136-d0d4eac1741d;entendido, voy a registrarme entonces. gracias"
quiero saber si tokenia tiene alguna alianza con universidades para educacion financiera,"me parece interesante que promuevan educacion sobre cripto, tienen alguna alianza con instituciones educativas?",Low,Resolved,qm:96e3bf0d-beea-4cd2-bca9-568ee30412d2:af30ed9d-7e74-4e4e-8304-5e91abcd1392,maxyjulio18@gmail.com,Tokenia Email,General request,Información y consultas generales,4/Nov/25 10:50 AM,"4/Nov/25 11:10 AM;maxyjulio18@gmail.com;Hola, por el momento no contamos con alianzas formales con universidades, pero valoramos mucho la sugerencia de fomentar la educación financiera y la vamos a tener en cuenta.","4/Nov/25 11:30 AM;qm:96e3bf0d-beea-4cd2-bca9-568ee30412d2:af30ed9d-7e74-4e4e-8304-5e91abcd1392;entendido, ojala lo consideren"
como se si el soporte de tokenia esta disponible las 24 horas,quiero saber si puedo escribir un ticket a cualquier hora del dia o hay un horario de atencion especifico.,Low,Resolved,qm:96e3bf0d-beea-4cd2-bca9-568ee30412d2:9700668d-bb18-4ce6-a136-d0d4eac1741d,maximilianojavierjulio@gmail.com,Tokenia App,Service Request,Información y consultas generales,30/Dec/25 4:20 PM,"30/Dec/25 4:40 PM;maximilianojavierjulio@gmail.com;Hola, podés escribirnos un ticket en cualquier momento del día, incluidos fines de semana y feriados. Los tiempos de respuesta pueden variar según el volumen de consultas y el horario en que escribas.","30/Dec/25 5:00 PM;qm:96e3bf0d-beea-4cd2-bca9-568ee30412d2:9700668d-bb18-4ce6-a136-d0d4eac1741d;entendido, gracias por la info"
quiero saber si tokenia tiene planes de sacar una tarjeta de debito propia,"vi que algunos exchanges tienen tarjetas de debito para gastar directo desde el saldo cripto, tokenia tiene algo asi planeado?",Low,Resolved,qm:96e3bf0d-beea-4cd2-bca9-568ee30412d2:af30ed9d-7e74-4e4e-8304-5e91abcd1392,maxyjulio18@gmail.com,Tokenia Web,Service Request,Información y consultas generales,13/Mar/26 3:10 PM,"13/Mar/26 3:30 PM;maxyjulio18@gmail.com;Hola, por el momento no contamos con una tarjeta de débito propia, pero es una función que estamos evaluando incorporar en el futuro. Gracias por el interés.","13/Mar/26 3:50 PM;qm:96e3bf0d-beea-4cd2-bca9-568ee30412d2:af30ed9d-7e74-4e4e-8304-5e91abcd1392;genial, espero que lo saquen pronto"
necesito saber si puedo usar tokenia para comprar cripto como regalo de cumpleaños digital,"quiero regalarle criptomonedas a un amigo por su cumpleaños de una forma mas prolija que una simple transferencia, tokenia tiene algo tipo tarjeta de regalo?",Low,Resolved,qm:96e3bf0d-beea-4cd2-bca9-568ee30412d2:9700668d-bb18-4ce6-a136-d0d4eac1741d,maximilianojavierjulio@gmail.com,Tokenia Email,General request,Información y consultas generales,21/Aug/25 12:40 PM,"21/Aug/25 1:00 PM;maximilianojavierjulio@gmail.com;Hola, por el momento no contamos con una función de tarjeta de regalo cripto, pero podés transferirle directamente a su cuenta de Tokenia usando su nombre de usuario, que es rápido y sin comisión.","21/Aug/25 1:20 PM;qm:96e3bf0d-beea-4cd2-bca9-568ee30412d2:9700668d-bb18-4ce6-a136-d0d4eac1741d;entendido, lo voy a hacer asi entonces. gracias"
puedo ver el estado de mi retiro en pesos paso a paso como un envio de paquete,"me gustaria un seguimiento detallado del retiro, tipo 'enviado', 'en banco', 'acreditado', similar a como se rastrea un envio.",Low,Resolved,qm:96e3bf0d-beea-4cd2-bca9-568ee30412d2:af30ed9d-7e74-4e4e-8304-5e91abcd1392,maxyjulio18@gmail.com,Tokenia App,Service Request,Operaciones de compra/venta fiat,16/Jun/25 2:40 PM,"16/Jun/25 3:00 PM;maxyjulio18@gmail.com;Hola, por el momento el seguimiento muestra estados generales como 'pendiente', 'procesando' y 'completado', sin un detalle tan granular como el que describís. Tomamos en cuenta tu sugerencia.","16/Jun/25 3:20 PM;qm:96e3bf0d-beea-4cd2-bca9-568ee30412d2:af30ed9d-7e74-4e4e-8304-5e91abcd1392;entendido, gracias por escuchar"
mi deposito de pesos aparece en un estado que no reconozco como valido,"hice una transferencia y el estado que aparece dice 'en validacion bancaria', nunca habia visto ese estado antes, es normal?",Medium,Resolved,qm:96e3bf0d-beea-4cd2-bca9-568ee30412d2:9700668d-bb18-4ce6-a136-d0d4eac1741d,maximilianojavierjulio@gmail.com,Tokenia Web,Service Request,Operaciones de compra/venta fiat,3/Oct/25 4:00 PM,"3/Oct/25 4:20 PM;maximilianojavierjulio@gmail.com;Hola, ese estado indica que estamos confirmando que la transferencia provino efectivamente de una cuenta a tu nombre, un paso normal de seguridad. Una vez validado, se acredita automáticamente en tu saldo.","3/Oct/25 4:40 PM;qm:96e3bf0d-beea-4cd2-bca9-568ee30412d2:9700668d-bb18-4ce6-a136-d0d4eac1741d;entendido, gracias por la explicacion"
quiero saber si puedo pagar la comision de retiro en pesos con una tarjeta,"cuando retiro pesos, hay algun costo que se cobre por separado con tarjeta o todo sale del mismo saldo de tokenia?",Low,Resolved,qm:96e3bf0d-beea-4cd2-bca9-568ee30412d2:af30ed9d-7e74-4e4e-8304-5e91abcd1392,maxyjulio18@gmail.com,Tokenia Email,General request,Operaciones de compra/venta fiat,27/Apr/25 11:20 AM,"27/Abr/25 11:40 AM;maxyjulio18@gmail.com;Hola, los retiros en pesos no tienen ninguna comisión de nuestro lado, así que no hay ningún costo adicional a cobrar con tarjeta ni de otra forma.","27/Abr/25 12:00 PM;qm:96e3bf0d-beea-4cd2-bca9-568ee30412d2:af30ed9d-7e74-4e4e-8304-5e91abcd1392;entendido, gracias por confirmar"
mi retiro de pesos se demoro por ser un monto redondo muy alto,"pedi retirar exactamente 500000 pesos, un numero muy redondo, y tardo mas que otras veces con montos menos redondos. tiene relacion?",Low,Resolved,qm:96e3bf0d-beea-4cd2-bca9-568ee30412d2:9700668d-bb18-4ce6-a136-d0d4eac1741d,maximilianojavierjulio@gmail.com,Tokenia App,Service Request,Operaciones de compra/venta fiat,11/Sep/25 3:20 PM,"11/Sep/25 3:40 PM;maximilianojavierjulio@gmail.com;Hola, no hay relación directa entre que el monto sea redondo y el tiempo de procesamiento. La demora probablemente se debió al volumen o al monto elevado en sí, que puede pasar por una revisión adicional según nuestras políticas de seguridad.","11/Sep/25 4:00 PM;qm:96e3bf0d-beea-4cd2-bca9-568ee30412d2:9700668d-bb18-4ce6-a136-d0d4eac1741d;entendido, gracias por la aclaracion"
puedo depositar pesos usando la funcion de transferencia 3.0,"mi banco tiene la nueva funcion de transferencia 3.0 que es instantanea, se puede usar para depositar en tokenia?",Low,Resolved,qm:96e3bf0d-beea-4cd2-bca9-568ee30412d2:af30ed9d-7e74-4e4e-8304-5e91abcd1392,maxyjulio18@gmail.com,Tokenia Web,Service Request,Operaciones de compra/venta fiat,19/Feb/26 10:00 AM,"19/Feb/26 10:20 AM;maxyjulio18@gmail.com;Hola, sí, cualquier tipo de transferencia bancaria estándar o instantánea que uses funciona para depositar en Tokenia, incluida transferencia 3.0. Cuanto más rápida sea la transferencia de tu banco, más rápido se va a acreditar en tu cuenta.","19/Feb/26 10:40 AM;qm:96e3bf0d-beea-4cd2-bca9-568ee30412d2:af30ed9d-7e74-4e4e-8304-5e91abcd1392;genial, la voy a usar entonces. gracias"
quiero saber si hay alguna forma de acreditar mas rapido un deposito grande en pesos,"voy a hacer un deposito grande y me preocupa que tarde mucho por el monto, hay alguna forma de acelerarlo contactandolos antes?",Medium,Resolved,qm:96e3bf0d-beea-4cd2-bca9-568ee30412d2:9700668d-bb18-4ce6-a136-d0d4eac1741d,maximilianojavierjulio@gmail.com,Tokenia Email,General request,Operaciones de compra/venta fiat,6/Jul/25 9:50 AM,"6/Jul/25 10:10 AM;maximilianojavierjulio@gmail.com;Hola, gracias por avisarnos con anticipación. Aunque no podemos acelerar el proceso bancario en sí, el hecho de que nos avises nos ayuda a estar atentos y darle seguimiento prioritario en cuanto detectemos la transferencia.","6/Jul/25 10:30 AM;qm:96e3bf0d-beea-4cd2-bca9-568ee30412d2:9700668d-bb18-4ce6-a136-d0d4eac1741d;perfecto, gracias por el seguimiento"
mi cuenta bancaria cargada en tokenia figura como no verificada aunque ya opere con ella antes,"tengo una cuenta bancaria que use hace meses para retirar sin problema, pero ahora aparece como 'no verificada'. por que cambio eso?",Medium,Resolved,qm:96e3bf0d-beea-4cd2-bca9-568ee30412d2:af30ed9d-7e74-4e4e-8304-5e91abcd1392,maxyjulio18@gmail.com,Tokenia App,Service Request,Operaciones de compra/venta fiat,22/Nov/25 1:30 PM,"22/Nov/25 1:50 PM;maxyjulio18@gmail.com;Hola, es posible que hayamos actualizado los criterios de validación de cuentas bancarias recientemente, lo que puede requerir una reverificación puntual. Te recomendamos volver a confirmar los datos de esa cuenta desde Perfil > Datos bancarios.","22/Nov/25 2:10 PM;qm:96e3bf0d-beea-4cd2-bca9-568ee30412d2:af30ed9d-7e74-4e4e-8304-5e91abcd1392;listo, ya la reverifique. gracias"
quiero saber si puedo usar tokenia con dos factores biometricos distintos,"tengo huella y reconocimiento facial en mi celular, puedo configurar que pida ambos para entrar a tokenia, no solo uno?",Low,Resolved,qm:96e3bf0d-beea-4cd2-bca9-568ee30412d2:af30ed9d-7e74-4e4e-8304-5e91abcd1392,maxi220julio@gmail.com,Tokenia App,Service Request,Acceso y autenticación,8/Jun/25 11:00 AM,"8/Jun/25 11:20 AM;maxi220julio@gmail.com;Hola, la app permite configurar un solo método biométrico a la vez para el ingreso rápido, no dos combinados. Podés elegir el que prefieras entre huella o reconocimiento facial.","8/Jun/25 11:40 AM;qm:96e3bf0d-beea-4cd2-bca9-568ee30412d2:af30ed9d-7e74-4e4e-8304-5e91abcd1392;entendido, gracias por confirmar"
mi cuenta se bloqueo despues de restaurar el celular de una copia de seguridad,"restaure mi celular nuevo desde un backup del anterior y al abrir tokenia se bloqueo la cuenta directamente, sin dejarme ni intentar entrar.",Medium,Resolved,qm:96e3bf0d-beea-4cd2-bca9-568ee30412d2:9700668d-bb18-4ce6-a136-d0d4eac1741d,maximilianojavierjulio@gmail.com,Tokenia App,Service Request,Acceso y autenticación,19/Oct/25 3:40 PM,"19/Oct/25 4:00 PM;maximilianojavierjulio@gmail.com;Hola, restaurar desde un backup puede generar un identificador de dispositivo distinto, activando una revisión de seguridad. Ya verificamos tu identidad y desbloqueamos tu cuenta.","19/Oct/25 4:20 PM;qm:96e3bf0d-beea-4cd2-bca9-568ee30412d2:9700668d-bb18-4ce6-a136-d0d4eac1741d;ya pude entrar, gracias por la rapidez"
quiero saber si el mail de bienvenida al registrarme tiene informacion de seguridad importante,"me registre hace poco y me llego un mail de bienvenida, tiene algo importante de seguridad que deba guardar o solo es informativo general?",Low,Resolved,qm:96e3bf0d-beea-4cd2-bca9-568ee30412d2:af30ed9d-7e74-4e4e-8304-5e91abcd1392,maxyjulio18@gmail.com,Tokenia Email,General request,Acceso y autenticación,3/Sep/25 9:20 AM,"3/Sep/25 9:40 AM;maxyjulio18@gmail.com;Hola, ese correo es principalmente informativo con los primeros pasos para usar la plataforma, no contiene claves ni códigos de seguridad que debas guardar de forma especial.","3/Sep/25 10:00 AM;qm:96e3bf0d-beea-4cd2-bca9-568ee30412d2:af30ed9d-7e74-4e4e-8304-5e91abcd1392;entendido, gracias por la aclaracion"
no puedo iniciar sesion porque el reloj de mi celular esta mal configurado,"un tecnico me dijo que el problema para entrar puede ser que la fecha y hora de mi celular estan mal, tiene sentido eso para el login de tokenia?",Low,Resolved,qm:96e3bf0d-beea-4cd2-bca9-568ee30412d2:9700668d-bb18-4ce6-a136-d0d4eac1741d,maximilianojavierjulio@gmail.com,Tokenia Web,Service Request,Acceso y autenticación,14/Jan/26 1:10 PM,"14/Jan/26 1:30 PM;maximilianojavierjulio@gmail.com;Hola, sí, tiene sentido, si la fecha y hora del dispositivo están muy desincronizadas puede afectar la validación de sesión, especialmente si usás 2FA con app autenticadora. Te recomendamos activar la sincronización automática de fecha y hora en tu celular.","14/Jan/26 1:50 PM;qm:96e3bf0d-beea-4cd2-bca9-568ee30412d2:9700668d-bb18-4ce6-a136-d0d4eac1741d;activando la sincronizacion automatica se soluciono, gracias"
quiero saber si tokenia detecta si estoy usando un emulador de android para entrar,"por curiosidad tecnica, tokenia bloquea el acceso desde emuladores de android o solo funciona en dispositivos reales?",Low,Resolved,qm:96e3bf0d-beea-4cd2-bca9-568ee30412d2:af30ed9d-7e74-4e4e-8304-5e91abcd1392,maxyjulio18@gmail.com,Tokenia Email,General request,Acceso y autenticación,27/Apr/25 2:30 PM,"27/Abr/25 2:50 PM;maxyjulio18@gmail.com;Hola, sí, contamos con medidas de seguridad que pueden restringir el acceso desde emuladores o entornos no estándar, como parte de nuestra protección contra fraude y accesos no autorizados.","27/Abr/25 3:10 PM;qm:96e3bf0d-beea-4cd2-bca9-568ee30412d2:af30ed9d-7e74-4e4e-8304-5e91abcd1392;entendido, gracias por la info"
mi cuenta pide validar identidad cada vez que cambio de proveedor de internet,"cuando estoy en mi casa con wifi entro normal, pero si voy a otro lugar y uso otro wifi u otros datos, me pide verificacion extra siempre.",Medium,Resolved,qm:96e3bf0d-beea-4cd2-bca9-568ee30412d2:9700668d-bb18-4ce6-a136-d0d4eac1741d,maximilianojavierjulio@gmail.com,Tokenia App,Service Request,Acceso y autenticación,11/Aug/25 4:50 PM,"11/Aug/25 5:10 PM;maximilianojavierjulio@gmail.com;Hola, ese comportamiento es normal e intencional. El sistema detecta cambios de red o ubicación y solicita una verificación adicional como medida de seguridad para confirmar que sos realmente vos.","11/Aug/25 5:30 PM;qm:96e3bf0d-beea-4cd2-bca9-568ee30412d2:9700668d-bb18-4ce6-a136-d0d4eac1741d;entendido, prefiero esa seguridad extra. gracias"
puedo ver el detalle de una transferencia interna que recibi de otro usuario,"un amigo me transfirio usdt usando mi nombre de usuario, se puede ver algun detalle de quien la envio en el comprobante?",Low,Resolved,qm:96e3bf0d-beea-4cd2-bca9-568ee30412d2:af30ed9d-7e74-4e4e-8304-5e91abcd1392,maxi220julio@gmail.com,Tokenia App,Service Request,Billetera y direcciones,5/Jul/25 3:00 PM,"5/Jul/25 3:20 PM;maxi220julio@gmail.com;Hola, sí, en el detalle de la transferencia recibida en Actividad vas a ver el nombre de usuario de quien te la envió.","5/Jul/25 3:40 PM;qm:96e3bf0d-beea-4cd2-bca9-568ee30412d2:af30ed9d-7e74-4e4e-8304-5e91abcd1392;genial, ya lo vi. gracias"
quiero saber si puedo bloquear temporalmente una direccion especifica de retiro,"tengo una direccion guardada que ya no quiero usar por un tiempo, se puede desactivar temporalmente sin borrarla del todo?",Low,Resolved,qm:96e3bf0d-beea-4cd2-bca9-568ee30412d2:9700668d-bb18-4ce6-a136-d0d4eac1741d,maximilianojavierjulio@gmail.com,Tokenia Web,Service Request,Billetera y direcciones,16/Nov/25 1:20 PM,"16/Nov/25 1:40 PM;maximilianojavierjulio@gmail.com;Hola, por el momento no contamos con la opción de desactivar temporalmente una dirección guardada, solo podés eliminarla o dejarla como está sin usarla.","16/Nov/25 2:00 PM;qm:96e3bf0d-beea-4cd2-bca9-568ee30412d2:9700668d-bb18-4ce6-a136-d0d4eac1741d;entendido, la dejo asi entonces. gracias"
mi billetera de avalanche no aparece en la lista de criptos disponibles,"quiero operar avax pero no encuentro esa cripto en la lista de mercados de tokenia, la tienen disponible o no?",Low,Resolved,qm:96e3bf0d-beea-4cd2-bca9-568ee30412d2:af30ed9d-7e74-4e4e-8304-5e91abcd1392,maxyjulio18@gmail.com,Tokenia Email,General request,Billetera y direcciones,29/Sep/25 10:40 AM,"29/Sep/25 11:00 AM;maxyjulio18@gmail.com;Hola, por el momento no contamos con Avalanche (AVAX) entre las criptomonedas disponibles en Tokenia. Tomamos en cuenta tu interés para evaluar incorporarla a futuro.","29/Sep/25 11:20 AM;qm:96e3bf0d-beea-4cd2-bca9-568ee30412d2:af30ed9d-7e74-4e4e-8304-5e91abcd1392;entendido, espero que la agreguen"
quiero saber si las direcciones de deposito son unicas para siempre o rotan cada cierto tiempo,me preocupa que mi direccion cambie sin que yo lo sepa mientras tengo pendiente un envio grande. rotan automaticamente en algun momento?,Medium,Resolved,qm:96e3bf0d-beea-4cd2-bca9-568ee30412d2:9700668d-bb18-4ce6-a136-d0d4eac1741d,maximilianojavierjulio@gmail.com,Tokenia App,Service Request,Billetera y direcciones,12/Feb/26 2:10 PM,"12/Feb/26 2:30 PM;maximilianojavierjulio@gmail.com;Hola, las direcciones pueden rotar ocasionalmente por seguridad, pero como te comentamos antes, todas las direcciones anteriores siguen siendo válidas para recibir fondos, así que no hay riesgo aunque cambie mientras tenés un envío en curso.","12/Feb/26 2:50 PM;qm:96e3bf0d-beea-4cd2-bca9-568ee30412d2:9700668d-bb18-4ce6-a136-d0d4eac1741d;que tranquilidad, gracias por confirmar"
puedo transferir nfts a traves de tokenia o solo criptomonedas,"tengo algunos nfts en otra billetera, tokenia soporta ese tipo de activos o solo maneja criptomonedas fungibles?",Low,Resolved,qm:96e3bf0d-beea-4cd2-bca9-568ee30412d2:af30ed9d-7e74-4e4e-8304-5e91abcd1392,maxyjulio18@gmail.com,Tokenia Web,Service Request,Billetera y direcciones,6/May/25 12:40 PM,"6/May/25 1:00 PM;maxyjulio18@gmail.com;Hola, por el momento Tokenia solo soporta criptomonedas fungibles, no contamos con funcionalidad para almacenar o transferir NFTs.","6/May/25 1:20 PM;qm:96e3bf0d-beea-4cd2-bca9-568ee30412d2:af30ed9d-7e74-4e4e-8304-5e91abcd1392;entendido, gracias por confirmar"
quiero saber si puedo ver graficos de distribucion de mi portfolio por porcentaje,me gustaria ver un grafico tipo torta con el porcentaje de cada cripto que tengo respecto al total de mi portfolio.,Low,Resolved,qm:96e3bf0d-beea-4cd2-bca9-568ee30412d2:9700668d-bb18-4ce6-a136-d0d4eac1741d,maximilianojavierjulio@gmail.com,Tokenia App,Service Request,Billetera y direcciones,23/Dec/25 11:50 AM,"23/Dec/25 12:10 PM;maximilianojavierjulio@gmail.com;Hola, sí, en la sección Portfolio vas a encontrar un gráfico de distribución que muestra el porcentaje de cada criptomoneda respecto al valor total de tu cuenta.","23/Dec/25 12:30 PM;qm:96e3bf0d-beea-4cd2-bca9-568ee30412d2:9700668d-bb18-4ce6-a136-d0d4eac1741d;genial, ya lo encontre. gracias"
mi cuenta tiene un limite diferente para compras que para ventas,"note que puedo comprar hasta cierto monto pero vender me deja hasta un monto distinto, es normal esa asimetria?",Low,Resolved,qm:96e3bf0d-beea-4cd2-bca9-568ee30412d2:af30ed9d-7e74-4e4e-8304-5e91abcd1392,maxyjulio18@gmail.com,Tokenia Web,Service Request,Límites y restricciones,9/Aug/25 3:20 PM,"9/Aug/25 3:40 PM;maxyjulio18@gmail.com;Hola, no debería haber una diferencia entre límites de compra y venta, ambos se calculan de la misma forma según tu nivel de verificación. Si ves una discrepancia puntual, contanos los montos exactos para revisarlo.","9/Aug/25 4:00 PM;qm:96e3bf0d-beea-4cd2-bca9-568ee30412d2:af30ed9d-7e74-4e4e-8304-5e91abcd1392;capaz me confundi, voy a revisar de nuevo. gracias"
quiero saber si los limites de transferencia interna entre usuarios son distintos a los de retiro externo,"cuando transfiero a otro usuario de tokenia, aplica el mismo limite que cuando retiro a una wallet externa o son cosas separadas?",Low,Resolved,qm:96e3bf0d-beea-4cd2-bca9-568ee30412d2:9700668d-bb18-4ce6-a136-d0d4eac1741d,maximilianojavierjulio@gmail.com,Tokenia Email,General request,Límites y restricciones,15/Oct/25 10:20 AM,"15/Oct/25 10:40 AM;maximilianojavierjulio@gmail.com;Hola, las transferencias internas entre usuarios de Tokenia generalmente no consumen el mismo límite que los retiros externos, ya que se consideran movimientos dentro de la plataforma.","15/Oct/25 11:00 AM;qm:96e3bf0d-beea-4cd2-bca9-568ee30412d2:9700668d-bb18-4ce6-a136-d0d4eac1741d;entendido, gracias por la aclaracion"
mi cuenta quedo restringida despues de reportar un error tecnico,"reporte un bug de la app hace poco y despues de eso mi cuenta quedo con restricciones, tiene relacion una cosa con la otra?",Medium,Resolved,qm:96e3bf0d-beea-4cd2-bca9-568ee30412d2:af30ed9d-7e74-4e4e-8304-5e91abcd1392,maxyjulio18@gmail.com,Tokenia App,Service Request,Límites y restricciones,21/Jun/25 2:00 PM,"21/Jun/25 2:20 PM;maxyjulio18@gmail.com;Hola, no debería haber ninguna relación entre reportar un error técnico y tener restricciones en la cuenta. Revisamos tu caso y encontramos que la restricción se activó por otro motivo no relacionado, ya la levantamos.","21/Jun/25 2:40 PM;qm:96e3bf0d-beea-4cd2-bca9-568ee30412d2:af30ed9d-7e74-4e4e-8304-5e91abcd1392;que alivio, gracias por resolverlo"
puedo ver graficamente el uso de mi limite mensual a lo largo del tiempo,"me gustaria ver una barra o grafico que muestre como voy consumiendo mi limite mensual dia a dia, no solo el numero final.",Low,Resolved,qm:96e3bf0d-beea-4cd2-bca9-568ee30412d2:9700668d-bb18-4ce6-a136-d0d4eac1741d,maximilianojavierjulio@gmail.com,Tokenia Web,Service Request,Límites y restricciones,4/Mar/26 1:40 PM,"4/Mar/26 2:00 PM;maximilianojavierjulio@gmail.com;Hola, por el momento solo mostramos el monto disponible actual sin un gráfico de evolución diaria. Tomamos en cuenta tu sugerencia para futuras mejoras de la interfaz.","4/Mar/26 2:20 PM;qm:96e3bf0d-beea-4cd2-bca9-568ee30412d2:9700668d-bb18-4ce6-a136-d0d4eac1741d;entendido, gracias igual"
mi cuenta empresarial tiene un limite mas bajo del que me habian informado al abrirla,"cuando abri mi cuenta empresarial me dijeron un limite especifico pero ahora veo uno mas bajo en la app, hay algun error?",High,Escalated,qm:96e3bf0d-beea-4cd2-bca9-568ee30412d2:af30ed9d-7e74-4e4e-8304-5e91abcd1392,maxyjulio18@gmail.com,Tokenia Email,General request,Límites y restricciones,27/Jan/26 9:30 AM,"27/Jan/26 9:50 AM;maxyjulio18@gmail.com;Hola, disculpá la discrepancia. Vamos a derivar tu caso al equipo comercial que gestionó tu cuenta empresarial para confirmar el límite acordado originalmente y corregir cualquier error.",
puedo ver el precio de una cripto en distintas monedas ademas de pesos y dolares,"quiero ver el precio de btc en reales brasileños ademas de pesos, se puede cambiar esa vista de moneda de referencia para el precio de mercado?",Low,Resolved,qm:96e3bf0d-beea-4cd2-bca9-568ee30412d2:9700668d-bb18-4ce6-a136-d0d4eac1741d,maxi220julio@gmail.com,Tokenia Web,Service Request,Operaciones de compra/venta crypto,10/Jul/25 1:50 PM,"10/Jul/25 2:10 PM;maxi220julio@gmail.com;Hola, por el momento el precio se muestra en la moneda de referencia configurada en tu perfil (pesos o dólares), no contamos con la opción de ver otras monedas como reales directamente en la pantalla de precios.","10/Jul/25 2:30 PM;qm:96e3bf0d-beea-4cd2-bca9-568ee30412d2:9700668d-bb18-4ce6-a136-d0d4eac1741d;entendido, gracias"
quiero saber si puedo deshacer un swap si me arrepiento en los primeros segundos,"hice un cambio de eth a btc hace apenas unos segundos, hay alguna ventana breve donde se pueda deshacer antes de que se confirme del todo?",Medium,Resolved,qm:96e3bf0d-beea-4cd2-bca9-568ee30412d2:af30ed9d-7e74-4e4e-8304-5e91abcd1392,maximilianojavierjulio@gmail.com,Tokenia App,Service Request,Operaciones de compra/venta crypto,24/Nov/25 4:20 PM,"24/Nov/25 4:40 PM;maximilianojavierjulio@gmail.com;Hola, el swap se ejecuta de forma inmediata al confirmar, sin ventana de arrepentimiento, ya que el precio de conversión queda fijado en ese instante.","24/Nov/25 5:00 PM;qm:96e3bf0d-beea-4cd2-bca9-568ee30412d2:af30ed9d-7e74-4e4e-8304-5e91abcd1392;entendido, gracias por confirmar"
mi orden de compra tardo mas en dias de fin de semana,"compre cripto un sabado y tardo bastante mas que en dias de semana, tiene que ver con menor liquidez los fines de semana?",Low,Resolved,qm:96e3bf0d-beea-4cd2-bca9-568ee30412d2:9700668d-bb18-4ce6-a136-d0d4eac1741d,maxyjulio18@gmail.com,Tokenia Web,Service Request,Operaciones de compra/venta crypto,15/Nov/25 4:00 PM,"15/Nov/25 4:20 PM;maxyjulio18@gmail.com;Hola, sí, el mercado cripto opera las 24 horas los 7 días, pero suele haber menor volumen los fines de semana, lo que a veces afecta la velocidad de ejecución y amplía levemente el spread.","15/Nov/25 4:40 PM;qm:96e3bf0d-beea-4cd2-bca9-568ee30412d2:9700668d-bb18-4ce6-a136-d0d4eac1741d;entendido, gracias por la explicacion"
puedo ver alertas de precio personalizadas para cuando una cripto llegue a cierto valor,"quiero que me avisen cuando btc llegue a un precio especifico que yo elija, hay alertas configurables asi?",Low,Resolved,qm:96e3bf0d-beea-4cd2-bca9-568ee30412d2:af30ed9d-7e74-4e4e-8304-5e91abcd1392,maximilianojavierjulio@gmail.com,Tokenia App,Service Request,Operaciones de compra/venta crypto,1/Sep/25 11:10 AM,"1/Sep/25 11:30 AM;maximilianojavierjulio@gmail.com;Hola, sí, desde la ficha de cada criptomoneda podés tocar el ícono de la campana y configurar una alerta de precio personalizada para que te avisemos cuando llegue al valor que elijas.","1/Sep/25 11:50 AM;qm:96e3bf0d-beea-4cd2-bca9-568ee30412d2:af30ed9d-7e74-4e4e-8304-5e91abcd1392;genial, ya la configure. gracias"
mi compra de eth se ejecuto con un spread mas alto de lo habitual en ese momento,compre eth en un momento de mucha volatilidad del mercado y el spread fue notablemente mas alto que en otras compras. es esperable en esos momentos?,Low,Resolved,qm:96e3bf0d-beea-4cd2-bca9-568ee30412d2:9700668d-bb18-4ce6-a136-d0d4eac1741d,maxyjulio18@gmail.com,Tokenia Web,Service Request,Operaciones de compra/venta crypto,20/Dec/25 3:40 PM,"20/Dec/25 4:00 PM;maxyjulio18@gmail.com;Hola, sí, en momentos de alta volatilidad el spread suele ampliarse temporalmente por la incertidumbre de precios en el mercado. Es un comportamiento esperado en ese tipo de escenarios.","20/Dec/25 4:20 PM;qm:96e3bf0d-beea-4cd2-bca9-568ee30412d2:9700668d-bb18-4ce6-a136-d0d4eac1741d;entendido, gracias por la aclaracion"
puedo comprar cripto con descuento si soy referido de alguien,"me registre con el codigo de referido de un amigo, eso me da algun descuento en la primera compra ademas del bono de bienvenida?",Low,Resolved,qm:96e3bf0d-beea-4cd2-bca9-568ee30412d2:af30ed9d-7e74-4e4e-8304-5e91abcd1392,maximilianojavierjulio@gmail.com,Tokenia Email,General request,Operaciones de compra/venta crypto,8/Apr/26 2:20 PM,"8/Abr/26 2:40 PM;maximilianojavierjulio@gmail.com;Hola, el programa de referidos otorga un bono en USDT para vos y quien te refirió, pero no incluye un descuento adicional en la comisión de compra. El bono se acredita por separado a tu saldo.","8/Abr/26 3:00 PM;qm:96e3bf0d-beea-4cd2-bca9-568ee30412d2:af30ed9d-7e74-4e4e-8304-5e91abcd1392;entendido, gracias por la aclaracion"
la app no me deja tomar captura de pantalla ni siquiera para uso personal offline,"entiendo el bloqueo de capturas por seguridad, pero queria confirmar si aplica incluso para guardar algo personal, sin compartirlo con nadie.",Low,Resolved,qm:96e3bf0d-beea-4cd2-bca9-568ee30412d2:9700668d-bb18-4ce6-a136-d0d4eac1741d,maxyjulio18@gmail.com,Tokenia Email,General request,Problemas técnicos de la app/web,13/Jun/25 3:30 PM,"13/Jun/25 3:50 PM;maxyjulio18@gmail.com;Hola, sí, el bloqueo de capturas aplica a todas las secciones sensibles independientemente del uso que planees darle, es una medida de seguridad general del sistema. Para comprobantes específicos, usá la opción de exportar disponible en cada operación.","13/Jun/25 4:10 PM;qm:96e3bf0d-beea-4cd2-bca9-568ee30412d2:9700668d-bb18-4ce6-a136-d0d4eac1741d;entendido, voy a usar exportar entonces"
el modo de accesibilidad para lectores de pantalla no funciona bien en tokenia,"uso un lector de pantalla por baja vision y varios botones de la app no se anuncian correctamente, es un tema conocido?",Medium,Escalated,qm:96e3bf0d-beea-4cd2-bca9-568ee30412d2:af30ed9d-7e74-4e4e-8304-5e91abcd1392,maximilianojavierjulio@gmail.com,Tokenia App,Service Request,Problemas técnicos de la app/web,26/Aug/25 9:50 AM,"26/Aug/25 10:10 AM;maximilianojavierjulio@gmail.com;Hola, gracias por reportarlo y por la paciencia. Vamos a derivar este tema a nuestro equipo de producto para mejorar la compatibilidad con lectores de pantalla, es un aspecto importante que queremos corregir.",
la app me pide reiniciar el celular constantemente para funcionar bien,"cada vez que uso tokenia por un rato largo, empieza a funcionar mal hasta que reinicio el celular. es normal tener que hacer eso tan seguido?",Medium,Resolved,qm:96e3bf0d-beea-4cd2-bca9-568ee30412d2:9700668d-bb18-4ce6-a136-d0d4eac1741d,maxyjulio18@gmail.com,Tokenia App,Service Request,Problemas técnicos de la app/web,9/Oct/25 5:10 PM,"9/Oct/25 5:30 PM;maxyjulio18@gmail.com;Hola, gracias por avisarnos, no deberías necesitar reiniciar tan seguido. Vamos a derivar tu caso a nuestro equipo técnico para investigar qué puede estar causando ese comportamiento en tu dispositivo.",9/Oct/25 5:50 PM;qm:96e3bf0d-beea-4cd2-bca9-568ee30412d2:9700668d-bb18-4ce6-a136-d0d4eac1741d;gracias por tomarlo en cuenta
la app tiene un modo de bajo consumo de datos para conexiones lentas,"estoy en una zona con internet muy lento, tokenia tiene algun modo liviano que consuma menos datos para esas situaciones?",Low,Resolved,qm:96e3bf0d-beea-4cd2-bca9-568ee30412d2:af30ed9d-7e74-4e4e-8304-5e91abcd1392,maximilianojavierjulio@gmail.com,Tokenia Email,General request,Problemas técnicos de la app/web,17/Dec/25 11:20 AM,"17/Dec/25 11:40 AM;maximilianojavierjulio@gmail.com;Hola, por el momento no contamos con un modo específico de bajo consumo de datos, pero la app está optimizada para funcionar razonablemente bien en conexiones lentas.","17/Dec/25 12:00 PM;qm:96e3bf0d-beea-4cd2-bca9-568ee30412d2:af30ed9d-7e74-4e4e-8304-5e91abcd1392;entendido, gracias"
el boton de retiro se superpone con otro elemento en pantallas pequeñas,"en mi celular con pantalla chica, el boton de confirmar retiro queda tapado por otro elemento y me cuesta tocarlo bien.",Medium,Resolved,qm:96e3bf0d-beea-4cd2-bca9-568ee30412d2:9700668d-bb18-4ce6-a136-d0d4eac1741d,maxyjulio18@gmail.com,Tokenia App,Service Request,Problemas técnicos de la app/web,4/Feb/26 2:50 PM,"4/Feb/26 3:10 PM;maxyjulio18@gmail.com;Hola, gracias por reportarlo, es un problema de diseño en pantallas pequeñas que ya derivamos a nuestro equipo de diseño para corregir. Mientras tanto, probá rotar el celular a horizontal, eso suele solucionarlo temporalmente.","4/Feb/26 3:30 PM;qm:96e3bf0d-beea-4cd2-bca9-568ee30412d2:9700668d-bb18-4ce6-a136-d0d4eac1741d;con horizontal se ve bien, gracias"
la sincronizacion con el reloj del sistema hace que los graficos se vean mal,"el reloj de mi computadora esta en otra zona horaria por trabajo, y los graficos de tokenia se ven desfasados en las horas. es por eso?",Low,Resolved,qm:96e3bf0d-beea-4cd2-bca9-568ee30412d2:af30ed9d-7e74-4e4e-8304-5e91abcd1392,maximilianojavierjulio@gmail.com,Tokenia Web,Service Request,Problemas técnicos de la app/web,22/Sep/25 10:00 AM,"22/Sep/25 10:20 AM;maximilianojavierjulio@gmail.com;Hola, sí, tiene sentido, los gráficos toman la zona horaria configurada en tu dispositivo. Si tu computadora está en otro huso horario, eso puede generar el desfasaje que ves en los horarios mostrados.","22/Sep/25 10:40 AM;qm:96e3bf0d-beea-4cd2-bca9-568ee30412d2:af30ed9d-7e74-4e4e-8304-5e91abcd1392;entendido, gracias por explicarme"
quiero saber si tokenia tiene programa de recompensas por reportar vulnerabilidades,"soy desarrollador y encontre algo que me parecio una falla de seguridad menor, tokenia tiene un programa de bug bounty para reportar esto?",Medium,Resolved,qm:96e3bf0d-beea-4cd2-bca9-568ee30412d2:af30ed9d-7e74-4e4e-8304-5e91abcd1392,maxi220julio@gmail.com,Tokenia Email,General request,Seguridad de la cuenta,5/Jun/25 10:00 AM,"5/Jun/25 10:20 AM;maxi220julio@gmail.com;Hola, agradecemos mucho tu buena voluntad. Por el momento no contamos con un programa formal de bug bounty, pero podés reportarnos cualquier hallazgo a seguridad@tokenia.com y lo vamos a evaluar con nuestro equipo técnico.","5/Jun/25 10:40 AM;qm:96e3bf0d-beea-4cd2-bca9-568ee30412d2:af30ed9d-7e74-4e4e-8304-5e91abcd1392;perfecto, les escribo el detalle ahora. gracias"
mi cuenta fue accedida desde un dispositivo con nombre generico que no reconozco,"en las sesiones activas veo un dispositivo que dice solo 'Android device' sin mas detalle, no se si es mio de hace tiempo o de otra persona.",Medium,Resolved,qm:96e3bf0d-beea-4cd2-bca9-568ee30412d2:9700668d-bb18-4ce6-a136-d0d4eac1741d,maximilianojavierjulio@gmail.com,Tokenia App,Service Request,Seguridad de la cuenta,18/Oct/25 3:10 PM,"18/Oct/25 3:30 PM;maximilianojavierjulio@gmail.com;Hola, si no reconocés ese dispositivo, te recomendamos cerrar esa sesión de inmediato desde Perfil > Seguridad > Sesiones activas, y cambiar tu contraseña como precaución adicional.","18/Oct/25 3:50 PM;qm:96e3bf0d-beea-4cd2-bca9-568ee30412d2:9700668d-bb18-4ce6-a136-d0d4eac1741d;listo, cerre esa sesion y cambie la clave. gracias"
quiero saber si puedo configurar un limite de retiro reducido solo hasta que confirme una operacion,"voy a estar de viaje y quiero poner un limite bajo temporal de retiro, y despues volver al limite normal cuando regrese. se puede hacer eso facil?",Low,Resolved,qm:96e3bf0d-beea-4cd2-bca9-568ee30412d2:af30ed9d-7e74-4e4e-8304-5e91abcd1392,maxyjulio18@gmail.com,Tokenia Email,General request,Seguridad de la cuenta,2/Sep/25 11:40 AM,"2/Sep/25 12:00 PM;maxyjulio18@gmail.com;Hola, podés solicitarnos un límite personalizado temporal por este medio, indicando el monto y el período que necesites. Cuando quieras volver al límite habitual, simplemente contactanos de nuevo.","2/Sep/25 12:20 PM;qm:96e3bf0d-beea-4cd2-bca9-568ee30412d2:af30ed9d-7e74-4e4e-8304-5e91abcd1392;perfecto, te paso los detalles ahora. gracias"
me preocupa que mi cuenta este vinculada a un mail que ya no controlo,"el mail que use para registrarme era de un trabajo anterior y ya no tengo acceso, esto es un riesgo de seguridad para mi cuenta actual?",High,Resolved,qm:96e3bf0d-beea-4cd2-bca9-568ee30412d2:9700668d-bb18-4ce6-a136-d0d4eac1741d,maximilianojavierjulio@gmail.com,Tokenia Web,Service Request,Seguridad de la cuenta,9/Dec/25 1:20 PM,"9/Dec/25 1:40 PM;maximilianojavierjulio@gmail.com;Hola, sí, es importante que actualices tu mail principal cuanto antes, ya que se usa para recuperación de cuenta y notificaciones de seguridad. Escribinos con tu documentación para verificar identidad y actualizar ese dato.","9/Dec/25 2:00 PM;qm:96e3bf0d-beea-4cd2-bca9-568ee30412d2:9700668d-bb18-4ce6-a136-d0d4eac1741d;te mando la documentacion ahora, gracias por la urgencia"
quiero saber si tokenia usa autenticacion adaptativa segun el riesgo de la operacion,para operaciones chicas pide menos verificacion pero para montos grandes pide mas seguridad? funciona asi de adaptativo el sistema?,Low,Resolved,qm:96e3bf0d-beea-4cd2-bca9-568ee30412d2:af30ed9d-7e74-4e4e-8304-5e91abcd1392,maxyjulio18@gmail.com,Tokenia Web,Service Request,Seguridad de la cuenta,14/Apr/25 4:30 PM,"14/Apr/25 4:50 PM;maxyjulio18@gmail.com;Hola, sí, contamos con sistemas de evaluación de riesgo que pueden solicitar verificación adicional en operaciones de mayor monto o en contextos que consideramos de riesgo elevado, como cambios recientes de dispositivo o ubicación.","14/Abr/25 5:10 PM;qm:96e3bf0d-beea-4cd2-bca9-568ee30412d2:af30ed9d-7e74-4e4e-8304-5e91abcd1392;entendido, tiene sentido. gracias"
mi cuenta fue marcada para revision por un patron de comportamiento inusual,me avisaron que mi cuenta esta bajo revision por 'patron de comportamiento inusual' pero no hice nada distinto a lo habitual. que puede haber sido?,Medium,Escalated,qm:96e3bf0d-beea-4cd2-bca9-568ee30412d2:9700668d-bb18-4ce6-a136-d0d4eac1741d,maximilianojavierjulio@gmail.com,Tokenia App,Service Request,Seguridad de la cuenta,31/Jul/25 9:20 AM,"31/Jul/25 9:40 AM;maximilianojavierjulio@gmail.com;Hola, ese tipo de alertas suele activarse por sistemas automáticos que a veces generan falsos positivos. Vamos a derivar tu caso al equipo de seguridad para revisar el motivo puntual y confirmar que todo esté en orden.",
quiero saber si puedo pedir que me llamen por telefono para verificar mi identidad en un caso urgente,"tengo un caso de seguridad urgente y preferiria hablar por telefono en vez de esperar respuestas por ticket, se puede pedir eso?",High,Resolved,qm:96e3bf0d-beea-4cd2-bca9-568ee30412d2:af30ed9d-7e74-4e4e-8304-5e91abcd1392,maxyjulio18@gmail.com,Tokenia Email,General request,Seguridad de la cuenta,13/Nov/25 2:50 PM,"13/Nov/25 3:10 PM;maxyjulio18@gmail.com;Hola, entendemos la urgencia. Por el momento no contamos con atención telefónica, pero priorizamos los casos de seguridad marcados como urgentes para responder lo antes posible por este mismo medio.","13/Nov/25 3:30 PM;qm:96e3bf0d-beea-4cd2-bca9-568ee30412d2:af30ed9d-7e74-4e4e-8304-5e91abcd1392;entendido, quedo atento a la respuesta"
me gustaria saber si existen medidas de seguridad especificas para cuentas de alto valor,"tengo un saldo considerable en mi cuenta, hay alguna proteccion adicional automatica para cuentas con montos altos?",Medium,Resolved,qm:96e3bf0d-beea-4cd2-bca9-568ee30412d2:9700668d-bb18-4ce6-a136-d0d4eac1741d,maximilianojavierjulio@gmail.com,Tokenia Web,Service Request,Seguridad de la cuenta,26/Feb/26 11:10 AM,"26/Feb/26 11:30 AM;maximilianojavierjulio@gmail.com;Hola, todas las cuentas cuentan con el mismo nivel de protección estándar. Para cuentas de mayor volumen, te recomendamos activar el 2FA y revisar periódicamente tus sesiones activas como buena práctica adicional.","26/Feb/26 11:50 AM;qm:96e3bf0d-beea-4cd2-bca9-568ee30412d2:9700668d-bb18-4ce6-a136-d0d4eac1741d;entendido, ya tengo el 2fa activado. gracias"
quiero saber si hay diferencia de comision entre comprar con pesos o con dolares directamente,"si compro btc usando saldo en pesos versus usando saldo en dolares que ya tengo, la comision del 1% es la misma en ambos casos?",Low,Resolved,qm:96e3bf0d-beea-4cd2-bca9-568ee30412d2:af30ed9d-7e74-4e4e-8304-5e91abcd1392,maxyjulio18@gmail.com,Tokenia App,Service Request,Tarifas y comisiones,11/Jun/25 12:30 PM,"11/Jun/25 12:50 PM;maxyjulio18@gmail.com;Hola, sí, la comisión del 1% se aplica de igual forma sin importar si usás saldo en pesos o en dólares para la operación.","11/Jun/25 1:10 PM;qm:96e3bf0d-beea-4cd2-bca9-568ee30412d2:af30ed9d-7e74-4e4e-8304-5e91abcd1392;entendido, gracias por confirmar"
puedo saber si la comision de tokenia es competitiva comparada con el promedio del mercado,"sin pedir que comparen con otros exchanges puntuales, el 1% de comision es un numero estandar de la industria o esta por encima?",Low,Resolved,qm:96e3bf0d-beea-4cd2-bca9-568ee30412d2:9700668d-bb18-4ce6-a136-d0d4eac1741d,maximilianojavierjulio@gmail.com,Tokenia Email,General request,Tarifas y comisiones,24/Sep/25 10:50 AM,"24/Sep/25 11:10 AM;maximilianojavierjulio@gmail.com;Hola, el 1% que aplicamos está alineado con los estándares habituales de comisión en exchanges de la región para operaciones de compra y venta de criptomonedas.","24/Sep/25 11:30 AM;qm:96e3bf0d-beea-4cd2-bca9-568ee30412d2:9700668d-bb18-4ce6-a136-d0d4eac1741d;entendido, gracias por la info"
mi comprobante muestra la comision en dolares aunque opere en pesos,"hice una compra con pesos pero en el comprobante la comision figura expresada en dolares, es un error de visualizacion?",Low,Resolved,qm:96e3bf0d-beea-4cd2-bca9-568ee30412d2:af30ed9d-7e74-4e4e-8304-5e91abcd1392,maxyjulio18@gmail.com,Tokenia Web,Service Request,Tarifas y comisiones,7/Jan/26 3:20 PM,"7/Jan/26 3:40 PM;maxyjulio18@gmail.com;Hola, gracias por avisarnos, ese comprobante debería mostrar la comisión en la misma moneda de la operación. Vamos a derivarlo a nuestro equipo técnico para corregir esa inconsistencia de visualización.",7/Jan/26 4:00 PM;qm:96e3bf0d-beea-4cd2-bca9-568ee30412d2:af30ed9d-7e74-4e4e-8304-5e91abcd1392;gracias por revisarlo
quiero saber si el spread aparece siempre antes de confirmar o solo en algunas operaciones,"en algunas compras veo el spread reflejado claramente y en otras no tanto, es inconsistente eso o me estoy perdiendo algo?",Medium,Resolved,qm:96e3bf0d-beea-4cd2-bca9-568ee30412d2:9700668d-bb18-4ce6-a136-d0d4eac1741d,maximilianojavierjulio@gmail.com,Tokenia App,Service Request,Tarifas y comisiones,19/Oct/25 1:00 PM,"19/Oct/25 1:20 PM;maximilianojavierjulio@gmail.com;Hola, el spread siempre está incluido en el precio final que ves antes de confirmar, aunque no siempre se muestra como una línea separada explícita en la pantalla, sino reflejado directamente en el precio de compra o venta.","19/Oct/25 1:40 PM;qm:96e3bf0d-beea-4cd2-bca9-568ee30412d2:9700668d-bb18-4ce6-a136-d0d4eac1741d;ah ahora entiendo, gracias por la explicacion"
hay comision por transferir saldo entre mi cuenta de argentina y de otro pais si tuviera ambas,"hipoteticamente si tuviera cuenta en tokenia argentina y tokenia brasil, transferir entre ambas tendria alguna comision especial?",Low,Resolved,qm:96e3bf0d-beea-4cd2-bca9-568ee30412d2:af30ed9d-7e74-4e4e-8304-5e91abcd1392,maxyjulio18@gmail.com,Tokenia Email,General request,Tarifas y comisiones,2/Mar/26 10:40 AM,"2/Mar/26 11:00 AM;maxyjulio18@gmail.com;Hola, como te comentamos antes, cada cuenta de país opera de forma independiente, así que transferir entre ellas se trataría como un retiro y depósito normal, con las comisiones de red correspondientes a cripto, no una tarifa especial entre países.","2/Mar/26 11:20 AM;qm:96e3bf0d-beea-4cd2-bca9-568ee30412d2:af30ed9d-7e74-4e4e-8304-5e91abcd1392;entendido, gracias por la aclaracion"
quiero saber si puedo ver el spread historico promedio de una cripto especifica,me gustaria saber cual es el spread promedio historico de btc para entender mejor cuanto me va a costar operar en general.,Low,Resolved,qm:96e3bf0d-beea-4cd2-bca9-568ee30412d2:9700668d-bb18-4ce6-a136-d0d4eac1741d,maximilianojavierjulio@gmail.com,Tokenia Web,Service Request,Tarifas y comisiones,16/Aug/25 2:20 PM,"16/Aug/25 2:40 PM;maximilianojavierjulio@gmail.com;Hola, por el momento no contamos con un histórico de spread promedio visible dentro de la app. El spread varía en tiempo real según las condiciones de mercado en cada momento.","16/Aug/25 3:00 PM;qm:96e3bf0d-beea-4cd2-bca9-568ee30412d2:9700668d-bb18-4ce6-a136-d0d4eac1741d;entendido, gracias igual"
puedo pagar mi comision con puntos o algun sistema de fidelizacion,"algunos servicios tienen sistemas de puntos para pagar comisiones, tokenia tiene algo asi de fidelizacion?",Low,Resolved,qm:96e3bf0d-beea-4cd2-bca9-568ee30412d2:af30ed9d-7e74-4e4e-8304-5e91abcd1392,maxyjulio18@gmail.com,Tokenia Email,General request,Tarifas y comisiones,29/Dec/25 11:50 AM,"29/Dec/25 12:10 PM;maxyjulio18@gmail.com;Hola, por el momento no contamos con un sistema de puntos o fidelización para pagar comisiones. Tomamos en cuenta tu sugerencia para evaluarlo a futuro.","29/Dec/25 12:30 PM;qm:96e3bf0d-beea-4cd2-bca9-568ee30412d2:af30ed9d-7e74-4e4e-8304-5e91abcd1392;entendido, gracias por escuchar"
quiero saber si la comision de plataforma cambia si opero grandes volumenes seguidos en el mismo dia,"si hago varias operaciones grandes en el mismo dia, la comision se mantiene igual en todas o hay algun ajuste por volumen acumulado diario?",Low,Resolved,qm:96e3bf0d-beea-4cd2-bca9-568ee30412d2:9700668d-bb18-4ce6-a136-d0d4eac1741d,maximilianojavierjulio@gmail.com,Tokenia App,Service Request,Tarifas y comisiones,5/Jul/25 4:00 PM,"5/Jul/25 4:20 PM;maximilianojavierjulio@gmail.com;Hola, la comisión del 1% se mantiene fija por operación, sin importar el volumen acumulado en el día. No aplicamos ajustes automáticos por volumen operado diario.","5/Jul/25 4:40 PM;qm:96e3bf0d-beea-4cd2-bca9-568ee30412d2:9700668d-bb18-4ce6-a136-d0d4eac1741d;entendido, gracias por confirmar"
quiero saber si puedo verificar mi identidad usando el pasaporte biometrico,"tengo pasaporte biometrico argentino, ese tipo especifico de documento agiliza de alguna forma el proceso de verificacion?",Low,Resolved,qm:96e3bf0d-beea-4cd2-bca9-568ee30412d2:af30ed9d-7e74-4e4e-8304-5e91abcd1392,maxyjulio18@gmail.com,Tokenia Email,General request,Verificación de identidad,20/May/25 10:10 AM,"20/May/25 10:30 AM;maxyjulio18@gmail.com;Hola, el pasaporte biométrico se acepta igual que cualquier pasaporte vigente, sin diferencias en el tiempo de procesamiento respecto a otros documentos válidos.","20/May/25 10:50 AM;qm:96e3bf0d-beea-4cd2-bca9-568ee30412d2:af30ed9d-7e74-4e4e-8304-5e91abcd1392;entendido, gracias por confirmar"
mi verificacion fue rechazada por informacion inconsistente entre el dni y mi perfil,"me dijeron que hay una inconsistencia entre mis datos del dni y los que puse al registrarme, pero no se cual es especificamente. como lo soluciono?",Medium,Resolved,qm:96e3bf0d-beea-4cd2-bca9-568ee30412d2:9700668d-bb18-4ce6-a136-d0d4eac1741d,maximilianojavierjulio@gmail.com,Tokenia Web,Service Request,Verificación de identidad,8/Nov/25 1:50 PM,"8/Nov/25 2:10 PM;maximilianojavierjulio@gmail.com;Hola, te recomendamos revisar que tu nombre completo, apellido y fecha de nacimiento en el perfil coincidan exactamente con lo que figura en tu DNI, incluyendo tildes y espacios, ya que pequeñas diferencias pueden generar este tipo de rechazo.","8/Nov/25 2:30 PM;qm:96e3bf0d-beea-4cd2-bca9-568ee30412d2:9700668d-bb18-4ce6-a136-d0d4eac1741d;tenia mal escrito el apellido, ya lo corregi. gracias"
quiero saber si el proceso de verificacion es distinto para menores emancipados,"tengo 17 años pero estoy emancipado legalmente, eso cambia algo respecto a la regla de mayoria de edad que me comentaron antes?",Medium,Resolved,qm:96e3bf0d-beea-4cd2-bca9-568ee30412d2:af30ed9d-7e74-4e4e-8304-5e91abcd1392,maxyjulio18@gmail.com,Tokenia Email,General request,Verificación de identidad,15/Sep/25 11:20 AM,"15/Sep/25 11:40 AM;maxyjulio18@gmail.com;Hola, incluso en casos de emancipación legal, nuestra política interna requiere que los usuarios sean mayores de 18 años para operar en la plataforma, sin excepciones para menores emancipados.","15/Sep/25 12:00 PM;qm:96e3bf0d-beea-4cd2-bca9-568ee30412d2:af30ed9d-7e74-4e4e-8304-5e91abcd1392;entendido, voy a esperar entonces"
mi verificacion quedo pendiente porque el sistema no pudo confirmar mi domicilio,"subi el comprobante de domicilio pero me dice que no pudieron confirmarlo, aunque es una factura de servicios reciente a mi nombre.",Medium,Resolved,qm:96e3bf0d-beea-4cd2-bca9-568ee30412d2:9700668d-bb18-4ce6-a136-d0d4eac1741d,maximilianojavierjulio@gmail.com,Tokenia App,Service Request,Verificación de identidad,27/Jan/26 3:00 PM,"27/Jan/26 3:20 PM;maximilianojavierjulio@gmail.com;Hola, verificá que la factura tenga menos de 90 días de antigüedad y que se vea claramente tu nombre completo y la dirección. Si cumple con esos requisitos y sigue sin validarse, contactanos con una foto más clara del documento.","27/Jan/26 3:40 PM;qm:96e3bf0d-beea-4cd2-bca9-568ee30412d2:9700668d-bb18-4ce6-a136-d0d4eac1741d;la saque de nuevo con mejor luz, ya se acepto. gracias"
quiero saber si puedo verificarme aunque no tenga comprobante de domicilio a mi nombre,"vivo con mis padres y todos los servicios estan a nombre de ellos, no tengo ningun comprobante con mi nombre. que puedo hacer para verificarme?",Medium,Resolved,qm:96e3bf0d-beea-4cd2-bca9-568ee30412d2:af30ed9d-7e74-4e4e-8304-5e91abcd1392,maxyjulio18@gmail.com,Tokenia Email,General request,Verificación de identidad,3/Jun/25 9:40 AM,"3/Jun/25 10:00 AM;maxyjulio18@gmail.com;Hola, en esos casos podés presentar el comprobante a nombre de un familiar directo (padre, madre) junto con tu DNI que muestre el mismo domicilio, como forma alternativa de validar tu dirección.","3/Jun/25 10:20 AM;qm:96e3bf0d-beea-4cd2-bca9-568ee30412d2:af30ed9d-7e74-4e4e-8304-5e91abcd1392;perfecto, mi dni tiene la misma direccion. gracias"
mi verificacion se aprobo pero el nivel de cuenta no se actualizo de inmediato,me llego el mail de aprobacion del kyc hace un rato pero en la app todavia figuro con el nivel anterior. cuanto tarda en reflejarse?,Low,Resolved,qm:96e3bf0d-beea-4cd2-bca9-568ee30412d2:9700668d-bb18-4ce6-a136-d0d4eac1741d,maximilianojavierjulio@gmail.com,Tokenia App,Service Request,Verificación de identidad,12/Apr/25 2:20 PM,"12/Abr/25 2:40 PM;maximilianojavierjulio@gmail.com;Hola, la actualización debería reflejarse casi de inmediato, pero puede tardar unos minutos en sincronizarse. Probá cerrar sesión y volver a entrar, eso suele forzar la actualización.","12/Abr/25 3:00 PM;qm:96e3bf0d-beea-4cd2-bca9-568ee30412d2:9700668d-bb18-4ce6-a136-d0d4eac1741d;ya se actualizo, gracias"
quiero saber si tengo que renovar mi verificacion si me cambio el apellido por matrimonio,"me case y voy a cambiar mi apellido en el dni, tengo que rehacer todo el proceso de verificacion despues de ese cambio?",Medium,Resolved,qm:96e3bf0d-beea-4cd2-bca9-568ee30412d2:af30ed9d-7e74-4e4e-8304-5e91abcd1392,maxyjulio18@gmail.com,Tokenia Email,General request,Verificación de identidad,9/Oct/25 10:50 AM,"9/Oct/25 11:10 AM;maxyjulio18@gmail.com;Hola, sí, cuando actualices tu DNI con el nuevo apellido, vas a necesitar volver a subir la documentación con tus datos actualizados para que coincidan con tu perfil en Tokenia.","9/Oct/25 11:30 AM;qm:96e3bf0d-beea-4cd2-bca9-568ee30412d2:af30ed9d-7e74-4e4e-8304-5e91abcd1392;entendido, lo hago cuando tenga el dni nuevo. gracias"
mi verificacion aprobada tiene una fecha de vencimiento que no sabia,"me di cuenta que mi kyc dice 'valido hasta' una fecha especifica, no sabia que tenia vencimiento. que pasa cuando llegue esa fecha?",Medium,Resolved,qm:96e3bf0d-beea-4cd2-bca9-568ee30412d2:9700668d-bb18-4ce6-a136-d0d4eac1741d,maximilianojavierjulio@gmail.com,Tokenia Web,Service Request,Verificación de identidad,23/Feb/26 1:10 PM,"23/Feb/26 1:30 PM;maximilianojavierjulio@gmail.com;Hola, esa fecha coincide con el vencimiento de tu documento de identidad. Cuando se acerque esa fecha te vamos a avisar para que actualices tu DNI y mantengas la verificación vigente sin interrupciones.","23/Feb/26 1:50 PM;qm:96e3bf0d-beea-4cd2-bca9-568ee30412d2:9700668d-bb18-4ce6-a136-d0d4eac1741d;entendido, voy a estar atento al aviso. gracias"
mi retiro de matic quedo pendiente por congestion de la red polygon,"pedi retirar matic y la app me dice que la red esta congestionada, cuanto puede tardar en normalizarse ese tipo de situacion?",Medium,Resolved,qm:96e3bf0d-beea-4cd2-bca9-568ee30412d2:af30ed9d-7e74-4e4e-8304-5e91abcd1392,maxi220julio@gmail.com,Tokenia App,Service Request,Depósitos y retiros,6/Aug/25 4:20 PM,"6/Aug/25 4:40 PM;maxi220julio@gmail.com;Hola, la congestión de red suele resolverse en cuestión de minutos a unas pocas horas, dependiendo del volumen de transacciones en ese momento. Tu retiro se va a procesar automáticamente apenas la red lo permita.","6/Aug/25 5:00 PM;qm:96e3bf0d-beea-4cd2-bca9-568ee30412d2:af30ed9d-7e74-4e4e-8304-5e91abcd1392;ya se proceso, gracias por la explicacion"
puedo retirar a una direccion de intercambio descentralizado directamente,"quiero retirar eth directo a un contrato de un dex como uniswap, eso funciona igual que retirar a una wallet normal?",Low,Resolved,qm:96e3bf0d-beea-4cd2-bca9-568ee30412d2:9700668d-bb18-4ce6-a136-d0d4eac1741d,maximilianojavierjulio@gmail.com,Tokenia Email,General request,Depósitos y retiros,14/Nov/25 10:30 AM,"14/Nov/25 10:50 AM;maximilianojavierjulio@gmail.com;Hola, técnicamente sí funciona igual que cualquier dirección de la red Ethereum, pero te recomendamos verificar bien la dirección del contrato antes de enviar, ya que un error ahí podría hacer que los fondos queden inaccesibles.","14/Nov/25 11:10 AM;qm:96e3bf0d-beea-4cd2-bca9-568ee30412d2:9700668d-bb18-4ce6-a136-d0d4eac1741d;voy a verificar bien antes, gracias por el consejo"
mi deposito de link se acredito con el nombre de otro token similar,"mande chainlink y en mi cuenta aparecio acreditado como otro token con nombre parecido, no es link. que paso ahi?",High,Escalated,qm:96e3bf0d-beea-4cd2-bca9-568ee30412d2:af30ed9d-7e74-4e4e-8304-5e91abcd1392,maxyjulio18@gmail.com,Tokenia Web,Service Request,Depósitos y retiros,28/Sep/25 3:40 PM,"28/Sep/25 4:00 PM;maxyjulio18@gmail.com;Hola, esto amerita una revisión detallada de nuestro lado. Vamos a escalar tu caso al equipo técnico con el hash de la transacción para verificar qué token se recibió realmente y corregir cualquier error de registro.",
quiero saber si puedo consolidar varios depositos pequeños en un solo registro,"hice varios depositos chicos de la misma cripto en distintos momentos, se pueden unificar en un solo registro en el historial?",Low,Resolved,qm:96e3bf0d-beea-4cd2-bca9-568ee30412d2:9700668d-bb18-4ce6-a136-d0d4eac1741d,maximilianojavierjulio@gmail.com,Tokenia App,Service Request,Depósitos y retiros,20/Jan/26 1:20 PM,"20/Jan/26 1:40 PM;maximilianojavierjulio@gmail.com;Hola, cada depósito queda registrado como una operación independiente en el historial, no es posible unificarlos manualmente. El saldo total sí se suma correctamente en tu billetera.","20/Jan/26 2:00 PM;qm:96e3bf0d-beea-4cd2-bca9-568ee30412d2:9700668d-bb18-4ce6-a136-d0d4eac1741d;entendido, con el saldo sumado me alcanza. gracias"
mi retiro de eth se completo pero con una demora inusual de casi 5 horas,"pedi un retiro de ethereum y tardo casi 5 horas en llegar a mi wallet externa, mucho mas de lo habitual. hubo algun problema puntual ese dia?",Medium,Resolved,qm:96e3bf0d-beea-4cd2-bca9-568ee30412d2:af30ed9d-7e74-4e4e-8304-5e91abcd1392,maxyjulio18@gmail.com,Tokenia App,Service Request,Depósitos y retiros,11/Oct/25 9:10 AM,"11/Oct/25 4:30 PM;maxyjulio18@gmail.com;Hola, disculpá la demora en responder. Ese día tuvimos una congestión puntual en el procesamiento de retiros de ETH que ya fue resuelta. Confirmamos que tu retiro se completó correctamente.","11/Oct/25 4:50 PM;qm:96e3bf0d-beea-4cd2-bca9-568ee30412d2:af30ed9d-7e74-4e4e-8304-5e91abcd1392;ya me llego, gracias por la aclaracion"
como se financia tokenia si las comisiones son bajas,"por curiosidad, como es el modelo de negocio de tokenia si cobran solo 1% de comision, de donde sacan la rentabilidad principal?",Low,Resolved,qm:96e3bf0d-beea-4cd2-bca9-568ee30412d2:9700668d-bb18-4ce6-a136-d0d4eac1741d,maximilianojavierjulio@gmail.com,Tokenia Email,General request,Información y consultas generales,3/Jul/25 11:40 AM,"3/Jul/25 12:00 PM;maximilianojavierjulio@gmail.com;Hola, nuestro modelo se sostiene principalmente por la comisión de plataforma y el spread aplicado en cada operación, junto con el volumen de operaciones totales de la plataforma.","3/Jul/25 12:20 PM;qm:96e3bf0d-beea-4cd2-bca9-568ee30412d2:9700668d-bb18-4ce6-a136-d0d4eac1741d;entendido, gracias por la transparencia"
quiero saber si tokenia tiene un canal de youtube o contenido en video,"prefiero aprender viendo videos en vez de leer, tokenia tiene algun canal oficial de youtube con contenido explicativo?",Low,Resolved,qm:96e3bf0d-beea-4cd2-bca9-568ee30412d2:af30ed9d-7e74-4e4e-8304-5e91abcd1392,maxyjulio18@gmail.com,Tokenia Web,Service Request,Información y consultas generales,17/Sep/25 2:20 PM,"17/Sep/25 2:40 PM;maxyjulio18@gmail.com;Hola, por el momento no contamos con un canal de YouTube activo con contenido educativo, pero tomamos en cuenta tu sugerencia para futuros proyectos de contenido.","17/Sep/25 3:00 PM;qm:96e3bf0d-beea-4cd2-bca9-568ee30412d2:af30ed9d-7e74-4e4e-8304-5e91abcd1392;entendido, ojala lo hagan pronto"
necesito saber si tokenia colabora con organizaciones de proteccion al consumidor,"para tener mas confianza, queria saber si tokenia esta adherida a alguna camara o entidad de proteccion al consumidor en argentina.",Medium,Resolved,qm:96e3bf0d-beea-4cd2-bca9-568ee30412d2:9700668d-bb18-4ce6-a136-d0d4eac1741d,maximilianojavierjulio@gmail.com,Tokenia Email,General request,Información y consultas generales,1/Dec/25 10:20 AM,"1/Dec/25 10:40 AM;maximilianojavierjulio@gmail.com;Hola, podés encontrar el detalle de nuestras adhesiones y marco regulatorio en la sección 'Legales' de nuestro sitio web, donde mantenemos actualizada esa información.","1/Dec/25 11:00 AM;qm:96e3bf0d-beea-4cd2-bca9-568ee30412d2:9700668d-bb18-4ce6-a136-d0d4eac1741d;gracias, lo voy a revisar"
quiero saber si tokenia permite operar con cuentas de menores bajo tutela de un adulto,"tengo un hijo de 16 años y me gustaria que empiece a aprender sobre cripto con supervision mia, existe alguna cuenta tutelada para menores?",Medium,Resolved,qm:96e3bf0d-beea-4cd2-bca9-568ee30412d2:af30ed9d-7e74-4e4e-8304-5e91abcd1392,maxyjulio18@gmail.com,Tokenia Web,Service Request,Información y consultas generales,9/Feb/26 3:50 PM,"9/Feb/26 4:10 PM;maxyjulio18@gmail.com;Hola, por el momento no contamos con un tipo de cuenta tutelada para menores. Como comentamos antes, se requiere ser mayor de 18 años para operar en la plataforma sin excepciones.","9/Feb/26 4:30 PM;qm:96e3bf0d-beea-4cd2-bca9-568ee30412d2:af30ed9d-7e74-4e4e-8304-5e91abcd1392;entendido, va a tener que esperar entonces"
como puedo saber si una noticia sobre tokenia que vi es verdadera o falsa,"vi una noticia en un sitio poco conocido sobre un cambio grande en tokenia, como confirmo si es informacion real u oficial?",Medium,Resolved,qm:96e3bf0d-beea-4cd2-bca9-568ee30412d2:9700668d-bb18-4ce6-a136-d0d4eac1741d,maximilianojavierjulio@gmail.com,Tokenia Email,General request,Información y consultas generales,22/Apr/25 12:10 PM,"22/Apr/25 12:30 PM;maximilianojavierjulio@gmail.com;Hola, cualquier información oficial la publicamos en nuestro sitio web, redes sociales verificadas o directamente dentro de la app. Si tenés dudas sobre una noticia puntual, contanos el detalle y la verificamos con gusto.","22/Abr/25 12:50 PM;qm:96e3bf0d-beea-4cd2-bca9-568ee30412d2:9700668d-bb18-4ce6-a136-d0d4eac1741d;te paso el link de la noticia por privado, gracias"
puedo ver el promedio de tiempo de acreditacion de depositos de los ultimos meses,"para planificar mejor, queria saber en promedio cuanto suelen tardar en acreditarse los depositos en pesos en tokenia.",Low,Resolved,qm:96e3bf0d-beea-4cd2-bca9-568ee30412d2:af30ed9d-7e74-4e4e-8304-5e91abcd1392,maxyjulio18@gmail.com,Tokenia Web,Service Request,Operaciones de compra/venta fiat,13/Oct/25 11:30 AM,"13/Oct/25 11:50 AM;maxyjulio18@gmail.com;Hola, en promedio los depósitos por transferencia bancaria se acreditan dentro de las 2 horas hábiles, aunque puede variar según el banco de origen y el momento del día.","13/Oct/25 12:10 PM;qm:96e3bf0d-beea-4cd2-bca9-568ee30412d2:af30ed9d-7e74-4e4e-8304-5e91abcd1392;entendido, gracias por el dato"
mi cuenta bancaria fue rechazada por no coincidir el cbu con el titular,"cargue un cbu de una cuenta que es mia pero el sistema me dice que no coincide el titular, aunque estoy seguro que es mi cuenta.",Medium,Resolved,qm:96e3bf0d-beea-4cd2-bca9-568ee30412d2:9700668d-bb18-4ce6-a136-d0d4eac1741d,maximilianojavierjulio@gmail.com,Tokenia App,Service Request,Operaciones de compra/venta fiat,5/May/25 2:00 PM,"5/May/25 2:20 PM;maximilianojavierjulio@gmail.com;Hola, revisá que el nombre que figura en la cuenta bancaria coincida exactamente con tu nombre completo registrado en Tokenia, incluyendo apellidos compuestos si los tenés. Cualquier diferencia mínima puede causar ese rechazo.","5/May/25 2:40 PM;qm:96e3bf0d-beea-4cd2-bca9-568ee30412d2:9700668d-bb18-4ce6-a136-d0d4eac1741d;tenia mal cargado mi segundo apellido, ya lo corregi. gracias"
puedo hacer una transferencia programada desde mi banco a tokenia,"mi banco tiene la opcion de programar transferencias automaticas, se puede usar esa funcion para depositar en tokenia regularmente?",Low,Resolved,qm:96e3bf0d-beea-4cd2-bca9-568ee30412d2:af30ed9d-7e74-4e4e-8304-5e91abcd1392,maxyjulio18@gmail.com,Tokenia Email,General request,Operaciones de compra/venta fiat,27/Aug/25 9:50 AM,"27/Aug/25 10:10 AM;maxyjulio18@gmail.com;Hola, sí, podés usar cualquier función de transferencia programada de tu banco hacia el CBU de Tokenia, cada transferencia que recibamos se va a acreditar de forma normal en tu cuenta.","27/Aug/25 10:30 AM;qm:96e3bf0d-beea-4cd2-bca9-568ee30412d2:af30ed9d-7e74-4e4e-8304-5e91abcd1392;genial, voy a configurarla entonces. gracias"
mi retiro en pesos aparece con una hora distinta a la real de mi zona horaria,"el horario que figura en mi retiro no coincide con la hora real de argentina, esta como 3 horas adelantado. es un error de zona horaria?",Low,Resolved,qm:96e3bf0d-beea-4cd2-bca9-568ee30412d2:9700668d-bb18-4ce6-a136-d0d4eac1741d,maximilianojavierjulio@gmail.com,Tokenia Web,Service Request,Operaciones de compra/venta fiat,19/Nov/25 4:40 PM,"19/Nov/25 5:00 PM;maximilianojavierjulio@gmail.com;Hola, gracias por avisarnos, es posible que el horario mostrado esté en UTC en vez de horario de Argentina. Vamos a derivarlo a nuestro equipo técnico para revisar y ajustar la visualización.",19/Nov/25 5:20 PM;qm:96e3bf0d-beea-4cd2-bca9-568ee30412d2:9700668d-bb18-4ce6-a136-d0d4eac1741d;gracias por tomarlo en cuenta
quiero saber si puedo ver el detalle de a que banco corresponde cada retiro que hice,tengo varias cuentas cargadas y quiero confirmar a cual banco especifico fue cada retiro que hice en el pasado.,Low,Resolved,qm:96e3bf0d-beea-4cd2-bca9-568ee30412d2:af30ed9d-7e74-4e4e-8304-5e91abcd1392,maxyjulio18@gmail.com,Tokenia App,Service Request,Operaciones de compra/venta fiat,8/Jun/25 1:10 PM,"8/Jun/25 1:30 PM;maxyjulio18@gmail.com;Hola, sí, en el detalle de cada retiro dentro de Actividad vas a ver el CBU o cuenta de destino exacta a la que se envió, lo que te permite identificar el banco correspondiente.","8/Jun/25 1:50 PM;qm:96e3bf0d-beea-4cd2-bca9-568ee30412d2:af30ed9d-7e74-4e4e-8304-5e91abcd1392;genial, ya lo encontre. gracias"
mi cuenta pide un codigo de verificacion via llamada en vez de sms,"en vez del sms habitual, ahora tokenia me quiere mandar un codigo por llamada telefonica automatica. es normal ese cambio?",Low,Resolved,qm:96e3bf0d-beea-4cd2-bca9-568ee30412d2:9700668d-bb18-4ce6-a136-d0d4eac1741d,maximilianojavierjulio@gmail.com,Tokenia App,Service Request,Acceso y autenticación,24/Jun/25 3:00 PM,"24/Jun/25 3:20 PM;maximilianojavierjulio@gmail.com;Hola, sí, en algunos casos el sistema ofrece la opción de llamada telefónica automática como alternativa cuando detecta demoras en la entrega de SMS. Es un método válido y seguro.","24/Jun/25 3:40 PM;qm:96e3bf0d-beea-4cd2-bca9-568ee30412d2:9700668d-bb18-4ce6-a136-d0d4eac1741d;entendido, gracias por confirmar"
quiero saber si el codigo de recuperacion de contraseña vence despues de un tiempo,"me llego el mail para restablecer mi clave pero no lo use enseguida, hasta cuando es valido ese enlace antes de vencer?",Low,Resolved,qm:96e3bf0d-beea-4cd2-bca9-568ee30412d2:af30ed9d-7e74-4e4e-8304-5e91abcd1392,maxyjulio18@gmail.com,Tokenia Email,General request,Acceso y autenticación,11/Sep/25 10:40 AM,"11/Sep/25 11:00 AM;maxyjulio18@gmail.com;Hola, el enlace de recuperación de contraseña es válido por 30 minutos desde que se envía. Si pasó ese tiempo, vas a necesitar solicitar uno nuevo desde la app.","11/Sep/25 11:20 AM;qm:96e3bf0d-beea-4cd2-bca9-568ee30412d2:af30ed9d-7e74-4e4e-8304-5e91abcd1392;entendido, voy a pedir uno nuevo entonces"
mi cuenta tiene activado el 2fa pero no me pide el codigo al entrar,"active la verificacion en dos pasos hace unos dias pero cuando entro a la app no me pide ningun codigo, solo la clave normal. es un error?",Medium,Resolved,qm:96e3bf0d-beea-4cd2-bca9-568ee30412d2:9700668d-bb18-4ce6-a136-d0d4eac1741d,maximilianojavierjulio@gmail.com,Tokenia App,Service Request,Acceso y autenticación,5/Dec/25 2:30 PM,"5/Dec/25 2:50 PM;maximilianojavierjulio@gmail.com;Hola, gracias por avisarnos, vamos a revisar el estado de tu 2FA ya que debería solicitarte el código en cada inicio de sesión. Puede que el proceso de activación no se haya completado del todo, te recomendamos desactivarlo y volver a activarlo desde Perfil > Seguridad.","5/Dec/25 3:10 PM;qm:96e3bf0d-beea-4cd2-bca9-568ee30412d2:9700668d-bb18-4ce6-a136-d0d4eac1741d;lo desactive y active de nuevo, ahora si funciona. gracias"
quiero saber si tokenia bloquea el acceso desde paises con sanciones internacionales,"por curiosidad, tokenia restringe el acceso desde paises que tienen sanciones economicas internacionales?",Low,Resolved,qm:96e3bf0d-beea-4cd2-bca9-568ee30412d2:af30ed9d-7e74-4e4e-8304-5e91abcd1392,maxyjulio18@gmail.com,Tokenia Web,Service Request,Acceso y autenticación,30/Jan/26 11:20 AM,"30/Jan/26 11:40 AM;maxyjulio18@gmail.com;Hola, sí, cumplimos con las regulaciones internacionales aplicables, lo que puede incluir restricciones de acceso desde ciertos países según la normativa vigente en cada momento.","30/Jan/26 12:00 PM;qm:96e3bf0d-beea-4cd2-bca9-568ee30412d2:af30ed9d-7e74-4e4e-8304-5e91abcd1392;entendido, gracias por la info"
mi cuenta tiene un limite especial mas alto que no entiendo por que lo tengo,"revisando mi perfil vi que tengo un limite mas alto de lo esperado para mi nivel de verificacion, no se si es un beneficio o un error.",Low,Resolved,qm:96e3bf0d-beea-4cd2-bca9-568ee30412d2:9700668d-bb18-4ce6-a136-d0d4eac1741d,maxi220julio@gmail.com,Tokenia Email,General request,Límites y restricciones,2/Jun/25 11:20 AM,"2/Jun/25 11:40 AM;maxi220julio@gmail.com;Hola, revisamos tu cuenta y confirmamos que ese límite ampliado corresponde a un beneficio otorgado por tu historial positivo de operaciones. No es un error, podés seguir operando con normalidad.","2/Jun/25 12:00 PM;qm:96e3bf0d-beea-4cd2-bca9-568ee30412d2:9700668d-bb18-4ce6-a136-d0d4eac1741d;que bueno, gracias por confirmar"
quiero saber si los limites de deposito de cripto son iguales para todas las monedas,el limite de deposito en cripto es un monto total en dolares equivalente para todas las monedas juntas o es independiente por cada una?,Low,Resolved,qm:96e3bf0d-beea-4cd2-bca9-568ee30412d2:af30ed9d-7e74-4e4e-8304-5e91abcd1392,maximilianojavierjulio@gmail.com,Tokenia Web,Service Request,Límites y restricciones,16/Oct/25 2:00 PM,"16/Oct/25 2:20 PM;maximilianojavierjulio@gmail.com;Hola, el límite de depósito se calcula como un monto total equivalente en dólares, independientemente de cuántas criptomonedas distintas deposites, no es un límite separado por cada moneda.","16/Oct/25 2:40 PM;qm:96e3bf0d-beea-4cd2-bca9-568ee30412d2:af30ed9d-7e74-4e4e-8304-5e91abcd1392;entendido, gracias por la aclaracion"
mi cuenta quedo restringida por un error del sistema de deteccion de fraude,"me avisaron que un sistema automatico detecto una posible operacion fraudulenta en mi cuenta pero yo no hice nada raro, es un falso positivo comun?",High,Resolved,qm:96e3bf0d-beea-4cd2-bca9-568ee30412d2:9700668d-bb18-4ce6-a136-d0d4eac1741d,maxyjulio18@gmail.com,Tokenia App,Service Request,Límites y restricciones,29/Aug/25 1:50 PM,"29/Aug/25 2:10 PM;maxyjulio18@gmail.com;Hola, sí, los sistemas automáticos de detección de fraude a veces generan falsos positivos. Revisamos tu caso, confirmamos que la operación es legítima y levantamos la restricción de tu cuenta.",29/Aug/25 2:30 PM;qm:96e3bf0d-beea-4cd2-bca9-568ee30412d2:9700668d-bb18-4ce6-a136-d0d4eac1741d;gracias por la rapidez en resolverlo
puedo pedir que me bajen temporalmente el limite mientras resuelvo un tema personal,"estoy pasando por un momento donde prefiero no poder operar montos grandes por un tiempo, se puede pedir esa restriccion voluntaria temporal?",Medium,Resolved,qm:96e3bf0d-beea-4cd2-bca9-568ee30412d2:af30ed9d-7e74-4e4e-8304-5e91abcd1392,maximilianojavierjulio@gmail.com,Tokenia Email,General request,Límites y restricciones,7/Mar/26 10:10 AM,"7/Mar/26 10:30 AM;maximilianojavierjulio@gmail.com;Hola, valoramos mucho que tomes esta decisión por vos mismo. Podés solicitarnos ese límite voluntario reducido indicando el monto y por cuánto tiempo lo necesitás, y lo configuramos de inmediato.","7/Mar/26 10:50 AM;qm:96e3bf0d-beea-4cd2-bca9-568ee30412d2:af30ed9d-7e74-4e4e-8304-5e91abcd1392;te paso los detalles ahora, gracias por el apoyo"
mis limites de retiro bajaron despues de reportar un problema tecnico repetido,"reporte el mismo bug varias veces en distintos tickets y despues de eso mis limites bajaron, tiene relacion con el sistema marcandome como cuenta problematica?",Medium,Resolved,qm:96e3bf0d-beea-4cd2-bca9-568ee30412d2:9700668d-bb18-4ce6-a136-d0d4eac1741d,maxyjulio18@gmail.com,Tokenia Web,Service Request,Límites y restricciones,13/Dec/25 3:30 PM,"13/Dec/25 3:50 PM;maxyjulio18@gmail.com;Hola, reportar errores técnicos de forma legítima no debería afectar tus límites de ninguna manera. Revisamos tu cuenta y no encontramos relación causal, la reducción se debió a otro motivo no vinculado, que ya corregimos.","13/Dec/25 4:10 PM;qm:96e3bf0d-beea-4cd2-bca9-568ee30412d2:9700668d-bb18-4ce6-a136-d0d4eac1741d;que alivio, gracias por aclarar y solucionarlo"
quiero saber si existe algun tipo de cuenta con limites flexibles segun temporada,"opero mas en ciertas epocas del año que en otras, existe algun ajuste de limites estacional o siempre es fijo segun mi nivel?",Low,Resolved,qm:96e3bf0d-beea-4cd2-bca9-568ee30412d2:af30ed9d-7e74-4e4e-8304-5e91abcd1392,maximilianojavierjulio@gmail.com,Tokenia Email,General request,Límites y restricciones,20/Jul/25 11:40 AM,"20/Jul/25 12:00 PM;maximilianojavierjulio@gmail.com;Hola, los límites se mantienen fijos según tu nivel de verificación, no contamos con ajustes estacionales automáticos. Si necesitás un límite temporal mayor para un período específico, podés solicitarlo puntualmente.","20/Jul/25 12:20 PM;qm:96e3bf0d-beea-4cd2-bca9-568ee30412d2:af30ed9d-7e74-4e4e-8304-5e91abcd1392;entendido, gracias por la info"
mi cuenta tiene restriccion de retiro pero puedo depositar sin problema,"puedo cargar fondos normal pero cuando quiero retirar me aparece bloqueado, es raro que sea asimetrico ese bloqueo.",Medium,Resolved,qm:96e3bf0d-beea-4cd2-bca9-568ee30412d2:9700668d-bb18-4ce6-a136-d0d4eac1741d,maxyjulio18@gmail.com,Tokenia App,Service Request,Límites y restricciones,4/Feb/26 2:10 PM,"4/Feb/26 2:30 PM;maxyjulio18@gmail.com;Hola, es un comportamiento intencional en algunos casos de revisión, ya que preferimos permitir el ingreso de fondos mientras se resuelve el motivo puntual que restringe los retiros. Vamos a revisar tu caso específico para darte más detalle.","4/Feb/26 2:50 PM;qm:96e3bf0d-beea-4cd2-bca9-568ee30412d2:9700668d-bb18-4ce6-a136-d0d4eac1741d;entendido, quedo esperando la revision"
puedo ver una notificacion cuando llega un deposito a mi direccion sin abrir la app,"me gustaria recibir un aviso push apenas se detecte un deposito entrante, incluso antes de que se confirme del todo. existe eso?",Low,Resolved,qm:96e3bf0d-beea-4cd2-bca9-568ee30412d2:af30ed9d-7e74-4e4e-8304-5e91abcd1392,maxi220julio@gmail.com,Tokenia App,Service Request,Billetera y direcciones,9/Sep/25 10:20 AM,"9/Sep/25 10:40 AM;maxi220julio@gmail.com;Hola, actualmente enviamos la notificación una vez que el depósito se confirma completamente, no contamos con un aviso previo para transacciones aún sin confirmar.","9/Sep/25 11:00 AM;qm:96e3bf0d-beea-4cd2-bca9-568ee30412d2:af30ed9d-7e74-4e4e-8304-5e91abcd1392;entendido, gracias por confirmar"
mi billetera de tron se ve distinta despues de la ultima actualizacion de la app,"actualice tokenia y ahora la seccion de tron cambio de posicion y diseño, es normal ese cambio de interfaz?",Low,Resolved,qm:96e3bf0d-beea-4cd2-bca9-568ee30412d2:9700668d-bb18-4ce6-a136-d0d4eac1741d,maximilianojavierjulio@gmail.com,Tokenia App,Service Request,Billetera y direcciones,22/Nov/25 4:00 PM,"22/Nov/25 4:20 PM;maximilianojavierjulio@gmail.com;Hola, sí, la última actualización incluyó mejoras de diseño en varias secciones de la billetera. Tu saldo y funcionalidad no se ven afectados, solo cambió la presentación visual.","22/Nov/25 4:40 PM;qm:96e3bf0d-beea-4cd2-bca9-568ee30412d2:9700668d-bb18-4ce6-a136-d0d4eac1741d;ah bueno, me gusto el cambio. gracias"
quiero saber si puedo consultar el saldo total en una moneda que no sea pesos ni dolares,"me gustaria ver el valor total de mi portfolio en euros, hay esa opcion de moneda de referencia disponible?",Low,Resolved,qm:96e3bf0d-beea-4cd2-bca9-568ee30412d2:af30ed9d-7e74-4e4e-8304-5e91abcd1392,maxyjulio18@gmail.com,Tokenia Web,Service Request,Billetera y direcciones,3/Apr/26 1:50 PM,"3/Abr/26 2:10 PM;maxyjulio18@gmail.com;Hola, por el momento las monedas de referencia disponibles son pesos argentinos y dólares estadounidenses, no contamos con euros como opción de visualización.","3/Abr/26 2:30 PM;qm:96e3bf0d-beea-4cd2-bca9-568ee30412d2:af30ed9d-7e74-4e4e-8304-5e91abcd1392;entendido, gracias"
mi billetera muestra el simbolo de una cripto que ya no opero mas,vendi toda mi posicion de una cripto hace tiempo pero el icono sigue apareciendo en mi lista principal con saldo cero. se puede ocultar?,Low,Resolved,qm:96e3bf0d-beea-4cd2-bca9-568ee30412d2:9700668d-bb18-4ce6-a136-d0d4eac1741d,maximilianojavierjulio@gmail.com,Tokenia App,Service Request,Billetera y direcciones,16/Jun/25 12:40 PM,"16/Jun/25 1:00 PM;maximilianojavierjulio@gmail.com;Hola, podés activar la opción 'Ocultar saldos en cero' desde la configuración de tu billetera para que esas criptos sin saldo dejen de mostrarse en tu lista principal.","16/Jun/25 1:20 PM;qm:96e3bf0d-beea-4cd2-bca9-568ee30412d2:9700668d-bb18-4ce6-a136-d0d4eac1741d;perfecto, ya lo active. gracias"
puedo recibir cripto de mas de una red al mismo tiempo en la misma direccion,"para usdt, la misma direccion sirve para recibir por distintas redes o cada red necesita su propia direccion especifica?",Medium,Resolved,qm:96e3bf0d-beea-4cd2-bca9-568ee30412d2:af30ed9d-7e74-4e4e-8304-5e91abcd1392,maxyjulio18@gmail.com,Tokenia Email,General request,Billetera y direcciones,28/Oct/25 9:10 AM,"28/Oct/25 9:30 AM;maxyjulio18@gmail.com;Hola, cada red requiere su propia dirección específica, no es la misma para ERC-20, TRC-20 y BEP-20. Asegurate de generar y usar la dirección correspondiente a la red que va a usar quien te envía.","28/Oct/25 9:50 AM;qm:96e3bf0d-beea-4cd2-bca9-568ee30412d2:af30ed9d-7e74-4e4e-8304-5e91abcd1392;entendido, gracias por la aclaracion"
puedo ver la profundidad de mercado antes de hacer una operacion grande,"quiero ver el libro de ordenes o profundidad de mercado antes de hacer una compra grande, para entender el impacto en el precio. existe esa vista?",Low,Resolved,qm:96e3bf0d-beea-4cd2-bca9-568ee30412d2:9700668d-bb18-4ce6-a136-d0d4eac1741d,maximilianojavierjulio@gmail.com,Tokenia Web,Service Request,Operaciones de compra/venta crypto,11/May/25 2:30 PM,"11/May/25 2:50 PM;maximilianojavierjulio@gmail.com;Hola, por el momento no exponemos el libro de órdenes ni la profundidad de mercado en la interfaz, ya que operamos mediante un modelo simplificado de compra y venta directa.","11/May/25 3:10 PM;qm:96e3bf0d-beea-4cd2-bca9-568ee30412d2:9700668d-bb18-4ce6-a136-d0d4eac1741d;entendido, gracias por la info"
mi orden de venta se ejecuto mas rapido de lo esperado en un momento de mucho volumen,"vendi btc en un momento de mucho movimiento del mercado y se ejecuto casi instantaneo, mas rapido que otras veces. es porque hay mas liquidez en esos momentos?",Low,Resolved,qm:96e3bf0d-beea-4cd2-bca9-568ee30412d2:af30ed9d-7e74-4e4e-8304-5e91abcd1392,maxyjulio18@gmail.com,Tokenia App,Service Request,Operaciones de compra/venta crypto,24/Sep/25 4:40 PM,"24/Sep/25 5:00 PM;maxyjulio18@gmail.com;Hola, sí, en momentos de mayor volumen y liquidez las operaciones suelen ejecutarse más rápido, ya que hay más actividad de mercado disponible para completar la transacción.","24/Sep/25 5:20 PM;qm:96e3bf0d-beea-4cd2-bca9-568ee30412d2:af30ed9d-7e74-4e4e-8304-5e91abcd1392;entendido, gracias por la explicacion"
quiero saber si puedo comprar una fraccion tan chica como 0.0001 de una cripto,"me interesa invertir montos muy chicos para empezar, hay un limite minimo de fraccion que se pueda comprar de cada cripto?",Low,Resolved,qm:96e3bf0d-beea-4cd2-bca9-568ee30412d2:9700668d-bb18-4ce6-a136-d0d4eac1741d,maximilianojavierjulio@gmail.com,Tokenia Email,General request,Operaciones de compra/venta crypto,7/Dec/25 11:20 AM,"7/Dec/25 11:40 AM;maximilianojavierjulio@gmail.com;Hola, sí, podés comprar fracciones muy pequeñas de cualquier criptomoneda, el límite exacto de decimales varía según cada moneda pero en general permite montos mínimos de pocos dólares.","7/Dec/25 12:00 PM;qm:96e3bf0d-beea-4cd2-bca9-568ee30412d2:9700668d-bb18-4ce6-a136-d0d4eac1741d;perfecto, gracias por confirmar"
mi compra de cripto se demoro por mantenimiento del sistema de matching,quise comprar btc y me salio un mensaje de que el sistema de ejecucion de ordenes estaba en mantenimiento. cuanto suele durar eso?,Medium,Resolved,qm:96e3bf0d-beea-4cd2-bca9-568ee30412d2:af30ed9d-7e74-4e4e-8304-5e91abcd1392,maxyjulio18@gmail.com,Tokenia Web,Service Request,Operaciones de compra/venta crypto,15/Feb/26 3:00 PM,"15/Feb/26 4:20 PM;maxyjulio18@gmail.com;Hola, disculpá la demora en responder. Los mantenimientos del sistema de ejecución suelen durar entre 15 y 30 minutos, ya debería estar disponible nuevamente. Probá realizar la operación de nuevo.","15/Feb/26 4:40 PM;qm:96e3bf0d-beea-4cd2-bca9-568ee30412d2:af30ed9d-7e74-4e4e-8304-5e91abcd1392;ya pude comprar sin problema, gracias"
quiero saber si el precio que veo en la app se actualiza cada segundo o cada cierto intervalo,"para operar con mas precision, queria saber cada cuanto se actualiza el precio de las criptos en la pantalla.",Low,Resolved,qm:96e3bf0d-beea-4cd2-bca9-568ee30412d2:9700668d-bb18-4ce6-a136-d0d4eac1741d,maximilianojavierjulio@gmail.com,Tokenia App,Service Request,Operaciones de compra/venta crypto,2/Aug/25 10:10 AM,"2/Aug/25 10:30 AM;maximilianojavierjulio@gmail.com;Hola, los precios se actualizan en tiempo casi real, generalmente cada pocos segundos, reflejando las condiciones actuales del mercado.","2/Aug/25 10:50 AM;qm:96e3bf0d-beea-4cd2-bca9-568ee30412d2:9700668d-bb18-4ce6-a136-d0d4eac1741d;entendido, gracias por la info"
la app me pide actualizar javascript en la version web sin dar mas detalle,"entro a la web de tokenia y me tira un mensaje de actualizar javascript, pero mi navegador esta actualizado. que puede ser?",Medium,Resolved,qm:96e3bf0d-beea-4cd2-bca9-568ee30412d2:af30ed9d-7e74-4e4e-8304-5e91abcd1392,maxyjulio18@gmail.com,Tokenia Web,Service Request,Problemas técnicos de la app/web,19/Oct/25 1:40 PM,"19/Oct/25 2:00 PM;maxyjulio18@gmail.com;Hola, gracias por avisarnos, ese mensaje puede deberse a que tu navegador tiene JavaScript deshabilitado en la configuración, aunque esté actualizado. Revisá esa opción específica en los ajustes del navegador.","19/Oct/25 2:20 PM;qm:96e3bf0d-beea-4cd2-bca9-568ee30412d2:af30ed9d-7e74-4e4e-8304-5e91abcd1392;tenia deshabilitado javascript, ya lo active. gracias"
la app no detecta bien mi huella dactilar despues de una actualizacion del celular,"actualice el sistema operativo de mi celular y ahora tokenia no reconoce bien mi huella para entrar, aunque en otras apps funciona normal.",Medium,Resolved,qm:96e3bf0d-beea-4cd2-bca9-568ee30412d2:9700668d-bb18-4ce6-a136-d0d4eac1741d,maximilianojavierjulio@gmail.com,Tokenia App,Service Request,Problemas técnicos de la app/web,6/Sep/25 11:10 AM,"6/Sep/25 11:30 AM;maximilianojavierjulio@gmail.com;Hola, gracias por avisarnos, puede ser un problema de compatibilidad puntual con la actualización de tu sistema operativo. Te recomendamos desactivar y volver a activar el acceso biométrico dentro de la app para que se resincronice.","6/Sep/25 11:50 AM;qm:96e3bf0d-beea-4cd2-bca9-568ee30412d2:9700668d-bb18-4ce6-a136-d0d4eac1741d;reactivandolo se soluciono, gracias"
la app tiene un error al mostrar el total en pesos de una cripto con muchos decimales,"cuando tengo un saldo con muchos decimales de una moneda, el equivalente en pesos que muestra la app parece calculado mal.",Medium,Resolved,qm:96e3bf0d-beea-4cd2-bca9-568ee30412d2:af30ed9d-7e74-4e4e-8304-5e91abcd1392,maxyjulio18@gmail.com,Tokenia App,Service Request,Problemas técnicos de la app/web,24/Dec/25 3:20 PM,"24/Dec/25 3:40 PM;maxyjulio18@gmail.com;Hola, gracias por reportarlo, vamos a revisar el cálculo de redondeo para casos de saldos con muchos decimales. El valor real de tu cuenta no se ve afectado, solo la visualización en pantalla.","24/Dec/25 4:00 PM;qm:96e3bf0d-beea-4cd2-bca9-568ee30412d2:af30ed9d-7e74-4e4e-8304-5e91abcd1392;entendido, gracias por confirmar"
la app tarda en cargar el detalle de una operacion vieja al tocarla,"cuando toco una operacion de hace varios meses en el historial, tarda mucho mas en cargar el detalle comparado con una operacion reciente.",Low,Resolved,qm:96e3bf0d-beea-4cd2-bca9-568ee30412d2:9700668d-bb18-4ce6-a136-d0d4eac1741d,maximilianojavierjulio@gmail.com,Tokenia Web,Service Request,Problemas técnicos de la app/web,13/Jul/25 4:10 PM,"13/Jul/25 4:30 PM;maximilianojavierjulio@gmail.com;Hola, gracias por avisarnos, puede haber una diferencia de rendimiento al consultar registros más antiguos. Vamos a derivarlo a nuestro equipo técnico para optimizar los tiempos de carga en el historial completo.","13/Jul/25 4:50 PM;qm:96e3bf0d-beea-4cd2-bca9-568ee30412d2:9700668d-bb18-4ce6-a136-d0d4eac1741d;entendido, gracias por tomarlo en cuenta"
no puedo activar el modo oscuro automatico segun el horario del dia,"quiero que el modo oscuro se active solo se automaticamente de noche, sin tener que cambiarlo manual cada vez.",Low,Resolved,qm:96e3bf0d-beea-4cd2-bca9-568ee30412d2:af30ed9d-7e74-4e4e-8304-5e91abcd1392,maxyjulio18@gmail.com,Tokenia App,Service Request,Problemas técnicos de la app/web,1/Mar/26 5:00 PM,"1/Mar/26 5:20 PM;maxyjulio18@gmail.com;Hola, por el momento el modo oscuro se activa o desactiva manualmente desde la configuración, no contamos con activación automática por horario. Tomamos en cuenta tu sugerencia.","1/Mar/26 5:40 PM;qm:96e3bf0d-beea-4cd2-bca9-568ee30412d2:af30ed9d-7e74-4e4e-8304-5e91abcd1392;entendido, gracias igual"
quiero saber si puedo configurar que solo se permitan retiros a direcciones ya conocidas,"por seguridad, me gustaria que solo se puedan hacer retiros a direcciones que ya use antes, bloqueando direcciones nuevas automaticamente. existe eso?",Medium,Resolved,qm:96e3bf0d-beea-4cd2-bca9-568ee30412d2:9700668d-bb18-4ce6-a136-d0d4eac1741d,maxi220julio@gmail.com,Tokenia Web,Service Request,Seguridad de la cuenta,14/May/25 2:20 PM,"14/May/25 2:40 PM;maxi220julio@gmail.com;Hola, por el momento no contamos con esa función de restricción a direcciones ya conocidas exclusivamente, pero tomamos en cuenta tu sugerencia para futuras mejoras de seguridad.","14/May/25 3:00 PM;qm:96e3bf0d-beea-4cd2-bca9-568ee30412d2:9700668d-bb18-4ce6-a136-d0d4eac1741d;entendido, gracias igual"
mi cuenta detecto un patron de acceso desde varios paises en pocas horas,"el historial muestra accesos desde 3 paises distintos en menos de un dia, definitivamente no fui yo viajando tan rapido. que hago?",Highest,Escalated,qm:96e3bf0d-beea-4cd2-bca9-568ee30412d2:af30ed9d-7e74-4e4e-8304-5e91abcd1392,maximilianojavierjulio@gmail.com,Tokenia App,Service Request,Seguridad de la cuenta,20/Oct/25 6:50 PM,"20/Oct/25 7:10 PM;maximilianojavierjulio@gmail.com;Hola, esto es motivo de máxima preocupación. Suspendimos tu cuenta de inmediato y derivamos tu caso al equipo de seguridad con prioridad urgente para investigar el acceso no autorizado.",
quiero saber si puedo activar una alerta si alguien intenta acceder desde un pais distinto al habitual,"me gustaria recibir un aviso instantaneo si detectan un intento de acceso desde un pais que no sea argentina, mi ubicacion habitual.",Low,Resolved,qm:96e3bf0d-beea-4cd2-bca9-568ee30412d2:9700668d-bb18-4ce6-a136-d0d4eac1741d,maxyjulio18@gmail.com,Tokenia Email,General request,Seguridad de la cuenta,3/Sep/25 10:30 AM,"3/Sep/25 10:50 AM;maxyjulio18@gmail.com;Hola, sí, ya contamos con alertas automáticas de accesos desde ubicaciones inusuales, activadas por defecto para todas las cuentas. Deberías recibir esa notificación si ocurre ese tipo de acceso.","3/Sep/25 11:10 AM;qm:96e3bf0d-beea-4cd2-bca9-568ee30412d2:9700668d-bb18-4ce6-a136-d0d4eac1741d;genial, no sabia que ya lo tenia. gracias"
quiero saber si tokenia usa reconocimiento facial ademas de video selfie para verificaciones de seguridad,"para reactivar mi cuenta despues de la suspension, me pidieron un video selfie, eso usa reconocimiento facial automatico o lo revisa una persona?",Medium,Resolved,qm:96e3bf0d-beea-4cd2-bca9-568ee30412d2:af30ed9d-7e74-4e4e-8304-5e91abcd1392,maximilianojavierjulio@gmail.com,Tokenia Web,Service Request,Seguridad de la cuenta,17/Nov/25 4:10 PM,"17/Nov/25 4:30 PM;maximilianojavierjulio@gmail.com;Hola, usamos una combinación de tecnología de reconocimiento facial automático y revisión manual de nuestro equipo para casos que requieren mayor validación, como el tuyo.","17/Nov/25 4:50 PM;qm:96e3bf0d-beea-4cd2-bca9-568ee30412d2:af30ed9d-7e74-4e4e-8304-5e91abcd1392;entendido, gracias por la explicacion"
mi cuenta fue reactivada pero perdi el historial de una conversacion con soporte,"despues de que reactivaron mi cuenta, no encuentro los tickets anteriores que tenia abiertos con ustedes. se perdieron?",Medium,Resolved,qm:96e3bf0d-beea-4cd2-bca9-568ee30412d2:9700668d-bb18-4ce6-a136-d0d4eac1741d,maxyjulio18@gmail.com,Tokenia App,Service Request,Seguridad de la cuenta,5/Jan/26 1:40 PM,"5/Jan/26 2:00 PM;maxyjulio18@gmail.com;Hola, tus tickets anteriores no deberían haberse perdido durante la reactivación. Vamos a revisar tu cuenta para confirmar dónde están y asegurarnos de que vuelvan a ser visibles.",5/Jan/26 2:20 PM;qm:96e3bf0d-beea-4cd2-bca9-568ee30412d2:9700668d-bb18-4ce6-a136-d0d4eac1741d;gracias por revisarlo
quiero saber si puedo delegar el acceso de mi cuenta a un abogado en caso de emergencia,"por temas legales personales, quiero saber si se puede dar acceso autorizado a un tercero de confianza en casos excepcionales.",Medium,Resolved,qm:96e3bf0d-beea-4cd2-bca9-568ee30412d2:af30ed9d-7e74-4e4e-8304-5e91abcd1392,maximilianojavierjulio@gmail.com,Tokenia Email,General request,Seguridad de la cuenta,12/Aug/25 9:50 AM,"12/Aug/25 10:10 AM;maximilianojavierjulio@gmail.com;Hola, por políticas de seguridad, el acceso a la cuenta es personal e intransferible. Para casos legales específicos como sucesiones o poderes, te recomendamos contactarnos para evaluar el procedimiento correspondiente según la situación.","12/Aug/25 10:30 AM;qm:96e3bf0d-beea-4cd2-bca9-568ee30412d2:af30ed9d-7e74-4e4e-8304-5e91abcd1392;entendido, voy a consultar el procedimiento entonces"
quiero saber si activar notificaciones de seguridad consume mas bateria,"me da un poco de duda activar todas las alertas de seguridad por el consumo de bateria, tiene un impacto significativo?",Low,Resolved,qm:96e3bf0d-beea-4cd2-bca9-568ee30412d2:9700668d-bb18-4ce6-a136-d0d4eac1741d,maxyjulio18@gmail.com,Tokenia App,Service Request,Seguridad de la cuenta,26/Feb/26 3:20 PM,"26/Feb/26 3:40 PM;maxyjulio18@gmail.com;Hola, las notificaciones de seguridad consumen una cantidad mínima de batería, similar a cualquier otra notificación push. El beneficio de seguridad supera ampliamente ese consumo prácticamente imperceptible.","26/Feb/26 4:00 PM;qm:96e3bf0d-beea-4cd2-bca9-568ee30412d2:9700668d-bb18-4ce6-a136-d0d4eac1741d;entendido, las voy a activar todas entonces"
quiero saber si existe alguna promocion de comision cero por tiempo limitado,"vi en redes que a veces hacen promociones de comision cero, hay alguna vigente ahora o como me entero cuando salen?",Low,Resolved,qm:96e3bf0d-beea-4cd2-bca9-568ee30412d2:af30ed9d-7e74-4e4e-8304-5e91abcd1392,maxi220julio@gmail.com,Tokenia Email,General request,Tarifas y comisiones,9/Jul/25 11:10 AM,"9/Jul/25 11:30 AM;maxi220julio@gmail.com;Hola, las promociones de comisión reducida o gratuita se anuncian ocasionalmente en la sección Promociones de la app y en nuestras redes sociales. Te recomendamos activar las notificaciones de novedades para enterarte apenas salgan.","9/Jul/25 11:50 AM;qm:96e3bf0d-beea-4cd2-bca9-568ee30412d2:af30ed9d-7e74-4e4e-8304-5e91abcd1392;genial, ya active las notificaciones. gracias"
puedo ver la comision desglosada cuando hago un swap entre dos criptos,"cuando cambio btc por eth directamente, el comprobante muestra la comision de la misma forma que en una compra normal con pesos?",Low,Resolved,qm:96e3bf0d-beea-4cd2-bca9-568ee30412d2:9700668d-bb18-4ce6-a136-d0d4eac1741d,maximilianojavierjulio@gmail.com,Tokenia App,Service Request,Tarifas y comisiones,23/Oct/25 2:40 PM,"23/Oct/25 3:00 PM;maximilianojavierjulio@gmail.com;Hola, sí, el comprobante de un swap muestra la comisión del 1% de la misma forma que cualquier otra operación, calculada sobre el valor equivalente en dólares del monto intercambiado.","23/Oct/25 3:20 PM;qm:96e3bf0d-beea-4cd2-bca9-568ee30412d2:9700668d-bb18-4ce6-a136-d0d4eac1741d;entendido, gracias por confirmar"
quiero saber si la comision de plataforma esta incluida en el precio que se muestra en el grafico,el precio que veo en el grafico de btc ya tiene la comision descontada o esa se suma aparte cuando confirmo la operacion?,Low,Resolved,qm:96e3bf0d-beea-4cd2-bca9-568ee30412d2:af30ed9d-7e74-4e4e-8304-5e91abcd1392,maxyjulio18@gmail.com,Tokenia Web,Service Request,Tarifas y comisiones,8/Apr/26 10:20 AM,"8/Abr/26 10:40 AM;maxyjulio18@gmail.com;Hola, el precio del gráfico refleja el valor de mercado de la criptomoneda, sin incluir la comisión de plataforma. La comisión se suma por separado al momento de confirmar tu operación de compra o venta.","8/Abr/26 11:00 AM;qm:96e3bf0d-beea-4cd2-bca9-568ee30412d2:af30ed9d-7e74-4e4e-8304-5e91abcd1392;entendido, gracias por la aclaracion"
mi comprobante de venta no coincide con lo que calcule manualmente por una diferencia chica,"vendi cripto y el monto que recibi es un poco menor a mi calculo manual del 1% de comision, hay algo mas que se descuente ademas de eso?",Medium,Resolved,qm:96e3bf0d-beea-4cd2-bca9-568ee30412d2:9700668d-bb18-4ce6-a136-d0d4eac1741d,maximilianojavierjulio@gmail.com,Tokenia Web,Service Request,Tarifas y comisiones,30/Sep/25 1:10 PM,"30/Sep/25 1:30 PM;maximilianojavierjulio@gmail.com;Hola, además de la comisión del 1%, el spread de mercado también afecta el monto final que recibís en una venta. Esa diferencia adicional corresponde al spread aplicado en el momento de la operación, no a un cargo extra.","30/Sep/25 1:50 PM;qm:96e3bf0d-beea-4cd2-bca9-568ee30412d2:9700668d-bb18-4ce6-a136-d0d4eac1741d;ahora esta claro, gracias por explicarme"
quiero saber si tokenia cobra algo por convertir criptos de baja liquidez,"vi que operar con criptos menos conocidas puede tener spread mas alto, ademas de eso hay alguna comision adicional especifica para esas monedas?",Low,Resolved,qm:96e3bf0d-beea-4cd2-bca9-568ee30412d2:af30ed9d-7e74-4e4e-8304-5e91abcd1392,maxyjulio18@gmail.com,Tokenia Email,General request,Tarifas y comisiones,14/Jun/25 3:30 PM,"14/Jun/25 3:50 PM;maxyjulio18@gmail.com;Hola, la comisión de plataforma del 1% es la misma para todas las criptomonedas, incluidas las de menor liquidez. Solo el spread puede ser más amplio en esos casos, pero no aplicamos ninguna comisión adicional específica.","14/Jun/25 4:10 PM;qm:96e3bf0d-beea-4cd2-bca9-568ee30412d2:af30ed9d-7e74-4e4e-8304-5e91abcd1392;entendido, gracias por confirmar"
puedo saber si el costo de retiro de red va a subir o bajar antes de confirmar,"antes de confirmar un retiro de btc, el sistema muestra si el costo de red va a subir pronto para que espere o convenga hacerlo ya?",Low,Resolved,qm:96e3bf0d-beea-4cd2-bca9-568ee30412d2:9700668d-bb18-4ce6-a136-d0d4eac1741d,maximilianojavierjulio@gmail.com,Tokenia App,Service Request,Tarifas y comisiones,19/Jan/26 11:50 AM,"19/Jan/26 12:10 PM;maximilianojavierjulio@gmail.com;Hola, por el momento solo mostramos el costo de red actual al momento de confirmar el retiro, no contamos con una proyección de cómo va a variar en el futuro cercano.","19/Jan/26 12:30 PM;qm:96e3bf0d-beea-4cd2-bca9-568ee30412d2:9700668d-bb18-4ce6-a136-d0d4eac1741d;entendido, gracias igual"
quiero saber si las comisiones de tokenia estan sujetas a algun tipo de iva,"en el comprobante no veo desglose de impuestos, la comision del 1% ya incluye algun iva o impuesto?",Medium,Resolved,qm:96e3bf0d-beea-4cd2-bca9-568ee30412d2:af30ed9d-7e74-4e4e-8304-5e91abcd1392,maxyjulio18@gmail.com,Tokenia Email,General request,Tarifas y comisiones,6/Nov/25 10:00 AM,"6/Nov/25 10:20 AM;maxyjulio18@gmail.com;Hola, el 1% que se cobra representa la comisión total de la operación, ya que las operaciones de compraventa de criptomonedas se encuentran generalmente exentas de IVA según la normativa vigente.","6/Nov/25 10:40 AM;qm:96e3bf0d-beea-4cd2-bca9-568ee30412d2:af30ed9d-7e74-4e4e-8304-5e91abcd1392;entendido, gracias por la aclaracion"
quiero saber si el proceso de kyc guarda mi ubicacion al momento de hacerlo,"durante el proceso de verificacion me pidio permiso de ubicacion, para que se usa exactamente ese dato?",Low,Resolved,qm:96e3bf0d-beea-4cd2-bca9-568ee30412d2:9700668d-bb18-4ce6-a136-d0d4eac1741d,maximilianojavierjulio@gmail.com,Tokenia App,Service Request,Verificación de identidad,27/Jun/25 2:20 PM,"27/Jun/25 2:40 PM;maximilianojavierjulio@gmail.com;Hola, la ubicación se utiliza como una capa adicional de validación de seguridad durante el proceso de verificación, ayudando a confirmar la coherencia entre tu domicilio declarado y tu ubicación real al momento del registro.","27/Jun/25 3:00 PM;qm:96e3bf0d-beea-4cd2-bca9-568ee30412d2:9700668d-bb18-4ce6-a136-d0d4eac1741d;entendido, gracias por la explicacion"
mi verificacion fue rechazada por el color de fondo de la foto del dni,"me dijeron que el fondo de la foto de mi dni no era neutro y por eso rechazaron la imagen, no sabia que eso importaba.",Low,Resolved,qm:96e3bf0d-beea-4cd2-bca9-568ee30412d2:af30ed9d-7e74-4e4e-8304-5e91abcd1392,maxyjulio18@gmail.com,Tokenia Web,Service Request,Verificación de identidad,11/Oct/25 4:50 PM,"11/Oct/25 5:10 PM;maxyjulio18@gmail.com;Hola, sí, recomendamos usar un fondo liso y de un solo color al fotografiar el documento, ya que fondos con patrones o muchos objetos pueden dificultar la validación automática. Intentalo de nuevo sobre una superficie simple.","11/Oct/25 5:30 PM;qm:96e3bf0d-beea-4cd2-bca9-568ee30412d2:af30ed9d-7e74-4e4e-8304-5e91abcd1392;con un fondo liso funciono bien, gracias"
quiero saber si puedo verificar mi identidad con dos documentos distintos para mayor seguridad,"para reforzar mi verificacion, se puede subir tanto dni como pasaporte juntos, o solo se acepta un documento a la vez?",Low,Resolved,qm:96e3bf0d-beea-4cd2-bca9-568ee30412d2:9700668d-bb18-4ce6-a136-d0d4eac1741d,maximilianojavierjulio@gmail.com,Tokenia Email,General request,Verificación de identidad,3/May/25 9:40 AM,"3/May/25 10:00 AM;maximilianojavierjulio@gmail.com;Hola, el proceso estándar requiere un único documento de identidad válido, no es necesario ni se procesan dos documentos simultáneamente para la verificación inicial.","3/May/25 10:20 AM;qm:96e3bf0d-beea-4cd2-bca9-568ee30412d2:9700668d-bb18-4ce6-a136-d0d4eac1741d;entendido, gracias por confirmar"
mi verificacion quedo detenida porque el sistema detecto que la foto era muy similar a otra ya registrada,"me dijeron que mi selfie coincidia demasiado con otra cuenta existente, pero yo no tengo otra cuenta en tokenia. que puede haber pasado?",High,Escalated,qm:96e3bf0d-beea-4cd2-bca9-568ee30412d2:af30ed9d-7e74-4e4e-8304-5e91abcd1392,maxyjulio18@gmail.com,Tokenia App,Service Request,Verificación de identidad,16/Dec/25 11:20 AM,"16/Dec/25 11:40 AM;maxyjulio18@gmail.com;Hola, entendemos la confusión, ese tipo de alerta puede generar falsos positivos en casos de familiares con rasgos similares. Vamos a escalar tu caso al equipo de verificación para una revisión manual detallada.",
quiero saber si mi verificacion aplica automaticamente si ya estoy verificado en otra plataforma similar,"estoy verificado en otro exchange argentino, eso sirve de alguna forma para agilizar mi verificacion en tokenia?",Low,Resolved,qm:96e3bf0d-beea-4cd2-bca9-568ee30412d2:9700668d-bb18-4ce6-a136-d0d4eac1741d,maximilianojavierjulio@gmail.com,Tokenia Web,Service Request,Verificación de identidad,29/Aug/25 1:30 PM,"29/Aug/25 1:50 PM;maximilianojavierjulio@gmail.com;Hola, cada plataforma maneja su propio proceso de verificación independiente por normativa, así que la verificación de otro exchange no se traslada ni agiliza el proceso en Tokenia.","29/Aug/25 2:10 PM;qm:96e3bf0d-beea-4cd2-bca9-568ee30412d2:9700668d-bb18-4ce6-a136-d0d4eac1741d;entendido, voy a hacer el proceso completo entonces"
mi documento fue aceptado pero el sistema no pudo leer bien mi fecha de nacimiento,subi mi dni y aprobaron la foto pero me piden que confirme manualmente mi fecha de nacimiento porque no la pudieron leer bien automaticamente.,Low,Resolved,qm:96e3bf0d-beea-4cd2-bca9-568ee30412d2:af30ed9d-7e74-4e4e-8304-5e91abcd1392,maxyjulio18@gmail.com,Tokenia App,Service Request,Verificación de identidad,22/Mar/26 2:10 PM,"22/Mar/26 2:30 PM;maxyjulio18@gmail.com;Hola, no te preocupes, esto puede ocurrir cuando la calidad de la foto no permite leer con certeza absoluta ese campo específico. Simplemente confirmá el dato manualmente donde te lo solicita la app y el proceso continúa con normalidad.","22/Mar/26 2:50 PM;qm:96e3bf0d-beea-4cd2-bca9-568ee30412d2:af30ed9d-7e74-4e4e-8304-5e91abcd1392;listo, ya lo confirme. gracias"
quiero saber si tengo que repetir la verificacion si actualizo mi email de contacto,"voy a cambiar mi correo principal por uno nuevo, eso me obliga a rehacer el proceso de verificacion de identidad tambien?",Low,Resolved,qm:96e3bf0d-beea-4cd2-bca9-568ee30412d2:9700668d-bb18-4ce6-a136-d0d4eac1741d,maximilianojavierjulio@gmail.com,Tokenia Email,General request,Verificación de identidad,10/Jul/25 3:50 PM,"10/Jul/25 4:10 PM;maximilianojavierjulio@gmail.com;Hola, no, cambiar tu correo de contacto no afecta tu verificación de identidad ya aprobada. Son procesos independientes dentro de tu perfil.","10/Jul/25 4:30 PM;qm:96e3bf0d-beea-4cd2-bca9-568ee30412d2:9700668d-bb18-4ce6-a136-d0d4eac1741d;entendido, gracias por confirmar"
quiero saber si puedo usar el mismo mail para tokenia y para el portal de clientes,tokenia tiene un portal de clientes separado de la app o todo es lo mismo con el mismo login?,Low,Resolved,qm:96e3bf0d-beea-4cd2-bca9-568ee30412d2:af30ed9d-7e74-4e4e-8304-5e91abcd1392,maxi220julio@gmail.com,Tokenia Email,General request,Acceso y autenticación,4/Jun/25 10:00 AM,"4/Jun/25 10:20 AM;maxi220julio@gmail.com;Hola, la app y la versión web comparten el mismo login, no hay un portal separado. Podés usar las mismas credenciales en ambos.","4/Jun/25 10:40 AM;qm:96e3bf0d-beea-4cd2-bca9-568ee30412d2:af30ed9d-7e74-4e4e-8304-5e91abcd1392;entendido, gracias por confirmar"
mi cuenta pide reingresar datos cada vez que la app se actualiza automaticamente,"cada actualizacion automatica de la app me saca la sesion y tengo que volver a poner todo, es asi siempre o es un error puntual?",Medium,Resolved,qm:96e3bf0d-beea-4cd2-bca9-568ee30412d2:9700668d-bb18-4ce6-a136-d0d4eac1741d,maximilianojavierjulio@gmail.com,Tokenia App,Service Request,Acceso y autenticación,15/Sep/25 3:10 PM,"15/Sep/25 3:30 PM;maximilianojavierjulio@gmail.com;Hola, no debería cerrar la sesión con cada actualización automática. Vamos a derivarlo a nuestro equipo técnico para revisar ese comportamiento en tu dispositivo específico.",15/Sep/25 3:50 PM;qm:96e3bf0d-beea-4cd2-bca9-568ee30412d2:9700668d-bb18-4ce6-a136-d0d4eac1741d;gracias por tomarlo en cuenta
quiero saber si puedo recuperar mi cuenta si perdi tanto el mail como el celular,"perdi acceso a mi mail y a mi celular al mismo tiempo por un robo, hay alguna forma de recuperar mi cuenta en ese escenario extremo?",Highest,Escalated,qm:96e3bf0d-beea-4cd2-bca9-568ee30412d2:af30ed9d-7e74-4e4e-8304-5e91abcd1392,maxyjulio18@gmail.com,Tokenia Email,General request,Acceso y autenticación,2/Nov/25 8:00 AM,"2/Nov/25 8:20 AM;maxyjulio18@gmail.com;Hola, lamentamos mucho la situación. Vamos a escalar tu caso al equipo de seguridad para iniciar un proceso de verificación reforzada de identidad, ya que no contás con los métodos habituales de recuperación.",
mi cuenta funciona bien en la app pero la web me redirige a una pantalla en blanco,"cuando entro a la web de tokenia despues de poner mis datos, me queda una pantalla completamente en blanco sin cargar nada.",Medium,Resolved,qm:96e3bf0d-beea-4cd2-bca9-568ee30412d2:9700668d-bb18-4ce6-a136-d0d4eac1741d,maximilianojavierjulio@gmail.com,Tokenia Web,Service Request,Acceso y autenticación,28/Jul/25 1:20 PM,"28/Jul/25 1:40 PM;maximilianojavierjulio@gmail.com;Hola, gracias por avisarnos, probá borrar el caché y las cookies de tu navegador o intentar desde otro navegador. Si el problema persiste, vamos a derivarlo a nuestro equipo técnico.","28/Jul/25 2:00 PM;qm:96e3bf0d-beea-4cd2-bca9-568ee30412d2:9700668d-bb18-4ce6-a136-d0d4eac1741d;borrando el cache se soluciono, gracias"
quiero saber si puedo bloquear el acceso a la app con un pin distinto al de mi celular,"tengo un pin general en mi celular pero quiero uno diferente y especifico solo para tokenia, se puede configurar asi?",Low,Resolved,qm:96e3bf0d-beea-4cd2-bca9-568ee30412d2:af30ed9d-7e74-4e4e-8304-5e91abcd1392,maxyjulio18@gmail.com,Tokenia App,Service Request,Acceso y autenticación,9/Jan/26 11:10 AM,"9/Jan/26 11:30 AM;maxyjulio18@gmail.com;Hola, sí, desde Perfil > Seguridad > Bloqueo de app podés configurar un PIN específico de 4 dígitos distinto al de tu celular, exclusivo para acceder a Tokenia.","9/Jan/26 11:50 AM;qm:96e3bf0d-beea-4cd2-bca9-568ee30412d2:af30ed9d-7e74-4e4e-8304-5e91abcd1392;genial, ya lo configure. gracias"
mi cuenta bloqueada tarda mas de lo esperado en desbloquearse despues de restablecer la clave,"restablecí mi clave hace un rato pero la cuenta sigue apareciendo como bloqueada, cuanto deberia tardar en desbloquearse automaticamente?",Medium,Resolved,qm:96e3bf0d-beea-4cd2-bca9-568ee30412d2:9700668d-bb18-4ce6-a136-d0d4eac1741d,maximilianojavierjulio@gmail.com,Tokenia App,Service Request,Acceso y autenticación,17/Oct/25 4:30 PM,"17/Oct/25 4:50 PM;maximilianojavierjulio@gmail.com;Hola, el desbloqueo debería ser inmediato tras restablecer la contraseña. Revisamos tu cuenta y confirmamos que ya está desbloqueada, probá cerrar sesión por completo y volver a entrar.","17/Oct/25 5:10 PM;qm:96e3bf0d-beea-4cd2-bca9-568ee30412d2:9700668d-bb18-4ce6-a136-d0d4eac1741d;ya pude entrar, gracias"
quiero saber si tokenia permite el acceso mediante huella dactilar de mas de una persona,"somos dos personas en casa con celulares compartidos, se puede registrar mas de una huella para entrar a la misma cuenta?",Low,Resolved,qm:96e3bf0d-beea-4cd2-bca9-568ee30412d2:af30ed9d-7e74-4e4e-8304-5e91abcd1392,maxyjulio18@gmail.com,Tokenia Email,General request,Acceso y autenticación,5/May/25 3:20 PM,"5/May/25 3:40 PM;maxyjulio18@gmail.com;Hola, el acceso por huella depende de la configuración biométrica de tu celular, no de Tokenia directamente. Si tu celular tiene registradas varias huellas, todas podrían destrabar el acceso, pero recordá que la cuenta es personal e intransferible.","5/May/25 4:00 PM;qm:96e3bf0d-beea-4cd2-bca9-568ee30412d2:af30ed9d-7e74-4e4e-8304-5e91abcd1392;entendido, gracias por la aclaracion"
mi cuenta muestra actividad desde un navegador que no reconozco en la lista de sesiones,"en las sesiones activas aparece un navegador con un nombre raro que no se si es mio, como identifico si es legitimo o no?",Medium,Resolved,qm:96e3bf0d-beea-4cd2-bca9-568ee30412d2:9700668d-bb18-4ce6-a136-d0d4eac1741d,maximilianojavierjulio@gmail.com,Tokenia Web,Service Request,Acceso y autenticación,21/Aug/25 10:50 AM,"21/Aug/25 11:10 AM;maximilianojavierjulio@gmail.com;Hola, si tenés dudas sobre alguna sesión, lo más seguro es cerrarla directamente desde Perfil > Seguridad > Sesiones activas. Si era tuya, simplemente volvés a iniciar sesión sin problema.","21/Aug/25 11:30 AM;qm:96e3bf0d-beea-4cd2-bca9-568ee30412d2:9700668d-bb18-4ce6-a136-d0d4eac1741d;la cerre por las dudas, gracias por el consejo"
quiero saber si puedo desactivar el pedido de clave al abrir la app si ya tengo pin activado,"tengo pin de acceso rapido activado, pero igual me pide la clave completa a veces. se puede evitar eso si ya tengo el pin?",Low,Resolved,qm:96e3bf0d-beea-4cd2-bca9-568ee30412d2:af30ed9d-7e74-4e4e-8304-5e91abcd1392,maxyjulio18@gmail.com,Tokenia App,Service Request,Acceso y autenticación,13/Dec/25 1:00 PM,"13/Dec/25 1:20 PM;maxyjulio18@gmail.com;Hola, el PIN de acceso rápido reemplaza la clave en la mayoría de los casos, pero ocasionalmente pedimos la clave completa para operaciones sensibles, como medida de seguridad adicional.","13/Dec/25 1:40 PM;qm:96e3bf0d-beea-4cd2-bca9-568ee30412d2:af30ed9d-7e74-4e4e-8304-5e91abcd1392;entendido, tiene sentido. gracias"
mi cuenta figura activa en un dispositivo que ya formatee hace tiempo,formatee mi celular viejo hace meses pero en sesiones activas todavia figura ese dispositivo con acceso. deberia preocuparme?,Medium,Resolved,qm:96e3bf0d-beea-4cd2-bca9-568ee30412d2:9700668d-bb18-4ce6-a136-d0d4eac1741d,maximilianojavierjulio@gmail.com,Tokenia App,Service Request,Acceso y autenticación,30/Mar/26 4:00 PM,"30/Mar/26 4:20 PM;maximilianojavierjulio@gmail.com;Hola, formatear un celular no cierra automáticamente las sesiones activas de nuestro lado, ya que el sistema no puede detectar ese cambio remotamente. Te recomendamos cerrar esa sesión manualmente desde tu cuenta.","30/Mar/26 4:40 PM;qm:96e3bf0d-beea-4cd2-bca9-568ee30412d2:9700668d-bb18-4ce6-a136-d0d4eac1741d;ya la cerre, gracias por la explicacion"
quiero saber si el idioma de la app se guarda en la nube o hay que cambiarlo por dispositivo,"cambie el idioma en mi celular, si entro desde otro dispositivo tengo que volver a configurarlo o se guarda a nivel de mi cuenta?",Low,Resolved,qm:96e3bf0d-beea-4cd2-bca9-568ee30412d2:af30ed9d-7e74-4e4e-8304-5e91abcd1392,maxyjulio18@gmail.com,Tokenia Email,General request,Acceso y autenticación,6/Jun/25 2:00 PM,"6/Jun/25 2:20 PM;maxyjulio18@gmail.com;Hola, la preferencia de idioma se guarda a nivel de tu cuenta, así que si entrás desde otro dispositivo, debería mantenerse la misma configuración sin necesidad de volver a cambiarlo.","6/Jun/25 2:40 PM;qm:96e3bf0d-beea-4cd2-bca9-568ee30412d2:af30ed9d-7e74-4e4e-8304-5e91abcd1392;genial, gracias por confirmar"
mi cuenta pide verificacion adicional al entrar desde una red corporativa vpn de trabajo,"en mi trabajo estoy conectado a una vpn corporativa y tokenia siempre me pide verificacion extra desde ahi, es por la vpn de la empresa?",Medium,Resolved,qm:96e3bf0d-beea-4cd2-bca9-568ee30412d2:9700668d-bb18-4ce6-a136-d0d4eac1741d,maximilianojavierjulio@gmail.com,Tokenia Web,Service Request,Acceso y autenticación,18/Nov/25 11:40 AM,"18/Nov/25 12:00 PM;maximilianojavierjulio@gmail.com;Hola, sí, cualquier conexión VPN, incluso corporativa, puede activar nuestros sistemas de detección al simular una ubicación distinta a la habitual. Es un comportamiento esperado por seguridad.","18/Nov/25 12:20 PM;qm:96e3bf0d-beea-4cd2-bca9-568ee30412d2:9700668d-bb18-4ce6-a136-d0d4eac1741d;entendido, gracias por la aclaracion"
puedo saber si mi deposito de cripto fue reconocido apenas se envio a la red,"acabo de mandar btc, apenas se transmitio a la red, hay alguna forma de ver que tokenia ya lo detecto aunque no tenga confirmaciones todavia?",Low,Resolved,qm:96e3bf0d-beea-4cd2-bca9-568ee30412d2:af30ed9d-7e74-4e4e-8304-5e91abcd1392,maxi220julio@gmail.com,Tokenia App,Service Request,Depósitos y retiros,9/Aug/25 3:20 PM,"9/Aug/25 3:40 PM;maxi220julio@gmail.com;Hola, por el momento la app muestra el depósito recién cuando alcanza al menos la primera confirmación de red, no antes. No hay una vista de 'detectado pero sin confirmar' disponible.","9/Aug/25 4:00 PM;qm:96e3bf0d-beea-4cd2-bca9-568ee30412d2:af30ed9d-7e74-4e4e-8304-5e91abcd1392;entendido, gracias por la info"
quiero saber si puedo cancelar un retiro de pesos ya aprobado por el sistema pero no enviado al banco,"mi retiro dice 'aprobado' pero todavia no salio hacia el banco, hay una ventana para cancelarlo en ese estado especifico?",Medium,Resolved,qm:96e3bf0d-beea-4cd2-bca9-568ee30412d2:9700668d-bb18-4ce6-a136-d0d4eac1741d,maximilianojavierjulio@gmail.com,Tokenia Web,Service Request,Depósitos y retiros,22/Sep/25 1:50 PM,"22/Sep/25 2:10 PM;maximilianojavierjulio@gmail.com;Hola, mientras el retiro no haya sido enviado efectivamente al banco, todavía es posible cancelarlo. Contactanos rápido con el detalle de la operación para intentar detenerlo a tiempo.","22/Sep/25 2:30 PM;qm:96e3bf0d-beea-4cd2-bca9-568ee30412d2:9700668d-bb18-4ce6-a136-d0d4eac1741d;llegamos a tiempo, gracias por la rapidez"
mi retiro de usdc se completo pero en la red erc20 en vez de la que elegi,"pedi retirar por trc20 pero en el hash veo que se proceso por erc20, es un error del sistema o me equivoque yo al elegir?",High,Escalated,qm:96e3bf0d-beea-4cd2-bca9-568ee30412d2:af30ed9d-7e74-4e4e-8304-5e91abcd1392,maxyjulio18@gmail.com,Tokenia App,Service Request,Depósitos y retiros,4/Dec/25 2:30 PM,"4/Dec/25 2:50 PM;maxyjulio18@gmail.com;Hola, esto necesita revisión detallada de nuestro lado. Vamos a escalar tu caso al equipo técnico con el detalle de la operación para confirmar qué sucedió y si los fondos llegaron correctamente igual.",
puedo depositar cripto sin tener saldo en pesos previo en mi cuenta,"recien me registre y quiero depositar btc directo sin haber cargado pesos antes, se puede hacer eso como primer movimiento?",Low,Resolved,qm:96e3bf0d-beea-4cd2-bca9-568ee30412d2:9700668d-bb18-4ce6-a136-d0d4eac1741d,maximilianojavierjulio@gmail.com,Tokenia Email,General request,Depósitos y retiros,16/Apr/25 10:20 AM,"16/Apr/25 10:40 AM;maximilianojavierjulio@gmail.com;Hola, sí, podés depositar criptomonedas directamente sin necesidad de haber cargado pesos previamente, siempre que tu cuenta ya esté verificada.","16/Abr/25 11:00 AM;qm:96e3bf0d-beea-4cd2-bca9-568ee30412d2:9700668d-bb18-4ce6-a136-d0d4eac1741d;perfecto, gracias por confirmar"
mi retiro de cripto se demoro por una actualizacion del sistema esa noche,"pedi un retiro de eth de madrugada y quedo pendiente hasta la mañana, coincidio con un aviso de mantenimiento que vi despues. tiene relacion?",Medium,Resolved,qm:96e3bf0d-beea-4cd2-bca9-568ee30412d2:af30ed9d-7e74-4e4e-8304-5e91abcd1392,maxyjulio18@gmail.com,Tokenia App,Service Request,Depósitos y retiros,13/Oct/25 2:20 AM,"13/Oct/25 9:00 AM;maxyjulio18@gmail.com;Hola, disculpá el inconveniente por el horario. Sí, coincidió con un mantenimiento programado durante la madrugada, por eso el retiro quedó pendiente hasta que el sistema volvió a estar completamente operativo.","13/Oct/25 9:20 AM;qm:96e3bf0d-beea-4cd2-bca9-568ee30412d2:af30ed9d-7e74-4e4e-8304-5e91abcd1392;entendido, gracias por la aclaracion"
puedo saber el numero de confirmaciones exacto que lleva mi deposito en este momento,"quiero ver en tiempo real cuantas confirmaciones lleva mi deposito de btc, no solo si esta pendiente o acreditado.",Low,Resolved,qm:96e3bf0d-beea-4cd2-bca9-568ee30412d2:9700668d-bb18-4ce6-a136-d0d4eac1741d,maximilianojavierjulio@gmail.com,Tokenia Web,Service Request,Depósitos y retiros,27/May/25 4:00 PM,"27/May/25 4:20 PM;maximilianojavierjulio@gmail.com;Hola, sí, en el detalle de tu depósito en Actividad podés ver el conteo actualizado de confirmaciones en tiempo real hasta que se complete el número necesario.","27/May/25 4:40 PM;qm:96e3bf0d-beea-4cd2-bca9-568ee30412d2:9700668d-bb18-4ce6-a136-d0d4eac1741d;genial, ya lo encontre. gracias"
quiero saber si el retiro de xrp requiere el memo tambien para exchanges argentinos,"voy a retirar xrp a otro exchange argentino, ese memo que mencionaron antes tambien aplica para exchanges locales o solo internacionales?",Medium,Resolved,qm:96e3bf0d-beea-4cd2-bca9-568ee30412d2:af30ed9d-7e74-4e4e-8304-5e91abcd1392,maxyjulio18@gmail.com,Tokenia Email,General request,Depósitos y retiros,9/Nov/25 11:50 AM,"9/Nov/25 12:10 PM;maxyjulio18@gmail.com;Hola, el requisito del memo para XRP aplica sin importar si el exchange destino es argentino o internacional, ya que es un requerimiento técnico de la red XRP en sí, no una particularidad de cada plataforma.","9/Nov/25 12:30 PM;qm:96e3bf0d-beea-4cd2-bca9-568ee30412d2:af30ed9d-7e74-4e4e-8304-5e91abcd1392;entendido, voy a asegurarme de ponerlo. gracias"
mi deposito de sol se acredito con una pequeña diferencia por comision de red de origen,"mande solana desde otra billetera y llego un poco menos de lo que envie, es normal esa diferencia minima en depositos de sol?",Low,Resolved,qm:96e3bf0d-beea-4cd2-bca9-568ee30412d2:9700668d-bb18-4ce6-a136-d0d4eac1741d,maximilianojavierjulio@gmail.com,Tokenia App,Service Request,Depósitos y retiros,31/Jan/26 1:10 PM,"31/Jan/26 1:30 PM;maximilianojavierjulio@gmail.com;Hola, sí, es normal, esa diferencia corresponde a la comisión de red que cobra la propia blockchain de Solana al momento de enviar la transacción desde tu billetera de origen, no un descuento de Tokenia.","31/Jan/26 1:50 PM;qm:96e3bf0d-beea-4cd2-bca9-568ee30412d2:9700668d-bb18-4ce6-a136-d0d4eac1741d;entendido, gracias por confirmar"
puedo retirar a una direccion de un exchange que recien conoci sin verificarla antes,"quiero probar un exchange nuevo, es seguro retirar directo sin hacer una prueba con un monto chico primero?",Medium,Resolved,qm:96e3bf0d-beea-4cd2-bca9-568ee30412d2:af30ed9d-7e74-4e4e-8304-5e91abcd1392,maxyjulio18@gmail.com,Tokenia Web,Service Request,Depósitos y retiros,25/Feb/26 2:40 PM,"25/Feb/26 3:00 PM;maxyjulio18@gmail.com;Hola, te recomendamos siempre hacer una prueba con un monto pequeño primero al enviar a una dirección nueva o de un servicio que no conocés bien, para confirmar que todo funcione correctamente antes de mover montos grandes.","25/Feb/26 3:20 PM;qm:96e3bf0d-beea-4cd2-bca9-568ee30412d2:af30ed9d-7e74-4e4e-8304-5e91abcd1392;buen consejo, voy a hacerlo asi. gracias"
mi retiro de eth quedo pendiente de mi aprobacion por mail y no encuentro ese correo,"el sistema me dice que el retiro necesita mi confirmacion por correo pero no encuentro ningun mail al respecto, ni en spam.",Medium,Resolved,qm:96e3bf0d-beea-4cd2-bca9-568ee30412d2:9700668d-bb18-4ce6-a136-d0d4eac1741d,maximilianojavierjulio@gmail.com,Tokenia App,Service Request,Depósitos y retiros,12/Jun/25 3:50 PM,"12/Jun/25 4:10 PM;maximilianojavierjulio@gmail.com;Hola, disculpá el inconveniente, vamos a reenviarte el correo de confirmación ahora mismo. Revisá también la carpeta de promociones, a veces los filtros de mail lo clasifican ahí.","12/Jun/25 4:30 PM;qm:96e3bf0d-beea-4cd2-bca9-568ee30412d2:9700668d-bb18-4ce6-a136-d0d4eac1741d;estaba en promociones, ya confirme. gracias"
quiero saber si tokenia tiene alguna app para tablets con diseño especifico,"ya me comentaron que la app de celular se ve distorsionada en tablet, tienen planeado sacar una version especifica para ese formato?",Low,Resolved,qm:96e3bf0d-beea-4cd2-bca9-568ee30412d2:af30ed9d-7e74-4e4e-8304-5e91abcd1392,maxi220julio@gmail.com,Tokenia Email,General request,Información y consultas generales,3/Jul/25 11:20 AM,"3/Jul/25 11:40 AM;maxi220julio@gmail.com;Hola, por el momento no tenemos planeado un diseño específico para tablets, pero como te comentamos antes, la versión web se adapta mejor a pantallas grandes.","3/Jul/25 12:00 PM;qm:96e3bf0d-beea-4cd2-bca9-568ee30412d2:af30ed9d-7e74-4e4e-8304-5e91abcd1392;entendido, gracias"
necesito saber si tokenia publica reportes de transparencia periodicos,"algunas empresas publican reportes de transparencia sobre reservas o auditorias, tokenia hace algo asi?",Medium,Resolved,qm:96e3bf0d-beea-4cd2-bca9-568ee30412d2:9700668d-bb18-4ce6-a136-d0d4eac1741d,maximilianojavierjulio@gmail.com,Tokenia Web,Service Request,Información y consultas generales,20/Oct/25 10:00 AM,"20/Oct/25 10:20 AM;maximilianojavierjulio@gmail.com;Hola, por el momento no publicamos reportes de transparencia periódicos de forma pública, pero cumplimos con las auditorías y controles requeridos por la regulación vigente en cada mercado donde operamos.","20/Oct/25 10:40 AM;qm:96e3bf0d-beea-4cd2-bca9-568ee30412d2:9700668d-bb18-4ce6-a136-d0d4eac1741d;entendido, gracias por la info"
quiero saber si puedo desactivar temporalmente mi participacion en el programa de referidos,"no quiero seguir recibiendo bonos ni participando del programa de referidos por un tiempo, se puede pausar sin afectar mi cuenta?",Low,Resolved,qm:96e3bf0d-beea-4cd2-bca9-568ee30412d2:af30ed9d-7e74-4e4e-8304-5e91abcd1392,maxyjulio18@gmail.com,Tokenia Email,General request,Información y consultas generales,8/Sep/25 1:50 PM,"8/Sep/25 2:10 PM;maxyjulio18@gmail.com;Hola, no es necesario desactivarlo, simplemente no compartas tu código y nadie más se registrará con él. No afecta el uso normal de tu cuenta si no lo usás.","8/Sep/25 2:30 PM;qm:96e3bf0d-beea-4cd2-bca9-568ee30412d2:af30ed9d-7e74-4e4e-8304-5e91abcd1392;entendido, gracias por la aclaracion"
como puedo saber si hay alguna interrupcion del servicio en este momento,queria saber si hay algun estado del sistema en vivo que muestre si tokenia esta funcionando bien o hay algun problema activo.,Low,Resolved,qm:96e3bf0d-beea-4cd2-bca9-568ee30412d2:9700668d-bb18-4ce6-a136-d0d4eac1741d,maximilianojavierjulio@gmail.com,Tokenia Web,Service Request,Información y consultas generales,26/Nov/25 9:10 AM,"26/Nov/25 9:30 AM;maximilianojavierjulio@gmail.com;Hola, podés seguir @tokenia_status en Twitter, donde publicamos actualizaciones en tiempo real sobre el estado de la plataforma y cualquier interrupción del servicio.","26/Nov/25 9:50 AM;qm:96e3bf0d-beea-4cd2-bca9-568ee30412d2:9700668d-bb18-4ce6-a136-d0d4eac1741d;genial, ya la sigo. gracias"
quiero saber si tokenia participa activamente en foros de discusion de la industria cripto,me interesa saber si el equipo de tokenia participa en debates publicos sobre regulacion cripto en argentina.,Low,Resolved,qm:96e3bf0d-beea-4cd2-bca9-568ee30412d2:af30ed9d-7e74-4e4e-8304-5e91abcd1392,maxyjulio18@gmail.com,Tokenia Email,General request,Información y consultas generales,14/Mar/26 3:00 PM,"14/Mar/26 3:20 PM;maxyjulio18@gmail.com;Hola, no compartimos detalle público de nuestra participación institucional en foros específicos. Cualquier postura oficial la comunicamos a través de nuestros canales verificados.","14/Mar/26 3:40 PM;qm:96e3bf0d-beea-4cd2-bca9-568ee30412d2:af30ed9d-7e74-4e4e-8304-5e91abcd1392;entendido, gracias por la respuesta"
necesito saber si puedo usar tokenia para hacer donaciones a organizaciones sin fines de lucro,"quiero donar cripto a una ong, se puede hacer eso via transferencia interna si la ong tiene cuenta en tokenia?",Low,Resolved,qm:96e3bf0d-beea-4cd2-bca9-568ee30412d2:9700668d-bb18-4ce6-a136-d0d4eac1741d,maximilianojavierjulio@gmail.com,Tokenia App,Service Request,Información y consultas generales,7/Aug/25 12:20 PM,"7/Aug/25 12:40 PM;maximilianojavierjulio@gmail.com;Hola, sí, si la organización tiene una cuenta de Tokenia, podés transferirle cripto directamente usando su nombre de usuario, sin comisión adicional, igual que cualquier transferencia entre usuarios.","7/Aug/25 1:00 PM;qm:96e3bf0d-beea-4cd2-bca9-568ee30412d2:9700668d-bb18-4ce6-a136-d0d4eac1741d;perfecto, gracias por confirmar"
quiero saber si tokenia tiene algun mecanismo de resolucion de disputas entre usuarios,"si dos usuarios de tokenia tienen un conflicto por una transferencia, tokenia interviene de alguna forma en ese tipo de disputas?",Medium,Resolved,qm:96e3bf0d-beea-4cd2-bca9-568ee30412d2:af30ed9d-7e74-4e4e-8304-5e91abcd1392,maxyjulio18@gmail.com,Tokenia Email,General request,Información y consultas generales,23/Jun/25 10:40 AM,"23/Jun/25 11:00 AM;maxyjulio18@gmail.com;Hola, las transferencias entre usuarios son irreversibles una vez confirmadas, similar a cualquier transacción cripto. Por eso recomendamos siempre confirmar los datos antes de transferir. No intervenimos en disputas por errores del usuario, pero sí ante casos de fraude comprobado.","23/Jun/25 11:20 AM;qm:96e3bf0d-beea-4cd2-bca9-568ee30412d2:af30ed9d-7e74-4e4e-8304-5e91abcd1392;entendido, voy a tener mas cuidado entonces"
como se si tokenia esta cumpliendo con la ley de proteccion de datos personales,"por confianza, queria saber si tokenia cumple con la ley argentina de proteccion de datos personales.",Low,Resolved,qm:96e3bf0d-beea-4cd2-bca9-568ee30412d2:9700668d-bb18-4ce6-a136-d0d4eac1741d,maximilianojavierjulio@gmail.com,Tokenia Web,Service Request,Información y consultas generales,11/Dec/25 2:00 PM,"11/Dec/25 2:20 PM;maximilianojavierjulio@gmail.com;Hola, sí, cumplimos con la Ley de Protección de Datos Personales vigente en Argentina. Podés encontrar el detalle completo en nuestra Política de Privacidad publicada en el sitio.","11/Dec/25 2:40 PM;qm:96e3bf0d-beea-4cd2-bca9-568ee30412d2:9700668d-bb18-4ce6-a136-d0d4eac1741d;gracias, la voy a revisar"
quiero saber si tokenia tiene alguna limitacion para usuarios que trabajan en el sector financiero,"trabajo en un banco, tokenia tiene alguna restriccion especial o requisito adicional para personas que trabajan en el sector financiero?",Medium,Resolved,qm:96e3bf0d-beea-4cd2-bca9-568ee30412d2:af30ed9d-7e74-4e4e-8304-5e91abcd1392,maxyjulio18@gmail.com,Tokenia Email,General request,Información y consultas generales,19/Sep/25 9:30 AM,"19/Sep/25 9:50 AM;maxyjulio18@gmail.com;Hola, no tenemos restricciones generales para personas que trabajan en el sector financiero, aunque podríamos solicitar información adicional en el proceso de verificación según nuestras políticas de cumplimiento normativo.","19/Sep/25 10:10 AM;qm:96e3bf0d-beea-4cd2-bca9-568ee30412d2:af30ed9d-7e74-4e4e-8304-5e91abcd1392;entendido, gracias por la info"
necesito saber si tokenia ofrece algun tipo de seguro contra hackeos individuales de cuenta,"si alguien logra hackear mi cuenta a pesar de mis medidas de seguridad, tokenia tiene algun seguro que cubra esa perdida?",High,Resolved,qm:96e3bf0d-beea-4cd2-bca9-568ee30412d2:9700668d-bb18-4ce6-a136-d0d4eac1741d,maximilianojavierjulio@gmail.com,Tokenia Web,Service Request,Información y consultas generales,4/Feb/26 4:20 PM,"4/Feb/26 4:40 PM;maximilianojavierjulio@gmail.com;Hola, no contamos con un seguro individual contra hackeos de cuenta por negligencia del usuario. Por eso insistimos tanto en la importancia de activar el 2FA y proteger bien tus credenciales. Casos de fraude comprobado en nuestra plataforma se investigan caso por caso.","4/Feb/26 5:00 PM;qm:96e3bf0d-beea-4cd2-bca9-568ee30412d2:af30ed9d-7e74-4e4e-8304-5e91abcd1392;entendido, voy a reforzar mi seguridad entonces"
puedo ver el detalle de comisiones bancarias antes de que mi banco las aplique a un deposito,"antes de transferir a tokenia quiero saber si mi banco especifico cobra algo por ese tipo de transferencia, tokenia tiene esa info?",Low,Resolved,qm:96e3bf0d-beea-4cd2-bca9-568ee30412d2:9700668d-bb18-4ce6-a136-d0d4eac1741d,maxi220julio@gmail.com,Tokenia Email,General request,Operaciones de compra/venta fiat,8/Jun/25 10:20 AM,"8/Jun/25 10:40 AM;maxi220julio@gmail.com;Hola, no tenemos visibilidad de los costos específicos que cada banco pueda cobrar por sus transferencias, ya que depende de la política de cada entidad. Te recomendamos consultar directamente con tu banco.","8/Jun/25 11:00 AM;qm:96e3bf0d-beea-4cd2-bca9-568ee30412d2:9700668d-bb18-4ce6-a136-d0d4eac1741d;entendido, voy a consultarlo con ellos. gracias"
mi retiro en pesos fue procesado dos veces por error,"pedi un retiro y por algun motivo se proceso dos veces, descontandome el doble de mi saldo. necesito que revisen esto urgente.",Highest,Escalated,qm:96e3bf0d-beea-4cd2-bca9-568ee30412d2:af30ed9d-7e74-4e4e-8304-5e91abcd1392,maximilianojavierjulio@gmail.com,Tokenia App,Service Request,Operaciones de compra/venta fiat,17/Oct/25 12:40 PM,"17/Oct/25 12:55 PM;maximilianojavierjulio@gmail.com;Hola, lamentamos mucho el inconveniente. Vamos a escalar tu caso de inmediato con carácter urgente al equipo de operaciones para verificar el duplicado y revertir el monto correspondiente.",
quiero saber si puedo depositar pesos usando una billetera virtual distinta a mercado pago,"ademas de mercado pago, tokenia acepta transferencias desde otras billeteras virtuales como cuenta dni o personal pay?",Low,Resolved,qm:96e3bf0d-beea-4cd2-bca9-568ee30412d2:9700668d-bb18-4ce6-a136-d0d4eac1741d,maxyjulio18@gmail.com,Tokenia Web,Service Request,Operaciones de compra/venta fiat,3/Sep/25 2:10 PM,"3/Sep/25 2:30 PM;maxyjulio18@gmail.com;Hola, sí, aceptamos transferencias desde cualquier billetera virtual que tenga CBU o CVU a tu nombre, incluidas Cuenta DNI, Personal Pay u otras similares.","3/Sep/25 2:50 PM;qm:96e3bf0d-beea-4cd2-bca9-568ee30412d2:9700668d-bb18-4ce6-a136-d0d4eac1741d;genial, gracias por confirmar"
mi cuenta bancaria fue eliminada del sistema sin que yo la borrara,"tenia cargada mi cuenta bancaria para retiros y de repente desaparecio de mi perfil, tuve que volver a cargarla desde cero.",Medium,Resolved,qm:96e3bf0d-beea-4cd2-bca9-568ee30412d2:af30ed9d-7e74-4e4e-8304-5e91abcd1392,maximilianojavierjulio@gmail.com,Tokenia Email,General request,Operaciones de compra/venta fiat,26/Nov/25 11:20 AM,"26/Nov/25 11:40 AM;maximilianojavierjulio@gmail.com;Hola, gracias por avisarnos, no debería eliminarse automáticamente. Vamos a revisar tu cuenta para entender qué pudo haber causado esa eliminación y evitar que vuelva a pasar.",26/Nov/25 12:00 PM;qm:96e3bf0d-beea-4cd2-bca9-568ee30412d2:af30ed9d-7e74-4e4e-8304-5e91abcd1392;gracias por revisarlo
quiero saber si el limite de deposito en pesos es distinto para transferencias desde el exterior,"voy a recibir una transferencia en pesos desde una cuenta bancaria argentina pero yo estoy fisicamente en el exterior, aplica algun limite distinto?",Medium,Resolved,qm:96e3bf0d-beea-4cd2-bca9-568ee30412d2:9700668d-bb18-4ce6-a136-d0d4eac1741d,maxyjulio18@gmail.com,Tokenia Email,General request,Operaciones de compra/venta fiat,9/Jan/26 9:50 AM,"9/Jan/26 10:10 AM;maxyjulio18@gmail.com;Hola, el límite se basa en que la cuenta de origen sea argentina y a tu nombre, no en tu ubicación física al momento de la transferencia. No debería haber diferencia en ese caso.","9/Jan/26 10:30 AM;qm:96e3bf0d-beea-4cd2-bca9-568ee30412d2:9700668d-bb18-4ce6-a136-d0d4eac1741d;entendido, gracias por confirmar"
puedo saber si mi retiro en pesos fue enviado por transferencia inmediata o comun de parte de tokenia,"cuando tokenia procesa mi retiro hacia mi banco, usan transferencia inmediata o la comun que tarda mas?",Low,Resolved,qm:96e3bf0d-beea-4cd2-bca9-568ee30412d2:af30ed9d-7e74-4e4e-8304-5e91abcd1392,maximilianojavierjulio@gmail.com,Tokenia App,Service Request,Operaciones de compra/venta fiat,20/Jul/25 1:00 PM,"20/Jul/25 1:20 PM;maximilianojavierjulio@gmail.com;Hola, procesamos los retiros mediante transferencia inmediata siempre que sea posible, para que llegue lo más rápido posible a tu cuenta bancaria.","20/Jul/25 1:40 PM;qm:96e3bf0d-beea-4cd2-bca9-568ee30412d2:af30ed9d-7e74-4e4e-8304-5e91abcd1392;perfecto, gracias por confirmar"
mi retiro de dolares a una cuenta en estados unidos tardo mas de una semana,"solicite un retiro en usd a mi cuenta bancaria en estados unidos y ya paso mas de una semana sin acreditarse, es normal esa demora internacional?",High,Escalated,qm:96e3bf0d-beea-4cd2-bca9-568ee30412d2:9700668d-bb18-4ce6-a136-d0d4eac1741d,maxyjulio18@gmail.com,Tokenia Web,Service Request,Operaciones de compra/venta fiat,14/Aug/25 3:30 PM,"14/Aug/25 3:50 PM;maxyjulio18@gmail.com;Hola, los retiros internacionales pueden demorar más que los locales por procesos de compensación bancaria entre países, pero una semana excede lo esperado. Vamos a escalar tu caso al equipo de operaciones para investigar el estado exacto de la transferencia.",
quiero saber si puedo depositar pesos usando una tarjeta prepaga recargable,"tengo una tarjeta prepaga que puedo recargar, se puede usar para transferir a tokenia de alguna forma?",Low,Resolved,qm:96e3bf0d-beea-4cd2-bca9-568ee30412d2:af30ed9d-7e74-4e4e-8304-5e91abcd1392,maximilianojavierjulio@gmail.com,Tokenia Email,General request,Operaciones de compra/venta fiat,5/Mar/26 11:40 AM,"5/Mar/26 12:00 PM;maximilianojavierjulio@gmail.com;Hola, si tu tarjeta prepaga tiene un CVU asociado a tu nombre, podés hacer una transferencia normal desde ahí. Si es solo una tarjeta física sin cuenta virtual asociada, no sería posible depositar directamente.","5/Mar/26 12:20 PM;qm:96e3bf0d-beea-4cd2-bca9-568ee30412d2:af30ed9d-7e74-4e4e-8304-5e91abcd1392;tiene cvu, voy a intentarlo entonces. gracias"
mi deposito en pesos aparece acreditado pero con una demora en actualizar mi saldo disponible,"la transferencia ya figura como recibida pero mi saldo disponible para operar no se actualizo todavia, cuanto puede tardar esa sincronizacion?",Medium,Resolved,qm:96e3bf0d-beea-4cd2-bca9-568ee30412d2:9700668d-bb18-4ce6-a136-d0d4eac1741d,maxyjulio18@gmail.com,Tokenia App,Service Request,Operaciones de compra/venta fiat,28/Feb/26 4:20 PM,"28/Feb/26 4:40 PM;maxyjulio18@gmail.com;Hola, la actualización del saldo debería ser prácticamente inmediata tras la acreditación. Probá cerrar sesión y volver a entrar para forzar la sincronización, o refrescar la pantalla principal deslizando hacia abajo.","28/Feb/26 5:00 PM;qm:96e3bf0d-beea-4cd2-bca9-568ee30412d2:9700668d-bb18-4ce6-a136-d0d4eac1741d;refrescando se actualizo, gracias"
quiero saber si puedo recibir el pago de un freelance a traves de tokenia en dolares,"trabajo como freelance para clientes del exterior, se puede usar tokenia como intermediario para recibir esos pagos en dolares?",Medium,Resolved,qm:96e3bf0d-beea-4cd2-bca9-568ee30412d2:af30ed9d-7e74-4e4e-8304-5e91abcd1392,maximilianojavierjulio@gmail.com,Tokenia Email,General request,Operaciones de compra/venta fiat,12/May/25 10:10 AM,"12/May/25 10:30 AM;maximilianojavierjulio@gmail.com;Hola, Tokenia no está pensado como plataforma de facturación o cobro de servicios freelance, sino para compra, venta y resguardo de criptomonedas. Para ese uso específico te recomendamos evaluar plataformas especializadas en pagos internacionales.","12/May/25 10:50 AM;qm:96e3bf0d-beea-4cd2-bca9-568ee30412d2:af30ed9d-7e74-4e4e-8304-5e91abcd1392;entendido, gracias por la orientacion"
puedo ver el historico completo de direcciones que use para depositar en el ultimo año,"quiero un listado de todas las direcciones distintas que use para recibir cripto en tokenia durante el ultimo año, para mi propio registro.",Low,Resolved,qm:96e3bf0d-beea-4cd2-bca9-568ee30412d2:9700668d-bb18-4ce6-a136-d0d4eac1741d,maxi220julio@gmail.com,Tokenia Email,General request,Billetera y direcciones,19/Jun/25 1:30 PM,"19/Jun/25 1:50 PM;maxi220julio@gmail.com;Hola, por el momento no contamos con un listado exportable de direcciones históricas, pero cada depósito individual sí queda registrado con su dirección correspondiente en el historial de Actividad.","19/Jun/25 2:10 PM;qm:96e3bf0d-beea-4cd2-bca9-568ee30412d2:9700668d-bb18-4ce6-a136-d0d4eac1741d;entendido, gracias por la aclaracion"
quiero saber si la billetera de tokenia soporta tokens erc20 personalizados poco conocidos,"tengo un token erc20 de un proyecto chico y poco conocido, tokenia podria recibirlo aunque no lo tengan listado oficialmente?",Medium,Resolved,qm:96e3bf0d-beea-4cd2-bca9-568ee30412d2:af30ed9d-7e74-4e4e-8304-5e91abcd1392,maximilianojavierjulio@gmail.com,Tokenia Web,Service Request,Billetera y direcciones,7/Oct/25 3:00 PM,"7/Oct/25 3:20 PM;maximilianojavierjulio@gmail.com;Hola, solo podemos reconocer y acreditar las criptomonedas y tokens que están oficialmente listados en nuestra plataforma. Si envías un token no soportado, es posible que no se pueda visualizar ni recuperar correctamente.","7/Oct/25 3:40 PM;qm:96e3bf0d-beea-4cd2-bca9-568ee30412d2:af30ed9d-7e74-4e4e-8304-5e91abcd1392;entendido, mejor no lo mando entonces. gracias"
mi billetera de eth muestra dos saldos separados sin explicacion clara,"veo dos entradas distintas de ethereum en mi billetera con montos diferentes, en vez de una sola sumada. por que aparece asi?",Medium,Resolved,qm:96e3bf0d-beea-4cd2-bca9-568ee30412d2:9700668d-bb18-4ce6-a136-d0d4eac1741d,maxyjulio18@gmail.com,Tokenia App,Service Request,Billetera y direcciones,15/Dec/25 2:10 PM,"15/Dec/25 2:30 PM;maxyjulio18@gmail.com;Hola, gracias por avisarnos, no debería mostrarse dividido de esa forma. Vamos a revisar tu cuenta para confirmar que el saldo total esté correctamente consolidado y corregir la visualización si corresponde.",15/Dec/25 2:50 PM;qm:96e3bf0d-beea-4cd2-bca9-568ee30412d2:9700668d-bb18-4ce6-a136-d0d4eac1741d;gracias por revisarlo
puedo ver el valor de mi portfolio en tiempo real mientras el mercado esta cerrado,"el mercado cripto opera 24 horas, entonces siempre puedo ver mi portfolio actualizado sin excepcion, o hay algun horario de mantenimiento donde no se actualiza?",Low,Resolved,qm:96e3bf0d-beea-4cd2-bca9-568ee30412d2:af30ed9d-7e74-4e4e-8304-5e91abcd1392,maximilianojavierjulio@gmail.com,Tokenia Web,Service Request,Billetera y direcciones,2/Apr/26 11:20 AM,"2/Abr/26 11:40 AM;maximilianojavierjulio@gmail.com;Hola, sí, el mercado cripto opera las 24 horas los 7 días, así que tu portfolio se actualiza constantemente, salvo durante algún mantenimiento programado puntual que anunciamos previamente.","2/Abr/26 12:00 PM;qm:96e3bf0d-beea-4cd2-bca9-568ee30412d2:af30ed9d-7e74-4e4e-8304-5e91abcd1392;entendido, gracias por confirmar"
quiero saber si tokenia guarda un backup de mis direcciones si desinstalo la app,"voy a desinstalar tokenia por un tiempo y reinstalarla despues, mis direcciones y saldo se mantienen igual al volver a instalar?",Low,Resolved,qm:96e3bf0d-beea-4cd2-bca9-568ee30412d2:9700668d-bb18-4ce6-a136-d0d4eac1741d,maxyjulio18@gmail.com,Tokenia Email,General request,Billetera y direcciones,23/Aug/25 10:50 AM,"23/Aug/25 11:10 AM;maxyjulio18@gmail.com;Hola, sí, todos tus datos, saldo y direcciones están asociados a tu cuenta en nuestros servidores, no al dispositivo. Podés desinstalar y reinstalar la app cuando quieras sin perder nada, solo tenés que volver a iniciar sesión.","23/Aug/25 11:30 AM;qm:96e3bf0d-beea-4cd2-bca9-568ee30412d2:9700668d-bb18-4ce6-a136-d0d4eac1741d;perfecto, gracias por confirmar"
mi direccion de deposito de btc dejo de funcionar despues de un tiempo sin usarla,tenia una direccion guardada de hace meses y ahora cuando intento usarla de nuevo la app dice que ya no es valida. es normal que expiren?,Medium,Escalated,qm:96e3bf0d-beea-4cd2-bca9-568ee30412d2:af30ed9d-7e74-4e4e-8304-5e91abcd1392,maximilianojavierjulio@gmail.com,Tokenia App,Service Request,Billetera y direcciones,11/Nov/25 4:40 PM,"11/Nov/25 5:00 PM;maximilianojavierjulio@gmail.com;Hola, como te comentamos antes, las direcciones no deberían expirar. Este comportamiento no es lo esperado, vamos a escalar tu caso al equipo técnico para revisar qué está pasando con esa dirección específica.",
puedo generar una direccion de deposito distinta para cada operacion o siempre es la misma,"para llevar mejor registro, me gustaria tener una direccion nueva cada vez que voy a recibir fondos, se puede generar tantas como quiera?",Low,Resolved,qm:96e3bf0d-beea-4cd2-bca9-568ee30412d2:9700668d-bb18-4ce6-a136-d0d4eac1741d,maxyjulio18@gmail.com,Tokenia Web,Service Request,Billetera y direcciones,6/Jul/25 2:00 PM,"6/Jul/25 2:20 PM;maxyjulio18@gmail.com;Hola, podés generar una nueva dirección cuando quieras desde la sección Recibir, aunque eso reemplaza la dirección activa visible, la anterior sigue funcionando también, como comentamos antes.","6/Jul/25 2:40 PM;qm:96e3bf0d-beea-4cd2-bca9-568ee30412d2:9700668d-bb18-4ce6-a136-d0d4eac1741d;entendido, gracias por la aclaracion"
quiero saber si puedo ver el precio promedio ponderado de mis compras de una cripto,"hice varias compras de btc a distintos precios, se puede ver el precio promedio ponderado de todas esas compras juntas?",Low,Resolved,qm:96e3bf0d-beea-4cd2-bca9-568ee30412d2:af30ed9d-7e74-4e4e-8304-5e91abcd1392,maximilianojavierjulio@gmail.com,Tokenia App,Service Request,Operaciones de compra/venta crypto,14/Jun/25 3:20 PM,"14/Jun/25 3:40 PM;maximilianojavierjulio@gmail.com;Hola, sí, en la sección Portfolio, al tocar tu saldo de BTC vas a ver el precio promedio de compra calculado sobre todas tus operaciones de esa criptomoneda.","14/Jun/25 4:00 PM;qm:96e3bf0d-beea-4cd2-bca9-568ee30412d2:af30ed9d-7e74-4e4e-8304-5e91abcd1392;genial, ya lo vi. gracias"
mi orden limite de venta no se ejecuto aunque el precio llego exactamente al valor que puse,puse vender a un precio especifico y el mercado llego exactamente a ese valor pero mi orden no se ejecuto. por que puede pasar eso?,High,Escalated,qm:96e3bf0d-beea-4cd2-bca9-568ee30412d2:9700668d-bb18-4ce6-a136-d0d4eac1741d,maxyjulio18@gmail.com,Tokenia Web,Service Request,Operaciones de compra/venta crypto,27/Sep/25 2:00 PM,"27/Sep/25 2:20 PM;maxyjulio18@gmail.com;Hola, esto amerita revisión técnica ya que una orden límite debería ejecutarse al alcanzar el precio configurado. Vamos a escalar tu caso para verificar el detalle exacto de tu orden y por qué no se activó.",
puedo cancelar solo una parte de una orden que se ejecuto parcialmente,"mi orden se ejecuto parcialmente y quedo una parte pendiente, puedo cancelar solo esa parte pendiente sin afectar lo que ya se compro?",Low,Resolved,qm:96e3bf0d-beea-4cd2-bca9-568ee30412d2:af30ed9d-7e74-4e4e-8304-5e91abcd1392,maximilianojavierjulio@gmail.com,Tokenia App,Service Request,Operaciones de compra/venta crypto,9/Oct/25 1:40 PM,"9/Oct/25 2:00 PM;maximilianojavierjulio@gmail.com;Hola, sí, podés cancelar únicamente la parte pendiente de una orden parcialmente ejecutada desde la sección de órdenes activas, sin afectar la parte que ya se completó.","9/Oct/25 2:20 PM;qm:96e3bf0d-beea-4cd2-bca9-568ee30412d2:af30ed9d-7e74-4e4e-8304-5e91abcd1392;perfecto, gracias por confirmar"
quiero saber si los precios de tokenia coinciden exactamente con los de otros exchanges grandes,el precio de btc en tokenia deberia ser identico al de binance o hay diferencias normales entre plataformas?,Low,Resolved,qm:96e3bf0d-beea-4cd2-bca9-568ee30412d2:9700668d-bb18-4ce6-a136-d0d4eac1741d,maxyjulio18@gmail.com,Tokenia Email,General request,Operaciones de compra/venta crypto,16/Feb/26 11:10 AM,"16/Feb/26 11:30 AM;maxyjulio18@gmail.com;Hola, es normal que existan pequeñas diferencias de precio entre distintos exchanges, ya que cada plataforma tiene su propia liquidez y condiciones de mercado en tiempo real.","16/Feb/26 11:50 AM;qm:96e3bf0d-beea-4cd2-bca9-568ee30412d2:9700668d-bb18-4ce6-a136-d0d4eac1741d;entendido, gracias por la aclaracion"
puedo saber si mi orden de compra se ejecuto al mejor precio disponible en ese momento,quiero saber si tokenia busca la mejor cotizacion disponible para ejecutar mi orden o simplemente toma el precio interno propio.,Medium,Resolved,qm:96e3bf0d-beea-4cd2-bca9-568ee30412d2:af30ed9d-7e74-4e4e-8304-5e91abcd1392,maximilianojavierjulio@gmail.com,Tokenia Web,Service Request,Operaciones de compra/venta crypto,3/Dec/25 4:00 PM,"3/Dec/25 4:20 PM;maximilianojavierjulio@gmail.com;Hola, las órdenes se ejecutan según el precio de mercado de referencia que maneja nuestra plataforma en ese momento, considerando la liquidez disponible.","3/Dec/25 4:40 PM;qm:96e3bf0d-beea-4cd2-bca9-568ee30412d2:af30ed9d-7e74-4e4e-8304-5e91abcd1392;entendido, gracias por la explicacion"
quiero saber si puedo comprar cripto usando un limite de tiempo antes de que cambie el precio,"me gustaria bloquear un precio por unos segundos antes de confirmar, para asegurarme que no cambie mientras decido. existe eso?",Low,Resolved,qm:96e3bf0d-beea-4cd2-bca9-568ee30412d2:9700668d-bb18-4ce6-a136-d0d4eac1741d,maxyjulio18@gmail.com,Tokenia App,Service Request,Operaciones de compra/venta crypto,21/Jul/25 12:50 PM,"21/Jul/25 1:10 PM;maxyjulio18@gmail.com;Hola, como te comentamos antes, el precio se congela por unos segundos mientras confirmás la operación de compra o venta, dándote ese margen breve para decidir antes de que se actualice.","21/Jul/25 1:30 PM;qm:96e3bf0d-beea-4cd2-bca9-568ee30412d2:9700668d-bb18-4ce6-a136-d0d4eac1741d;ah perfecto, ya existe entonces. gracias"
"mi historial de operaciones no muestra el precio unitario, solo el total pagado","en el detalle de mis compras solo veo el monto total que pague, no el precio unitario por unidad de cripto en ese momento. se puede ver eso?",Low,Resolved,qm:96e3bf0d-beea-4cd2-bca9-568ee30412d2:af30ed9d-7e74-4e4e-8304-5e91abcd1392,maximilianojavierjulio@gmail.com,Tokenia Web,Service Request,Operaciones de compra/venta crypto,29/Mar/26 2:20 PM,"29/Mar/26 2:40 PM;maximilianojavierjulio@gmail.com;Hola, sí, el precio unitario al que se ejecutó la operación también figura en el detalle completo de cada transacción dentro de Actividad, junto al monto total.","29/Mar/26 3:00 PM;qm:96e3bf0d-beea-4cd2-bca9-568ee30412d2:af30ed9d-7e74-4e4e-8304-5e91abcd1392;ahi lo encontre, gracias"
la app no me permite escribir numeros negativos ni positivos con signo en el campo de busqueda,"cuando busco un ticker de cripto que tiene numeros como parte del nombre, la app no me deja escribirlos bien, se borra solo.",Low,Resolved,qm:96e3bf0d-beea-4cd2-bca9-568ee30412d2:9700668d-bb18-4ce6-a136-d0d4eac1741d,maxi220julio@gmail.com,Tokenia App,Service Request,Problemas técnicos de la app/web,12/May/25 3:00 PM,"12/May/25 3:20 PM;maxi220julio@gmail.com;Hola, gracias por reportarlo, vamos a revisar ese comportamiento en el campo de búsqueda con nuestro equipo técnico. Mientras tanto, probá buscar solo con las letras del nombre de la cripto en vez de números.","12/May/25 3:40 PM;qm:96e3bf0d-beea-4cd2-bca9-568ee30412d2:9700668d-bb18-4ce6-a136-d0d4eac1741d;con las letras encontre lo que buscaba, gracias"
la app me muestra un error 404 al intentar acceder a la seccion de ayuda,quiero entrar al centro de ayuda dentro de la app pero me tira un error 404 de pagina no encontrada.,Medium,Resolved,qm:96e3bf0d-beea-4cd2-bca9-568ee30412d2:af30ed9d-7e74-4e4e-8304-5e91abcd1392,maximilianojavierjulio@gmail.com,Tokenia App,Service Request,Problemas técnicos de la app/web,24/Oct/25 11:50 AM,"24/Oct/25 12:10 PM;maximilianojavierjulio@gmail.com;Hola, gracias por avisarnos, ya identificamos el error en esa sección y lo derivamos a nuestro equipo técnico. Mientras se corrige, podés acceder al centro de ayuda desde tokenia.com/ayuda en tu navegador.","24/Oct/25 12:30 PM;qm:96e3bf0d-beea-4cd2-bca9-568ee30412d2:af30ed9d-7e74-4e4e-8304-5e91abcd1392;desde la web funciono bien, gracias"
la app consume mas datos moviles despues de la ultima actualizacion,note que desde que actualice tokenia consume bastante mas datos que antes para lo mismo que hacia siempre. es normal ese aumento?,Low,Resolved,qm:96e3bf0d-beea-4cd2-bca9-568ee30412d2:9700668d-bb18-4ce6-a136-d0d4eac1741d,maxyjulio18@gmail.com,Tokenia App,Service Request,Problemas técnicos de la app/web,8/Sep/25 4:40 PM,"8/Sep/25 5:00 PM;maxyjulio18@gmail.com;Hola, gracias por avisarnos, vamos a revisar el consumo de datos con la última actualización para confirmar si hubo algún cambio inesperado. Como alternativa, podés operar desde el navegador si preferís reducir el consumo mientras tanto.","8/Sep/25 5:20 PM;qm:96e3bf0d-beea-4cd2-bca9-568ee30412d2:9700668d-bb18-4ce6-a136-d0d4eac1741d;entendido, gracias por revisarlo"
no puedo ordenar la lista de criptomonedas por diferentes criterios,"quiero ordenar la lista de mercados por mayor variacion del dia o por volumen, pero no encuentro esa opcion de ordenamiento en la app.",Low,Resolved,qm:96e3bf0d-beea-4cd2-bca9-568ee30412d2:af30ed9d-7e74-4e4e-8304-5e91abcd1392,maximilianojavierjulio@gmail.com,Tokenia Web,Service Request,Problemas técnicos de la app/web,19/Jan/26 1:10 PM,"19/Jan/26 1:30 PM;maximilianojavierjulio@gmail.com;Hola, por el momento la lista de mercados se muestra en orden alfabético o por capitalización, no contamos con la opción de ordenar por variación o volumen. Tomamos en cuenta tu sugerencia.","19/Jan/26 1:50 PM;qm:96e3bf0d-beea-4cd2-bca9-568ee30412d2:af30ed9d-7e74-4e4e-8304-5e91abcd1392;entendido, gracias igual"
la app tarda mucho en sincronizar despues de estar sin internet un rato,"cuando pierdo la señal de internet por un rato y despues vuelve, la app tarda bastante en sincronizarse de nuevo con los datos actuales.",Medium,Resolved,qm:96e3bf0d-beea-4cd2-bca9-568ee30412d2:9700668d-bb18-4ce6-a136-d0d4eac1741d,maxyjulio18@gmail.com,Tokenia App,Service Request,Problemas técnicos de la app/web,6/Nov/25 3:20 PM,"6/Nov/25 3:40 PM;maxyjulio18@gmail.com;Hola, gracias por reportarlo, vamos a evaluar mejorar los tiempos de resincronización tras la pérdida de conexión. Mientras tanto, cerrar y reabrir la app suele forzar una sincronización más rápida.","6/Nov/25 4:00 PM;qm:96e3bf0d-beea-4cd2-bca9-568ee30412d2:9700668d-bb18-4ce6-a136-d0d4eac1741d;cerrando y abriendo anda mejor, gracias"
la app no respeta la configuracion de no molestar de mi celular,tengo activado el modo no molestar en mi celular pero igual me llegan notificaciones de tokenia con sonido. es un error de la app?,Low,Resolved,qm:96e3bf0d-beea-4cd2-bca9-568ee30412d2:af30ed9d-7e74-4e4e-8304-5e91abcd1392,maximilianojavierjulio@gmail.com,Tokenia App,Service Request,Problemas técnicos de la app/web,13/Mar/26 10:20 AM,"13/Mar/26 10:40 AM;maximilianojavierjulio@gmail.com;Hola, gracias por avisarnos, vamos a revisar la configuración de notificaciones respecto al modo no molestar de los sistemas operativos. Mientras tanto, podés desactivar las notificaciones con sonido específicamente desde los ajustes de tu celular para la app.","13/Mar/26 11:00 AM;qm:96e3bf0d-beea-4cd2-bca9-568ee30412d2:af30ed9d-7e74-4e4e-8304-5e91abcd1392;lo desactive desde el celu, gracias"
"la app me pide permisos de camara cada vez que quiero escanear un qr, sin recordar el permiso ya otorgado","cada vez que voy a escanear un codigo qr, la app me pide permiso de camara de nuevo, aunque ya lo di la primera vez.",Medium,Resolved,qm:96e3bf0d-beea-4cd2-bca9-568ee30412d2:9700668d-bb18-4ce6-a136-d0d4eac1741d,maxyjulio18@gmail.com,Tokenia App,Service Request,Problemas técnicos de la app/web,22/Aug/25 2:00 PM,"22/Aug/25 2:20 PM;maxyjulio18@gmail.com;Hola, gracias por reportarlo, no debería pedir el permiso repetidamente una vez otorgado. Vamos a derivarlo a nuestro equipo técnico para revisar ese comportamiento en tu tipo de dispositivo.",22/Aug/25 2:40 PM;qm:96e3bf0d-beea-4cd2-bca9-568ee30412d2:9700668d-bb18-4ce6-a136-d0d4eac1741d;gracias por tomarlo en cuenta
la app se ve distinta en mi celular respecto a las capturas que veo en internet,"vi capturas de la app de tokenia en internet y el diseño se ve distinto al que tengo yo instalado, tengo una version vieja sin darme cuenta?",Low,Resolved,qm:96e3bf0d-beea-4cd2-bca9-568ee30412d2:af30ed9d-7e74-4e4e-8304-5e91abcd1392,maximilianojavierjulio@gmail.com,Tokenia Email,General request,Problemas técnicos de la app/web,15/Jun/25 11:30 AM,"15/Jun/25 11:50 AM;maximilianojavierjulio@gmail.com;Hola, es probable que tengas una versión desactualizada. Te recomendamos ir a la tienda de aplicaciones y verificar si hay una actualización pendiente para tener la última versión con el diseño más reciente.","15/Jun/25 12:10 PM;qm:96e3bf0d-beea-4cd2-bca9-568ee30412d2:af30ed9d-7e74-4e4e-8304-5e91abcd1392;tenia una actualizacion pendiente, ya la instale. gracias"
el boton de retroceder del celular cierra la app en vez de volver a la pantalla anterior,"cuando toco el boton de retroceder de mi celular android estando en tokenia, se cierra la app completa en vez de volver a la pantalla de antes.",Medium,Resolved,qm:96e3bf0d-beea-4cd2-bca9-568ee30412d2:9700668d-bb18-4ce6-a136-d0d4eac1741d,maxyjulio18@gmail.com,Tokenia App,Service Request,Problemas técnicos de la app/web,1/Feb/26 4:10 PM,"1/Feb/26 4:30 PM;maxyjulio18@gmail.com;Hola, gracias por avisarnos, ese comportamiento no debería ocurrir en la mayoría de las pantallas. Vamos a derivarlo a nuestro equipo técnico para revisar la navegación con el botón de retroceso.",1/Feb/26 4:50 PM;qm:96e3bf0d-beea-4cd2-bca9-568ee30412d2:9700668d-bb18-4ce6-a136-d0d4eac1741d;gracias por tomarlo en cuenta
la app no muestra correctamente los caracteres especiales de mi nombre en el perfil,mi nombre tiene una eñe y en el perfil se ve reemplazada por un simbolo raro en vez de la letra correcta.,Medium,Resolved,qm:96e3bf0d-beea-4cd2-bca9-568ee30412d2:af30ed9d-7e74-4e4e-8304-5e91abcd1392,maximilianojavierjulio@gmail.com,Tokenia Web,Service Request,Problemas técnicos de la app/web,17/Oct/25 1:50 PM,"17/Oct/25 2:10 PM;maximilianojavierjulio@gmail.com;Hola, gracias por reportarlo, es un problema de codificación de caracteres que ya derivamos a nuestro equipo técnico para corregir. Tu nombre en la base de datos está correcto, solo afecta la visualización en pantalla.","17/Oct/25 2:30 PM;qm:96e3bf0d-beea-4cd2-bca9-568ee30412d2:af30ed9d-7e74-4e4e-8304-5e91abcd1392;que bueno que el dato real esta bien, gracias"
mi cuenta tiene una restriccion que solo permite operaciones menores a cierto monto por vez,"no es que este bloqueado del todo, pero cada operacion individual tiene un tope bajo aunque mi limite diario total sea mayor. es normal esa restriccion por operacion?",Medium,Resolved,qm:96e3bf0d-beea-4cd2-bca9-568ee30412d2:9700668d-bb18-4ce6-a136-d0d4eac1741d,maxi220julio@gmail.com,Tokenia Web,Service Request,Límites y restricciones,9/Jul/25 2:30 PM,"9/Jul/25 2:50 PM;maxi220julio@gmail.com;Hola, sí, además del límite diario total, algunas cuentas tienen un tope por operación individual como medida de seguridad adicional. Podés hacer varias operaciones más chicas hasta completar tu límite diario disponible.","9/Jul/25 3:10 PM;qm:96e3bf0d-beea-4cd2-bca9-568ee30412d2:9700668d-bb18-4ce6-a136-d0d4eac1741d;entendido, gracias por la aclaracion"
quiero saber si los limites de mi cuenta se pueden consultar via api o solo desde la app,"soy desarrollador y me gustaria saber si existe alguna forma programatica de consultar mis limites actuales, no solo desde la interfaz.",Low,Resolved,qm:96e3bf0d-beea-4cd2-bca9-568ee30412d2:af30ed9d-7e74-4e4e-8304-5e91abcd1392,maximilianojavierjulio@gmail.com,Tokenia Email,General request,Límites y restricciones,26/Nov/25 10:40 AM,"26/Nov/25 11:00 AM;maximilianojavierjulio@gmail.com;Hola, por el momento no contamos con una API pública para consultar límites u otros datos de cuenta, solo está disponible a través de la app y la web.","26/Nov/25 11:20 AM;qm:96e3bf0d-beea-4cd2-bca9-568ee30412d2:af30ed9d-7e74-4e4e-8304-5e91abcd1392;entendido, gracias por la info"
mi limite fue reducido despues de que actualice mi telefono de contacto varias veces,"cambie mi numero de telefono dos veces en poco tiempo por distintos motivos, y despues de eso mis limites bajaron. tiene relacion esa frecuencia de cambios?",Medium,Resolved,qm:96e3bf0d-beea-4cd2-bca9-568ee30412d2:9700668d-bb18-4ce6-a136-d0d4eac1741d,maxyjulio18@gmail.com,Tokenia App,Service Request,Límites y restricciones,3/Sep/25 3:00 PM,"3/Sep/25 3:20 PM;maxyjulio18@gmail.com;Hola, sí, cambios frecuentes de datos de contacto en poco tiempo pueden activar una revisión de seguridad temporal que reduce los límites por precaución. Ya verificamos y restablecimos tus límites habituales.","3/Sep/25 3:40 PM;qm:96e3bf0d-beea-4cd2-bca9-568ee30412d2:9700668d-bb18-4ce6-a136-d0d4eac1741d;ya volvieron a la normalidad, gracias"
puedo saber cuando fue la ultima vez que actualizaron mis limites de cuenta,"quiero saber la fecha del ultimo cambio en mis limites, ya sea por mi nivel de verificacion o algun ajuste manual.",Low,Resolved,qm:96e3bf0d-beea-4cd2-bca9-568ee30412d2:af30ed9d-7e74-4e4e-8304-5e91abcd1392,maximilianojavierjulio@gmail.com,Tokenia Email,General request,Límites y restricciones,14/Jan/26 12:20 PM,"14/Jan/26 12:40 PM;maximilianojavierjulio@gmail.com;Hola, por el momento no contamos con un historial visible de fecha de cambio de límites, pero podemos confirmarte que tus límites actuales corresponden a tu nivel de verificación vigente.","14/Jan/26 1:00 PM;qm:96e3bf0d-beea-4cd2-bca9-568ee30412d2:af30ed9d-7e74-4e4e-8304-5e91abcd1392;entendido, gracias igual"
mi cuenta quedo restringida despues de intentar operar con un monto que excedia por poco el limite,"quise hacer una operacion que superaba mi limite por muy poco, apenas unos pesos, y despues de eso quedo restringida toda la cuenta. es una reaccion muy fuerte para algo tan chico.",Medium,Resolved,qm:96e3bf0d-beea-4cd2-bca9-568ee30412d2:9700668d-bb18-4ce6-a136-d0d4eac1741d,maxyjulio18@gmail.com,Tokenia Web,Service Request,Límites y restricciones,8/Apr/26 1:50 PM,"8/Abr/26 2:10 PM;maxyjulio18@gmail.com;Hola, entendemos que puede parecer desproporcionado. Revisamos tu caso y confirmamos que fue un error del sistema al aplicar la restricción, ya la levantamos y tu cuenta vuelve a operar con normalidad.",8/Abr/26 2:30 PM;qm:96e3bf0d-beea-4cd2-bca9-568ee30412d2:9700668d-bb18-4ce6-a136-d0d4eac1741d;gracias por resolverlo rapido
quiero saber si el limite de retiro es acumulativo entre pesos y dolares o son separados,"si retiro pesos y despues quiero retirar dolares el mismo dia, se descuentan del mismo limite combinado o son totalmente independientes?",Low,Resolved,qm:96e3bf0d-beea-4cd2-bca9-568ee30412d2:af30ed9d-7e74-4e4e-8304-5e91abcd1392,maximilianojavierjulio@gmail.com,Tokenia Web,Service Request,Límites y restricciones,21/Jun/25 11:10 AM,"21/Jun/25 11:30 AM;maximilianojavierjulio@gmail.com;Hola, como te comentamos antes, los límites en pesos y en criptomonedas o dólares se manejan de forma independiente, así que no se descuentan del mismo tope combinado.","21/Jun/25 11:50 AM;qm:96e3bf0d-beea-4cd2-bca9-568ee30412d2:af30ed9d-7e74-4e4e-8304-5e91abcd1392;entendido, gracias por confirmar"
puedo saber si mi cuenta tiene alguna restriccion oculta que no vea reflejada visualmente,"a veces la app no me deja hacer algo sin mostrar ningun mensaje claro de restriccion, como si hubiera algo bloqueado que no se ve.",Medium,Resolved,qm:96e3bf0d-beea-4cd2-bca9-568ee30412d2:9700668d-bb18-4ce6-a136-d0d4eac1741d,maxyjulio18@gmail.com,Tokenia Email,General request,Límites y restricciones,30/Oct/25 3:40 PM,"30/Oct/25 4:00 PM;maxyjulio18@gmail.com;Hola, gracias por avisarnos, revisamos tu cuenta y no encontramos ninguna restricción activa oculta. Si podés contarnos qué acción específica intentaste, lo revisamos con más detalle para descartar cualquier error puntual.","30/Oct/25 4:20 PM;qm:96e3bf0d-beea-4cd2-bca9-568ee30412d2:9700668d-bb18-4ce6-a136-d0d4eac1741d;era un tema de conexion nomas, ya se soluciono. gracias"
quiero saber si puedo restaurar mi cuenta a los limites de un nivel de verificacion anterior,"subi al nivel 2 pero ahora prefiero volver al nivel 1 por motivos personales, se puede bajar de nivel voluntariamente?",Low,Resolved,qm:96e3bf0d-beea-4cd2-bca9-568ee30412d2:af30ed9d-7e74-4e4e-8304-5e91abcd1392,maximilianojavierjulio@gmail.com,Tokenia Email,General request,Límites y restricciones,5/Dec/25 10:00 AM,"5/Dec/25 10:20 AM;maximilianojavierjulio@gmail.com;Hola, no es necesario bajar de nivel formalmente para operar con montos menores, tu nivel de verificación solo define el máximo disponible, pero podés operar con montos más chicos sin problema aunque tengas un nivel más alto habilitado.","5/Dec/25 10:40 AM;qm:96e3bf0d-beea-4cd2-bca9-568ee30412d2:af30ed9d-7e74-4e4e-8304-5e91abcd1392;ah tiene sentido, no hace falta entonces. gracias"
la app se congela al intentar cambiar de una seccion a otra rapidamente,"cuando navego rapido entre mercados y billetera, a veces la app se traba unos segundos antes de responder.",Low,Resolved,qm:96e3bf0d-beea-4cd2-bca9-568ee30412d2:af30ed9d-7e74-4e4e-8304-5e91abcd1392,maxi220julio@gmail.com,Tokenia App,Service Request,Problemas técnicos de la app/web,12/Jun/25 2:30 PM,"12/Jun/25 2:50 PM;maxi220julio@gmail.com;Hola, gracias por reportarlo, vamos a derivarlo a nuestro equipo técnico para optimizar la navegación entre secciones. Mientras tanto, esperar unos segundos entre cambios debería evitar el trabado.","12/Jun/25 3:10 PM;qm:96e3bf0d-beea-4cd2-bca9-568ee30412d2:af30ed9d-7e74-4e4e-8304-5e91abcd1392;entendido, gracias por tomarlo en cuenta"
la app no me permite escribir tildes en el campo de comentarios del ticket,"cuando escribo un mensaje de soporte con tildes, algunas letras no se muestran bien, aparecen como simbolos raros.",Low,Resolved,qm:96e3bf0d-beea-4cd2-bca9-568ee30412d2:9700668d-bb18-4ce6-a136-d0d4eac1741d,maximilianojavierjulio@gmail.com,Tokenia Web,Service Request,Problemas técnicos de la app/web,24/Sep/25 4:10 PM,"24/Sep/25 4:30 PM;maximilianojavierjulio@gmail.com;Hola, gracias por avisarnos, parece un problema de codificación de caracteres en el campo de texto. Vamos a derivarlo a nuestro equipo técnico para corregirlo.",24/Sep/25 4:50 PM;qm:96e3bf0d-beea-4cd2-bca9-568ee30412d2:9700668d-bb18-4ce6-a136-d0d4eac1741d;gracias por revisarlo
el boton de refrescar el saldo no responde al tocarlo varias veces,"toco el boton para actualizar mi saldo y no pasa nada, tengo que salir y volver a entrar a la app para que se actualice.",Medium,Resolved,qm:96e3bf0d-beea-4cd2-bca9-568ee30412d2:af30ed9d-7e74-4e4e-8304-5e91abcd1392,maxyjulio18@gmail.com,Tokenia App,Service Request,Problemas técnicos de la app/web,8/Nov/25 11:20 AM,"8/Nov/25 11:40 AM;maxyjulio18@gmail.com;Hola, gracias por reportarlo, vamos a revisar ese botón específico con nuestro equipo técnico. Mientras tanto, deslizar la pantalla hacia abajo debería refrescar el saldo como alternativa.","8/Nov/25 12:00 PM;qm:96e3bf0d-beea-4cd2-bca9-568ee30412d2:af30ed9d-7e74-4e4e-8304-5e91abcd1392;con deslizar funciono, gracias"
la app muestra un error generico sin detalle cuando falla una operacion,"cuando algo sale mal en una compra, la app solo dice 'ocurrio un error' sin dar mas contexto de que fue lo que fallo especificamente.",Medium,Resolved,qm:96e3bf0d-beea-4cd2-bca9-568ee30412d2:9700668d-bb18-4ce6-a136-d0d4eac1741d,maximilianojavierjulio@gmail.com,Tokenia Web,Service Request,Problemas técnicos de la app/web,19/Jan/26 3:00 PM,"19/Jan/26 3:20 PM;maximilianojavierjulio@gmail.com;Hola, gracias por la sugerencia, vamos a evaluar mejorar los mensajes de error para que sean más específicos. Mientras tanto, si te aparece ese mensaje genérico, contactanos con el detalle de la operación para investigarlo.","19/Jan/26 3:40 PM;qm:96e3bf0d-beea-4cd2-bca9-568ee30412d2:9700668d-bb18-4ce6-a136-d0d4eac1741d;entendido, gracias por escuchar"
mi historial de comentarios de soporte no se sincroniza entre celular y computadora,"cuando escribo en un ticket desde el celular y despues entro desde la compu, no veo los mensajes nuevos hasta actualizar manual.",Low,Resolved,qm:96e3bf0d-beea-4cd2-bca9-568ee30412d2:af30ed9d-7e74-4e4e-8304-5e91abcd1392,maxyjulio18@gmail.com,Tokenia App,Service Request,Problemas técnicos de la app/web,2/Aug/25 10:40 AM,"2/Aug/25 11:00 AM;maxyjulio18@gmail.com;Hola, gracias por avisarnos, la sincronización entre dispositivos debería ser más rápida. Vamos a derivarlo a nuestro equipo técnico para optimizarlo.",2/Aug/25 11:20 AM;qm:96e3bf0d-beea-4cd2-bca9-568ee30412d2:af30ed9d-7e74-4e4e-8304-5e91abcd1392;gracias por tomarlo en cuenta
la app no reconoce mi celular como compatible aunque cumple los requisitos minimos,"quise instalar tokenia y la play store dice que mi dispositivo no es compatible, pero tiene la version de android que piden como minimo.",Medium,Resolved,qm:96e3bf0d-beea-4cd2-bca9-568ee30412d2:9700668d-bb18-4ce6-a136-d0d4eac1741d,maximilianojavierjulio@gmail.com,Tokenia App,Service Request,Problemas técnicos de la app/web,27/Oct/25 1:50 PM,"27/Oct/25 2:10 PM;maximilianojavierjulio@gmail.com;Hola, gracias por avisarnos, además de la versión de Android también pueden influir otros requisitos de hardware. Vamos a derivar tu caso a nuestro equipo técnico con el modelo de tu celular para investigar la incompatibilidad.","27/Oct/25 2:30 PM;qm:96e3bf0d-beea-4cd2-bca9-568ee30412d2:9700668d-bb18-4ce6-a136-d0d4eac1741d;te paso el modelo exacto, gracias"
el precio de la cripto se congela en pantalla y no se actualiza hasta reiniciar la app,"estoy mirando el precio de btc y despues de un rato deja de moverse, aunque se que el mercado sigue fluctuando. tengo que reiniciar para que vuelva a actualizarse.",Medium,Resolved,qm:96e3bf0d-beea-4cd2-bca9-568ee30412d2:af30ed9d-7e74-4e4e-8304-5e91abcd1392,maxyjulio18@gmail.com,Tokenia App,Service Request,Problemas técnicos de la app/web,15/Dec/25 4:40 PM,"15/Dec/25 5:00 PM;maxyjulio18@gmail.com;Hola, gracias por reportarlo, puede tratarse de una pérdida de conexión con el servicio de precios en tiempo real que no se recupera automáticamente. Vamos a derivarlo a nuestro equipo técnico para investigar.",15/Dec/25 5:20 PM;qm:96e3bf0d-beea-4cd2-bca9-568ee30412d2:af30ed9d-7e74-4e4e-8304-5e91abcd1392;gracias por tomarlo en cuenta
la app pide permisos de camara aunque no este usando ninguna funcion que la necesite,"recibo notificaciones pidiendo permiso de camara aunque no estoy en ningun paso de verificacion, es raro ese pedido en momentos aleatorios.",Low,Resolved,qm:96e3bf0d-beea-4cd2-bca9-568ee30412d2:9700668d-bb18-4ce6-a136-d0d4eac1741d,maximilianojavierjulio@gmail.com,Tokenia Web,Service Request,Problemas técnicos de la app/web,6/May/25 12:20 PM,"6/May/25 12:40 PM;maximilianojavierjulio@gmail.com;Hola, gracias por avisarnos, ese pedido no debería aparecer fuera del flujo de escaneo de QR o verificación. Vamos a derivarlo a nuestro equipo técnico para investigar el comportamiento.",6/May/25 1:00 PM;qm:96e3bf0d-beea-4cd2-bca9-568ee30412d2:9700668d-bb18-4ce6-a136-d0d4eac1741d;gracias por revisarlo
la app se cierra al intentar exportar el historial de actividad,quiero exportar mi historial en pdf pero justo cuando toco exportar la app se cierra completamente.,Medium,Resolved,qm:96e3bf0d-beea-4cd2-bca9-568ee30412d2:af30ed9d-7e74-4e4e-8304-5e91abcd1392,maxyjulio18@gmail.com,Tokenia App,Service Request,Problemas técnicos de la app/web,11/Sep/25 3:00 PM,"11/Sep/25 3:20 PM;maxyjulio18@gmail.com;Hola, gracias por reportarlo, vamos a derivarlo a nuestro equipo técnico. Mientras tanto, probá exportar el historial desde la versión web, que suele ser más estable para esta función.","11/Sep/25 3:40 PM;qm:96e3bf0d-beea-4cd2-bca9-568ee30412d2:af30ed9d-7e74-4e4e-8304-5e91abcd1392;desde la web funciono bien, gracias"
los graficos de la app consumen mucha memoria y hacen que el celular se recaliente,"cuando dejo abierta la seccion de mercados con el grafico un rato largo, mi celular se calienta bastante mas de lo normal.",Low,Resolved,qm:96e3bf0d-beea-4cd2-bca9-568ee30412d2:9700668d-bb18-4ce6-a136-d0d4eac1741d,maximilianojavierjulio@gmail.com,Tokenia App,Service Request,Problemas técnicos de la app/web,23/Feb/26 2:10 PM,"23/Feb/26 2:30 PM;maximilianojavierjulio@gmail.com;Hola, gracias por avisarnos, el gráfico en tiempo real puede consumir más recursos del dispositivo. Vamos a tomar en cuenta tu reporte para optimizar el consumo en próximas actualizaciones.","23/Feb/26 2:50 PM;qm:96e3bf0d-beea-4cd2-bca9-568ee30412d2:9700668d-bb18-4ce6-a136-d0d4eac1741d;entendido, gracias por escuchar"
no puedo usar la funcion de compartir para enviar el comprobante por correo directamente,"quiero compartir un comprobante directo a mi propio mail desde la app, pero la opcion de compartir por correo no me abre la app de mail correctamente.",Low,Resolved,qm:96e3bf0d-beea-4cd2-bca9-568ee30412d2:af30ed9d-7e74-4e4e-8304-5e91abcd1392,maxyjulio18@gmail.com,Tokenia App,Service Request,Problemas técnicos de la app/web,30/Jun/25 4:50 PM,"30/Jun/25 5:10 PM;maxyjulio18@gmail.com;Hola, gracias por avisarnos, vamos a revisar la integración con la app de correo en tu dispositivo. Como alternativa, podés guardar el comprobante y adjuntarlo manualmente en un mail nuevo.","30/Jun/25 5:30 PM;qm:96e3bf0d-beea-4cd2-bca9-568ee30412d2:af30ed9d-7e74-4e4e-8304-5e91abcd1392;voy a hacerlo asi por ahora, gracias"
mi cuenta tiene un limite calculado en una moneda distinta a la que espero,"veo el limite expresado en dolares pero yo esperaba verlo directamente en pesos, se puede cambiar esa unidad de visualizacion del limite?",Low,Resolved,qm:96e3bf0d-beea-4cd2-bca9-568ee30412d2:9700668d-bb18-4ce6-a136-d0d4eac1741d,maximilianojavierjulio@gmail.com,Tokenia App,Service Request,Límites y restricciones,17/Jul/25 1:20 PM,"17/Jul/25 1:40 PM;maximilianojavierjulio@gmail.com;Hola, el límite se muestra en la moneda de referencia que tengas configurada en tu perfil. Si cambiás esa preferencia a pesos, el límite también debería reflejarse en esa moneda.","17/Jul/25 2:00 PM;qm:96e3bf0d-beea-4cd2-bca9-568ee30412d2:9700668d-bb18-4ce6-a136-d0d4eac1741d;cambie la preferencia y ahora se ve en pesos, gracias"
quiero saber si mis limites se ven afectados si tengo un juicio o embargo pendiente,"por temas legales personales, queria saber si un embargo judicial puede afectar mis operaciones o limites en tokenia.",Medium,Resolved,qm:96e3bf0d-beea-4cd2-bca9-568ee30412d2:af30ed9d-7e74-4e4e-8304-5e91abcd1392,maxyjulio18@gmail.com,Tokenia Email,General request,Límites y restricciones,4/Nov/25 10:30 AM,"4/Nov/25 10:50 AM;maxyjulio18@gmail.com;Hola, si recibimos una notificación judicial formal de embargo, sí podríamos vernos obligados a restringir la cuenta según lo que ordene la autoridad correspondiente. Para casos específicos te recomendamos consultar con tu asesor legal.","4/Nov/25 11:10 AM;qm:96e3bf0d-beea-4cd2-bca9-568ee30412d2:af30ed9d-7e74-4e4e-8304-5e91abcd1392;entendido, gracias por la info"
mi cuenta tiene un limite de operacion menor al que veo en mi perfil de niveles,en la seccion de niveles dice que mi nivel permite cierto monto pero cuando intento operar me rechaza antes de llegar a ese numero. hay una discrepancia.,High,Escalated,qm:96e3bf0d-beea-4cd2-bca9-568ee30412d2:9700668d-bb18-4ce6-a136-d0d4eac1741d,maximilianojavierjulio@gmail.com,Tokenia Web,Service Request,Límites y restricciones,21/Sep/25 2:50 PM,"21/Sep/25 3:10 PM;maximilianojavierjulio@gmail.com;Hola, disculpá la confusión, esa discrepancia amerita revisión. Vamos a escalar tu caso al equipo correspondiente para confirmar cuál es tu límite real y corregir cualquier inconsistencia en la visualización.",
quiero saber si puedo pedir que mi limite se calcule de forma anual en vez de mensual,"opero de forma muy irregular durante el año, me convendria mas un limite anual acumulado que uno mensual fijo. se puede pedir eso?",Low,Resolved,qm:96e3bf0d-beea-4cd2-bca9-568ee30412d2:af30ed9d-7e74-4e4e-8304-5e91abcd1392,maxyjulio18@gmail.com,Tokenia Email,General request,Límites y restricciones,13/Apr/25 11:40 AM,"13/Apr/25 12:00 PM;maxyjulio18@gmail.com;Hola, por el momento manejamos los límites en base diaria y mensual según tu nivel, no contamos con un esquema de límite anual acumulado personalizado.","13/Abr/25 12:20 PM;qm:96e3bf0d-beea-4cd2-bca9-568ee30412d2:af30ed9d-7e74-4e4e-8304-5e91abcd1392;entendido, gracias por confirmar"
mi cuenta se restringio despues de que un amigo tuvo un problema en su cuenta de tokenia,"un amigo con quien hago transferencias internas frecuentes tuvo un problema en su cuenta, y ahora la mia tambien quedo restringida. tiene relacion?",Medium,Escalated,qm:96e3bf0d-beea-4cd2-bca9-568ee30412d2:9700668d-bb18-4ce6-a136-d0d4eac1741d,maximilianojavierjulio@gmail.com,Tokenia App,Service Request,Límites y restricciones,8/Feb/26 4:00 PM,"8/Feb/26 4:20 PM;maximilianojavierjulio@gmail.com;Hola, es posible que las transferencias frecuentes entre ambas cuentas hayan activado una revisión conjunta por parte de nuestros sistemas. Vamos a derivar tu caso al equipo correspondiente para aclarar la situación de ambas cuentas.",
puedo consultar si mi limite va a cambiar automaticamente en el futuro cercano,quiero saber si hay algun cambio de limite programado para mi cuenta en los proximos meses que deba tener en cuenta.,Low,Resolved,qm:96e3bf0d-beea-4cd2-bca9-568ee30412d2:af30ed9d-7e74-4e4e-8304-5e91abcd1392,maxyjulio18@gmail.com,Tokenia Web,Service Request,Límites y restricciones,26/Aug/25 9:20 AM,"26/Aug/25 9:40 AM;maxyjulio18@gmail.com;Hola, no tenemos ningún cambio programado específico para tu cuenta más allá de posibles ajustes generales de política que anunciaríamos con anticipación.","26/Aug/25 10:00 AM;qm:96e3bf0d-beea-4cd2-bca9-568ee30412d2:af30ed9d-7e74-4e4e-8304-5e91abcd1392;entendido, gracias"
mi cuenta empresarial tiene limites separados para cada empleado autorizado,"somos varios empleados con acceso a la cuenta empresarial, los limites son compartidos entre todos o cada uno tiene el suyo?",Medium,Resolved,qm:96e3bf0d-beea-4cd2-bca9-568ee30412d2:9700668d-bb18-4ce6-a136-d0d4eac1741d,maximilianojavierjulio@gmail.com,Tokenia Email,General request,Límites y restricciones,1/Oct/25 2:10 PM,"1/Oct/25 2:30 PM;maximilianojavierjulio@gmail.com;Hola, en las cuentas empresariales el límite es único y compartido a nivel de la cuenta, no se divide individualmente entre los usuarios autorizados que operan bajo ella.","1/Oct/25 2:50 PM;qm:96e3bf0d-beea-4cd2-bca9-568ee30412d2:9700668d-bb18-4ce6-a136-d0d4eac1741d;entendido, gracias por la aclaracion"
quiero saber si el limite disponible se recalcula al instante despues de un retiro,"si retiro parte de mi limite diario, el monto disponible se actualiza al toque o hay algun delay hasta que se refleje?",Low,Resolved,qm:96e3bf0d-beea-4cd2-bca9-568ee30412d2:af30ed9d-7e74-4e4e-8304-5e91abcd1392,maxyjulio18@gmail.com,Tokenia App,Service Request,Límites y restricciones,14/Dec/25 1:30 PM,"14/Dec/25 1:50 PM;maxyjulio18@gmail.com;Hola, el límite disponible se actualiza de forma inmediata apenas se procesa el retiro, sin ningún delay en la visualización.","14/Dec/25 2:10 PM;qm:96e3bf0d-beea-4cd2-bca9-568ee30412d2:af30ed9d-7e74-4e4e-8304-5e91abcd1392;entendido, gracias por confirmar"
mi restriccion de cuenta muestra una fecha estimada de resolucion que ya paso,"la restriccion de mi cuenta decia que se resolveria en cierta fecha y esa fecha ya paso, pero sigo restringido. que esta pasando?",High,Escalated,qm:96e3bf0d-beea-4cd2-bca9-568ee30412d2:9700668d-bb18-4ce6-a136-d0d4eac1741d,maximilianojavierjulio@gmail.com,Tokenia Web,Service Request,Límites y restricciones,9/Jun/25 3:40 PM,"9/Jun/25 4:00 PM;maximilianojavierjulio@gmail.com;Hola, disculpá la demora respecto al plazo estimado. Vamos a escalar tu caso con urgencia para obtener una actualización real del estado de tu revisión y darte una respuesta concreta.",
quiero saber si puedo ver un registro de todos los cambios de configuracion que hice en mi cuenta,"me gustaria un historial de cambios, como cuando active el 2fa o cambie mi mail, ademas del historial de accesos.",Low,Resolved,qm:96e3bf0d-beea-4cd2-bca9-568ee30412d2:af30ed9d-7e74-4e4e-8304-5e91abcd1392,maxi220julio@gmail.com,Tokenia Email,General request,Seguridad de la cuenta,6/Jun/25 10:20 AM,"6/Jun/25 10:40 AM;maxi220julio@gmail.com;Hola, por el momento no contamos con un historial detallado de cambios de configuración visible en la app, solo el registro de sesiones. Tomamos en cuenta tu sugerencia para futuras mejoras.","6/Jun/25 11:00 AM;qm:96e3bf0d-beea-4cd2-bca9-568ee30412d2:af30ed9d-7e74-4e4e-8304-5e91abcd1392;entendido, gracias igual"
mi cuenta recibio un intento de acceso fallido justo despues de que cambie la clave,cambie mi contraseña hace unos minutos y ya me llego una alerta de un intento fallido de acceso. es coincidencia o alguien esta intentando entrar ahora?,High,Resolved,qm:96e3bf0d-beea-4cd2-bca9-568ee30412d2:9700668d-bb18-4ce6-a136-d0d4eac1741d,maximilianojavierjulio@gmail.com,Tokenia App,Service Request,Seguridad de la cuenta,18/Oct/25 5:40 PM,"18/Oct/25 5:55 PM;maximilianojavierjulio@gmail.com;Hola, revisamos el intento y corresponde a un sistema intentando usar tu contraseña anterior, algo esperable justo después de un cambio de clave. No detectamos actividad sospechosa adicional, tu cuenta está segura.","18/Oct/25 6:10 PM;qm:96e3bf0d-beea-4cd2-bca9-568ee30412d2:9700668d-bb18-4ce6-a136-d0d4eac1741d;que alivio, gracias por revisar rapido"
quiero saber si tokenia usa autenticacion multifactor internamente para sus propios empleados,"por curiosidad de seguridad, los empleados de tokenia que acceden a sistemas internos tambien usan 2fa y practicas similares?",Low,Resolved,qm:96e3bf0d-beea-4cd2-bca9-568ee30412d2:af30ed9d-7e74-4e4e-8304-5e91abcd1392,maxyjulio18@gmail.com,Tokenia Web,Service Request,Seguridad de la cuenta,29/Sep/25 2:00 PM,"29/Sep/25 2:20 PM;maxyjulio18@gmail.com;Hola, sí, aplicamos políticas internas de seguridad estrictas, incluyendo autenticación multifactor, para todo el personal que accede a sistemas sensibles de la plataforma.","29/Sep/25 2:40 PM;qm:96e3bf0d-beea-4cd2-bca9-568ee30412d2:af30ed9d-7e74-4e4e-8304-5e91abcd1392;que bueno saberlo, gracias por la transparencia"
mi cuenta detecto actividad sospechosa pero no me llego ninguna notificacion al respecto,"me entere de una revision de seguridad en mi cuenta solo porque no podia operar, nunca me llego ningun aviso previo. deberia haber recibido algo?",Medium,Resolved,qm:96e3bf0d-beea-4cd2-bca9-568ee30412d2:9700668d-bb18-4ce6-a136-d0d4eac1741d,maximilianojavierjulio@gmail.com,Tokenia App,Service Request,Seguridad de la cuenta,12/Feb/26 11:10 AM,"12/Feb/26 11:30 AM;maximilianojavierjulio@gmail.com;Hola, disculpá el inconveniente, deberías haber recibido una notificación. Vamos a revisar por qué no te llegó en este caso y derivarlo a nuestro equipo técnico para corregirlo.",12/Feb/26 11:50 AM;qm:96e3bf0d-beea-4cd2-bca9-568ee30412d2:9700668d-bb18-4ce6-a136-d0d4eac1741d;gracias por revisarlo
quiero saber si puedo configurar un tiempo maximo de inactividad antes de que se cierre la sesion sola,"me gustaria que la sesion se cierre automatico si no uso la app por cierto tiempo, para mayor seguridad. se puede configurar ese limite?",Low,Resolved,qm:96e3bf0d-beea-4cd2-bca9-568ee30412d2:af30ed9d-7e74-4e4e-8304-5e91abcd1392,maxyjulio18@gmail.com,Tokenia Email,General request,Seguridad de la cuenta,5/May/25 1:40 PM,"5/May/25 2:00 PM;maxyjulio18@gmail.com;Hola, por el momento el cierre por inactividad es un tiempo fijo definido por el sistema, no configurable manualmente por el usuario. Tomamos en cuenta tu sugerencia.","5/May/25 2:20 PM;qm:96e3bf0d-beea-4cd2-bca9-568ee30412d2:af30ed9d-7e74-4e4e-8304-5e91abcd1392;entendido, gracias igual"
mi cuenta fue suspendida por un patron de retiro considerado atipico,"hice varios retiros seguidos de montos similares y me suspendieron la cuenta por 'patron atipico', pero solo estaba retirando mis ahorros progresivamente.",High,Resolved,qm:96e3bf0d-beea-4cd2-bca9-568ee30412d2:9700668d-bb18-4ce6-a136-d0d4eac1741d,maximilianojavierjulio@gmail.com,Tokenia Web,Service Request,Seguridad de la cuenta,23/Nov/25 10:20 AM,"23/Nov/25 10:40 AM;maximilianojavierjulio@gmail.com;Hola, entendemos la situación, ese patrón puede activar revisiones automáticas de seguridad. Verificamos tu caso, confirmamos que los retiros son legítimos y reactivamos tu cuenta.",23/Nov/25 11:00 AM;qm:96e3bf0d-beea-4cd2-bca9-568ee30412d2:9700668d-bb18-4ce6-a136-d0d4eac1741d;gracias por la rapidez en resolverlo
quiero saber si activar el 2fa en tokenia protege tambien mi mail asociado,"si activo la verificacion en dos pasos en tokenia, eso protege de alguna forma mi cuenta de correo tambien o son cosas totalmente independientes?",Low,Resolved,qm:96e3bf0d-beea-4cd2-bca9-568ee30412d2:af30ed9d-7e74-4e4e-8304-5e91abcd1392,maxyjulio18@gmail.com,Tokenia Web,Service Request,Seguridad de la cuenta,16/Aug/25 3:10 PM,"16/Aug/25 3:30 PM;maxyjulio18@gmail.com;Hola, son cosas totalmente independientes. El 2FA de Tokenia protege únicamente el acceso a tu cuenta en nuestra plataforma. Te recomendamos activar también la verificación en dos pasos en tu proveedor de correo por separado.","16/Aug/25 3:50 PM;qm:96e3bf0d-beea-4cd2-bca9-568ee30412d2:af30ed9d-7e74-4e4e-8304-5e91abcd1392;entendido, voy a activarlo ahi tambien. gracias"
mi cuenta muestra un intento de inicio de sesion desde una hora que no coincide con mi zona horaria,"el registro de sesiones muestra un acceso a una hora rara, que no coincide con nada que yo haya hecho en ese horario de argentina.",Medium,Resolved,qm:96e3bf0d-beea-4cd2-bca9-568ee30412d2:9700668d-bb18-4ce6-a136-d0d4eac1741d,maximilianojavierjulio@gmail.com,Tokenia App,Service Request,Seguridad de la cuenta,3/Dec/25 2:20 PM,"3/Dec/25 2:40 PM;maximilianojavierjulio@gmail.com;Hola, es posible que el registro esté mostrando el horario en UTC en vez de horario de Argentina, generando esa confusión. Vamos a revisar el detalle exacto de ese acceso para confirmar si fue legítimo.","3/Dec/25 3:00 PM;qm:96e3bf0d-beea-4cd2-bca9-568ee30412d2:9700668d-bb18-4ce6-a136-d0d4eac1741d;puede haber sido eso, gracias por revisar"
quiero saber si puedo pedir un informe de seguridad completo de mi cuenta para un tramite,"necesito un informe con el historial de seguridad de mi cuenta para presentar en un tramite personal, se puede solicitar eso?",Medium,Resolved,qm:96e3bf0d-beea-4cd2-bca9-568ee30412d2:af30ed9d-7e74-4e4e-8304-5e91abcd1392,maxyjulio18@gmail.com,Tokenia Email,General request,Seguridad de la cuenta,27/Jan/26 11:50 AM,"27/Jan/26 12:10 PM;maxyjulio18@gmail.com;Hola, sí, podés solicitarnos un informe con el detalle de seguridad de tu cuenta escribiéndonos por este medio, indicando el propósito del trámite para preparar la información correspondiente.","27/Jan/26 12:30 PM;qm:96e3bf0d-beea-4cd2-bca9-568ee30412d2:af30ed9d-7e74-4e4e-8304-5e91abcd1392;perfecto, te detallo lo que necesito por privado"
mi cuenta esta protegida contra ataques de fuerza bruta ademas del limite de intentos,"ademas del limite de 5 intentos que me comentaron antes, tienen alguna otra proteccion contra ataques automatizados de fuerza bruta?",Low,Resolved,qm:96e3bf0d-beea-4cd2-bca9-568ee30412d2:9700668d-bb18-4ce6-a136-d0d4eac1741d,maximilianojavierjulio@gmail.com,Tokenia Web,Service Request,Seguridad de la cuenta,10/Jul/25 4:00 PM,"10/Jul/25 4:20 PM;maximilianojavierjulio@gmail.com;Hola, sí, además del límite de intentos, contamos con sistemas de detección de patrones automatizados que pueden bloquear intentos masivos desde una misma fuente, como capa adicional de protección.","10/Jul/25 4:40 PM;qm:96e3bf0d-beea-4cd2-bca9-568ee30412d2:9700668d-bb18-4ce6-a136-d0d4eac1741d;que bueno, gracias por la info"
puedo saber si la comision cambia si soy usuario nuevo o antiguo,"hace años que uso tokenia, un usuario recien registrado paga la misma comision que yo o hay diferencia por antiguedad?",Low,Resolved,qm:96e3bf0d-beea-4cd2-bca9-568ee30412d2:af30ed9d-7e74-4e4e-8304-5e91abcd1392,maxi220julio@gmail.com,Tokenia Email,General request,Tarifas y comisiones,14/Jun/25 9:40 AM,"14/Jun/25 10:00 AM;maxi220julio@gmail.com;Hola, la comisión del 1% es uniforme para todos los usuarios sin importar la antigüedad de la cuenta, tanto nuevos como usuarios de larga data pagan lo mismo.","14/Jun/25 10:20 AM;qm:96e3bf0d-beea-4cd2-bca9-568ee30412d2:af30ed9d-7e74-4e4e-8304-5e91abcd1392;entendido, gracias por confirmar"
quiero saber si hay comision por consultar el saldo o ver el historial,es una pregunta obvia pero queria confirmar que simplemente ver mi saldo o revisar mi historial no tiene ningun costo.,Low,Resolved,qm:96e3bf0d-beea-4cd2-bca9-568ee30412d2:9700668d-bb18-4ce6-a136-d0d4eac1741d,maximilianojavierjulio@gmail.com,Tokenia App,Service Request,Tarifas y comisiones,21/Oct/25 1:10 PM,"21/Oct/25 1:30 PM;maximilianojavierjulio@gmail.com;Hola, no te preocupes, consultar tu saldo, historial o cualquier información de tu cuenta es completamente gratuito, sin ningún costo asociado.",21/Oct/25 1:50 PM;qm:96e3bf0d-beea-4cd2-bca9-568ee30412d2:9700668d-bb18-4ce6-a136-d0d4eac1741d;jaja gracias por confirmar
mi comprobante muestra la comision con mas decimales de los habituales,"vi que en un comprobante la comision aparece con 4 decimales en vez de los 2 habituales, es normal esa variacion en el formato?",Low,Resolved,qm:96e3bf0d-beea-4cd2-bca9-568ee30412d2:af30ed9d-7e74-4e4e-8304-5e91abcd1392,maxyjulio18@gmail.com,Tokenia Web,Service Request,Tarifas y comisiones,9/Dec/25 2:50 PM,"9/Dec/25 3:10 PM;maxyjulio18@gmail.com;Hola, para operaciones en criptomonedas es normal ver más decimales, ya que reflejan con precisión montos pequeños de la comisión calculada en esa moneda específica.","9/Dec/25 3:30 PM;qm:96e3bf0d-beea-4cd2-bca9-568ee30412d2:af30ed9d-7e74-4e4e-8304-5e91abcd1392;entendido, gracias por la aclaracion"
quiero saber si la comision de plataforma se redondea hacia arriba o hacia abajo,"cuando el calculo del 1% da un numero con muchos decimales, tokenia redondea para arriba o para abajo el monto final?",Low,Resolved,qm:96e3bf0d-beea-4cd2-bca9-568ee30412d2:9700668d-bb18-4ce6-a136-d0d4eac1741d,maximilianojavierjulio@gmail.com,Tokenia Email,General request,Tarifas y comisiones,2/Mar/26 10:40 AM,"2/Mar/26 11:00 AM;maximilianojavierjulio@gmail.com;Hola, el sistema aplica redondeo estándar según reglas matemáticas convencionales sobre el monto calculado, sin un sesgo sistemático hacia arriba o hacia abajo.","2/Mar/26 11:20 AM;qm:96e3bf0d-beea-4cd2-bca9-568ee30412d2:9700668d-bb18-4ce6-a136-d0d4eac1741d;entendido, gracias por la explicacion"
puedo ver si mi comision fue distinta a la que muestra la tabla estandar publicada,vi la tabla de comisiones en la web y quiero confirmar que mis operaciones pasadas coincidan exactamente con esos valores publicados.,Medium,Resolved,qm:96e3bf0d-beea-4cd2-bca9-568ee30412d2:af30ed9d-7e74-4e4e-8304-5e91abcd1392,maxyjulio18@gmail.com,Tokenia Web,Service Request,Tarifas y comisiones,15/Sep/25 11:20 AM,"15/Sep/25 11:40 AM;maxyjulio18@gmail.com;Hola, si querés confirmar operaciones específicas, contanos las fechas o números de operación puntuales y las revisamos juntos contra la tabla vigente en ese momento.","15/Sep/25 12:00 PM;qm:96e3bf0d-beea-4cd2-bca9-568ee30412d2:af30ed9d-7e74-4e4e-8304-5e91abcd1392;te paso el detalle por privado, gracias"
quiero saber si hay comision por reintentar una operacion que fallo la primera vez,"mi primer intento de compra fallo y tuve que reintentarlo, me cobraron doble comision por eso o solo se cobra en la operacion que si se completo?",Low,Resolved,qm:96e3bf0d-beea-4cd2-bca9-568ee30412d2:9700668d-bb18-4ce6-a136-d0d4eac1741d,maximilianojavierjulio@gmail.com,Tokenia App,Service Request,Tarifas y comisiones,8/Aug/25 1:50 PM,"8/Aug/25 2:10 PM;maximilianojavierjulio@gmail.com;Hola, la comisión solo se cobra sobre las operaciones que efectivamente se completan con éxito. Un intento fallido no genera ningún cargo de comisión.","8/Aug/25 2:30 PM;qm:96e3bf0d-beea-4cd2-bca9-568ee30412d2:9700668d-bb18-4ce6-a136-d0d4eac1741d;perfecto, que alivio. gracias"
puedo saber si el spread se aplica igual en operaciones grandes que en chicas,"el spread es un porcentaje fijo sin importar el monto, o varia si la operacion es muy grande comparada con una chica?",Low,Resolved,qm:96e3bf0d-beea-4cd2-bca9-568ee30412d2:af30ed9d-7e74-4e4e-8304-5e91abcd1392,maxyjulio18@gmail.com,Tokenia Email,General request,Tarifas y comisiones,24/Nov/25 3:00 PM,"24/Nov/25 3:20 PM;maxyjulio18@gmail.com;Hola, el spread puede variar levemente según el monto de la operación y la liquidez disponible en ese momento, especialmente en operaciones muy grandes que pueden requerir mayor profundidad de mercado.","24/Nov/25 3:40 PM;qm:96e3bf0d-beea-4cd2-bca9-568ee30412d2:af30ed9d-7e74-4e4e-8304-5e91abcd1392;entendido, gracias por la explicacion"
quiero saber si tokenia informa las comisiones a la afip automaticamente,"para mis declaraciones, necesito saber si tokenia reporta directamente a la afip mis comisiones pagadas o eso es responsabilidad mia declararlo.",Medium,Resolved,qm:96e3bf0d-beea-4cd2-bca9-568ee30412d2:9700668d-bb18-4ce6-a136-d0d4eac1741d,maximilianojavierjulio@gmail.com,Tokenia Web,Service Request,Tarifas y comisiones,11/Jan/26 10:10 AM,"11/Jan/26 10:30 AM;maximilianojavierjulio@gmail.com;Hola, cumplimos con las obligaciones de información que exige la normativa vigente, pero la declaración de tus operaciones ante AFIP sigue siendo tu responsabilidad como contribuyente. Te recomendamos consultar con un contador para el detalle específico.","11/Jan/26 10:50 AM;qm:96e3bf0d-beea-4cd2-bca9-568ee30412d2:9700668d-bb18-4ce6-a136-d0d4eac1741d;entendido, voy a consultar con mi contador. gracias"
puedo ver el detalle de la comision aplicada en formato de tabla exportable,"quiero exportar en excel o csv el detalle de todas las comisiones que pague, no solo el resumen. se puede hacer eso?",Low,Resolved,qm:96e3bf0d-beea-4cd2-bca9-568ee30412d2:af30ed9d-7e74-4e4e-8304-5e91abcd1392,maxyjulio18@gmail.com,Tokenia App,Service Request,Tarifas y comisiones,19/Apr/25 2:20 PM,"19/Apr/25 2:40 PM;maxyjulio18@gmail.com;Hola, sí, la exportación desde Perfil > Actividad > Exportar genera un archivo con el detalle completo de tus operaciones, incluidas las comisiones de cada una, en un formato que podés abrir en Excel.","19/Abr/25 3:00 PM;qm:96e3bf0d-beea-4cd2-bca9-568ee30412d2:af30ed9d-7e74-4e4e-8304-5e91abcd1392;genial, ya lo descargue. gracias"
quiero saber si el sistema detecta si el dni que subo es una foto de otra foto,"por curiosidad tecnica, el sistema puede darse cuenta si subo la foto de una foto del dni en vez del documento fisico directo?",Low,Resolved,qm:96e3bf0d-beea-4cd2-bca9-568ee30412d2:9700668d-bb18-4ce6-a136-d0d4eac1741d,maximilianojavierjulio@gmail.com,Tokenia Email,General request,Verificación de identidad,6/Jul/25 11:20 AM,"6/Jul/25 11:40 AM;maximilianojavierjulio@gmail.com;Hola, sí, nuestros sistemas de validación cuentan con mecanismos para detectar ese tipo de irregularidades, como fotos de fotos o pantallas, como parte del proceso de verificación de autenticidad.","6/Jul/25 12:00 PM;qm:96e3bf0d-beea-4cd2-bca9-568ee30412d2:9700668d-bb18-4ce6-a136-d0d4eac1741d;entendido, gracias por la info"
mi verificacion fue aprobada pero el domicilio que figura no es el de mi comprobante,note que en mi perfil aparece un domicilio distinto al que puse en el comprobante que subi para el kyc. es un error de registro?,Medium,Resolved,qm:96e3bf0d-beea-4cd2-bca9-568ee30412d2:af30ed9d-7e74-4e4e-8304-5e91abcd1392,maxyjulio18@gmail.com,Tokenia App,Service Request,Verificación de identidad,13/Oct/25 3:20 PM,"13/Oct/25 3:40 PM;maxyjulio18@gmail.com;Hola, gracias por avisarnos, puede haber sido un error de carga manual. Vamos a revisar tu comprobante y corregir el domicilio registrado en tu perfil para que coincida correctamente.",13/Oct/25 4:00 PM;qm:96e3bf0d-beea-4cd2-bca9-568ee30412d2:af30ed9d-7e74-4e4e-8304-5e91abcd1392;gracias por corregirlo
quiero saber si puedo hacer el proceso de kyc en un idioma distinto al español,"prefiero completar la verificacion en ingles, el proceso de kyc se adapta al idioma configurado en la app?",Low,Resolved,qm:96e3bf0d-beea-4cd2-bca9-568ee30412d2:9700668d-bb18-4ce6-a136-d0d4eac1741d,maximilianojavierjulio@gmail.com,Tokenia Web,Service Request,Verificación de identidad,28/May/25 10:50 AM,"28/May/25 11:10 AM;maximilianojavierjulio@gmail.com;Hola, sí, el proceso de verificación se adapta al idioma que tengas configurado en tu perfil, incluido el inglés.","28/May/25 11:30 AM;qm:96e3bf0d-beea-4cd2-bca9-568ee30412d2:9700668d-bb18-4ce6-a136-d0d4eac1741d;genial, gracias por confirmar"
mi verificacion quedo en revision porque mi dni tiene una foto muy antigua,"mi dni tiene la foto de cuando tenia 20 años menos, cambio bastante mi cara, eso puede complicar el proceso de comparacion con la selfie?",Medium,Resolved,qm:96e3bf0d-beea-4cd2-bca9-568ee30412d2:af30ed9d-7e74-4e4e-8304-5e91abcd1392,maxyjulio18@gmail.com,Tokenia App,Service Request,Verificación de identidad,20/Aug/25 2:00 PM,"20/Aug/25 2:20 PM;maxyjulio18@gmail.com;Hola, sí, una diferencia de apariencia muy grande respecto a la foto del documento puede requerir una revisión manual adicional por parte de nuestro equipo, en vez de la validación automática instantánea.","20/Aug/25 2:40 PM;qm:96e3bf0d-beea-4cd2-bca9-568ee30412d2:af30ed9d-7e74-4e4e-8304-5e91abcd1392;entendido, voy a esperar la revision entonces"
quiero saber si puedo actualizar mi documentacion antes de que venza para no tener interrupciones,"mi dni vence en unos meses, puedo actualizar la documentacion de forma preventiva antes de que expire, o tengo que esperar a que venza?",Low,Resolved,qm:96e3bf0d-beea-4cd2-bca9-568ee30412d2:9700668d-bb18-4ce6-a136-d0d4eac1741d,maximilianojavierjulio@gmail.com,Tokenia Email,General request,Verificación de identidad,9/Nov/25 9:40 AM,"9/Nov/25 10:00 AM;maximilianojavierjulio@gmail.com;Hola, sí, te recomendamos actualizar tu documentación de forma preventiva apenas tengas el nuevo DNI, sin necesidad de esperar a que el actual venza, para evitar cualquier interrupción en tu cuenta.","9/Nov/25 10:20 AM;qm:96e3bf0d-beea-4cd2-bca9-568ee30412d2:9700668d-bb18-4ce6-a136-d0d4eac1741d;perfecto, lo hago cuando tenga el nuevo entonces"
mi verificacion tardo mas en aprobar porque tengo un apellido muy comun,"me dijeron que revisiones adicionales pueden pasar por coincidencia de nombre con otras personas, tengo un apellido muy comun y me preocupa que sea mi caso.",Low,Resolved,qm:96e3bf0d-beea-4cd2-bca9-568ee30412d2:af30ed9d-7e74-4e4e-8304-5e91abcd1392,maxyjulio18@gmail.com,Tokenia Web,Service Request,Verificación de identidad,3/Feb/26 1:20 PM,"3/Feb/26 1:40 PM;maxyjulio18@gmail.com;Hola, la verificación se basa en el DNI completo, no solo en el nombre y apellido, así que un apellido común no debería generar demoras adicionales por sí solo. Tu documento único es lo que determina la validación.","3/Feb/26 2:00 PM;qm:96e3bf0d-beea-4cd2-bca9-568ee30412d2:af30ed9d-7e74-4e4e-8304-5e91abcd1392;que alivio, gracias por la explicacion"
quiero saber si puedo ver el motivo exacto de un rechazo de verificacion en el mail,"cuando me rechazan el kyc, el mail que recibo da un motivo especifico y detallado o es un mensaje generico siempre?",Low,Resolved,qm:96e3bf0d-beea-4cd2-bca9-568ee30412d2:9700668d-bb18-4ce6-a136-d0d4eac1741d,maximilianojavierjulio@gmail.com,Tokenia Email,General request,Verificación de identidad,17/Sep/25 3:40 PM,"17/Sep/25 4:00 PM;maximilianojavierjulio@gmail.com;Hola, el mail suele indicar el motivo general del rechazo (por ejemplo, foto borrosa o documento vencido), aunque en algunos casos el detalle puede ser limitado. Si necesitás más precisión, podés contactarnos directamente por este medio.","17/Sep/25 4:20 PM;qm:96e3bf0d-beea-4cd2-bca9-568ee30412d2:9700668d-bb18-4ce6-a136-d0d4eac1741d;entendido, gracias por la aclaracion"
mi verificacion aprobada tiene un nivel distinto al que yo solicite originalmente,"pedi verificarme para nivel 2 pero me aprobaron directamente en nivel 1, no entiendo por que no llegue al nivel que solicite.",Medium,Resolved,qm:96e3bf0d-beea-4cd2-bca9-568ee30412d2:af30ed9d-7e74-4e4e-8304-5e91abcd1392,maxyjulio18@gmail.com,Tokenia App,Service Request,Verificación de identidad,24/Jan/26 11:30 AM,"24/Jan/26 11:50 AM;maxyjulio18@gmail.com;Hola, es posible que falte algún documento específico requerido para el nivel 2, como el comprobante de ingresos. Revisá en Perfil > Verificación si hay algún paso pendiente para completar ese nivel.","24/Jan/26 12:10 PM;qm:96e3bf0d-beea-4cd2-bca9-568ee30412d2:af30ed9d-7e74-4e4e-8304-5e91abcd1392;tenia razon, me faltaba subir el comprobante de ingresos. gracias"
quiero saber si puedo verificar mi identidad si mi documento esta parcialmente dañado,"mi dni tiene una esquina doblada y un poco gastada, sigue siendo aceptable para el proceso de verificacion o necesito renovarlo primero?",Medium,Resolved,qm:96e3bf0d-beea-4cd2-bca9-568ee30412d2:9700668d-bb18-4ce6-a136-d0d4eac1741d,maximilianojavierjulio@gmail.com,Tokenia Web,Service Request,Verificación de identidad,30/Jun/25 2:50 PM,"30/Jun/25 3:10 PM;maximilianojavierjulio@gmail.com;Hola, siempre que el documento sea legible y todos los datos y la foto se vean claramente, un daño menor como una esquina doblada no debería impedir la verificación. Intentá subirlo y si es rechazado por ese motivo, te recomendamos renovarlo.","30/Jun/25 3:30 PM;qm:96e3bf0d-beea-4cd2-bca9-568ee30412d2:9700668d-bb18-4ce6-a136-d0d4eac1741d;lo voy a intentar primero, gracias"
quiero saber si puedo ver el detalle de fees pagados por red a lo largo del tiempo,"me gustaria un resumen de cuanto pague en total de comisiones de red para retiros de cripto durante el año, separado del resto de comisiones.",Medium,Resolved,qm:96e3bf0d-beea-4cd2-bca9-568ee30412d2:9700668d-bb18-4ce6-a136-d0d4eac1741d,maxi220julio@gmail.com,Tokenia Web,Service Request,Billetera y direcciones,11/Jun/25 2:00 PM,"11/Jun/25 2:20 PM;maxi220julio@gmail.com;Hola, por el momento el resumen exportable no separa específicamente los fees de red del resto de las comisiones. Tomamos en cuenta tu sugerencia para futuras mejoras del reporte.","11/Jun/25 2:40 PM;qm:96e3bf0d-beea-4cd2-bca9-568ee30412d2:9700668d-bb18-4ce6-a136-d0d4eac1741d;entendido, gracias igual"
mi billetera muestra el nombre de una cripto en ingles en vez de en español,cambie el idioma de la app a español pero el nombre de una cripto especifica sigue apareciendo en ingles en mi billetera.,Low,Resolved,qm:96e3bf0d-beea-4cd2-bca9-568ee30412d2:af30ed9d-7e74-4e4e-8304-5e91abcd1392,maximilianojavierjulio@gmail.com,Tokenia App,Service Request,Billetera y direcciones,24/Sep/25 10:40 AM,"24/Sep/25 11:00 AM;maximilianojavierjulio@gmail.com;Hola, gracias por avisarnos, el nombre técnico de algunas criptomonedas se mantiene en su idioma original internacional (generalmente inglés) por convención de la industria, mientras que el resto de la interfaz sí se traduce.","24/Sep/25 11:20 AM;qm:96e3bf0d-beea-4cd2-bca9-568ee30412d2:af30ed9d-7e74-4e4e-8304-5e91abcd1392;ah entendido, tiene sentido. gracias"
puedo saber si tokenia planea agregar polkadot o cosmos a la lista de criptomonedas,"me interesan esas dos criptos especificas, hay planes concretos de agregarlas proximamente a la plataforma?",Low,Resolved,qm:96e3bf0d-beea-4cd2-bca9-568ee30412d2:9700668d-bb18-4ce6-a136-d0d4eac1741d,maxyjulio18@gmail.com,Tokenia Email,General request,Billetera y direcciones,7/Nov/25 1:20 PM,"7/Nov/25 1:40 PM;maxyjulio18@gmail.com;Hola, no compartimos planes específicos de incorporación de nuevas criptomonedas antes de que sean oficiales, pero tomamos en cuenta tu interés en Polkadot y Cosmos para la evaluación.","7/Nov/25 2:00 PM;qm:96e3bf0d-beea-4cd2-bca9-568ee30412d2:9700668d-bb18-4ce6-a136-d0d4eac1741d;entendido, espero que las agreguen pronto"
mi billetera muestra un saldo diferente segun si entro desde el celular o la web,"el saldo de una cripto especifica se ve distinto entre la app y la web, aunque deberia ser el mismo. es un error de sincronizacion?",Medium,Escalated,qm:96e3bf0d-beea-4cd2-bca9-568ee30412d2:af30ed9d-7e74-4e4e-8304-5e91abcd1392,maximilianojavierjulio@gmail.com,Tokenia App,Service Request,Billetera y direcciones,19/Dec/25 4:20 PM,"19/Dec/25 4:40 PM;maximilianojavierjulio@gmail.com;Hola, gracias por avisarnos, un saldo distinto entre plataformas requiere revisión inmediata. Vamos a escalar tu caso al equipo técnico para verificar la sincronización de tu cuenta y confirmar el saldo real.",
quiero saber si puedo ver una estimacion de ganancia si vendiera todo mi portfolio ahora mismo,"me gustaria ver rapido cuanto ganaria o perderia si vendiera todo mi portfolio en este preciso momento, sin tener que hacer el calculo manual.",Low,Resolved,qm:96e3bf0d-beea-4cd2-bca9-568ee30412d2:9700668d-bb18-4ce6-a136-d0d4eac1741d,maxyjulio18@gmail.com,Tokenia Web,Service Request,Billetera y direcciones,2/Aug/25 11:10 AM,"2/Aug/25 11:30 AM;maxyjulio18@gmail.com;Hola, sí, en la sección Portfolio vas a ver la ganancia o pérdida no realizada total, calculada automáticamente en base al precio actual de mercado comparado con tu precio promedio de compra.","2/Aug/25 11:50 AM;qm:96e3bf0d-beea-4cd2-bca9-568ee30412d2:9700668d-bb18-4ce6-a136-d0d4eac1741d;genial, ya lo vi. gracias"
puedo agregar una nota personal a cada direccion guardada de retiro,"quiero poder agregar una nota o descripcion a mis direcciones favoritas, ademas del nombre, para recordar mejor de que se trata cada una.",Low,Resolved,qm:96e3bf0d-beea-4cd2-bca9-568ee30412d2:af30ed9d-7e74-4e4e-8304-5e91abcd1392,maximilianojavierjulio@gmail.com,Tokenia Email,General request,Billetera y direcciones,14/Apr/25 2:40 PM,"14/Apr/25 3:00 PM;maximilianojavierjulio@gmail.com;Hola, por el momento solo podés asignar un nombre a cada dirección guardada, no contamos con un campo adicional de nota o descripción. Tomamos en cuenta tu sugerencia.","14/Abr/25 3:20 PM;qm:96e3bf0d-beea-4cd2-bca9-568ee30412d2:af30ed9d-7e74-4e4e-8304-5e91abcd1392;entendido, con el nombre me arreglo por ahora"
quiero saber si tokenia soporta redes layer 2 para bitcoin como lightning network,"para reducir comisiones de red al operar btc en montos chicos, tokenia soporta la red lightning?",Medium,Resolved,qm:96e3bf0d-beea-4cd2-bca9-568ee30412d2:9700668d-bb18-4ce6-a136-d0d4eac1741d,maxyjulio18@gmail.com,Tokenia Web,Service Request,Billetera y direcciones,30/Oct/25 3:10 PM,"30/Oct/25 3:30 PM;maxyjulio18@gmail.com;Hola, por el momento no contamos con soporte para Lightning Network, únicamente operamos con la red principal de Bitcoin. Es algo que estamos evaluando incorporar en el futuro.","30/Oct/25 3:50 PM;qm:96e3bf0d-beea-4cd2-bca9-568ee30412d2:9700668d-bb18-4ce6-a136-d0d4eac1741d;entendido, espero que lo agreguen"
mi billetera de ada no muestra las recompensas de staking que tenia en otra plataforma,"traje mi ada desde otro exchange donde tenia staking activo, las recompensas acumuladas se transfirieron tambien o solo el capital?",Medium,Resolved,qm:96e3bf0d-beea-4cd2-bca9-568ee30412d2:af30ed9d-7e74-4e4e-8304-5e91abcd1392,maximilianojavierjulio@gmail.com,Tokenia App,Service Request,Billetera y direcciones,6/Feb/26 1:20 PM,"6/Feb/26 1:40 PM;maximilianojavierjulio@gmail.com;Hola, un depósito de ADA transfiere únicamente el capital enviado en la transacción de la blockchain. Cualquier recompensa de staking acumulada en la otra plataforma debería haberse liquidado ahí antes de retirar.","6/Feb/26 2:00 PM;qm:96e3bf0d-beea-4cd2-bca9-568ee30412d2:9700668d-bb18-4ce6-a136-d0d4eac1741d;entendido, voy a revisar en la otra plataforma. gracias"
quiero saber si puedo configurar mi cripto favorita para que aparezca primero en la lista,"tengo varias criptos pero uso mas frecuentemente una en particular, se puede fijar arriba de la lista para acceder mas rapido?",Low,Resolved,qm:96e3bf0d-beea-4cd2-bca9-568ee30412d2:9700668d-bb18-4ce6-a136-d0d4eac1741d,maxyjulio18@gmail.com,Tokenia App,Service Request,Billetera y direcciones,18/Jun/25 4:00 PM,"18/Jun/25 4:20 PM;maxyjulio18@gmail.com;Hola, sí, podés mantener presionado el ícono de una criptomoneda en tu lista de billetera y arrastrarla hacia arriba para fijarla en primer lugar.","18/Jun/25 4:40 PM;qm:96e3bf0d-beea-4cd2-bca9-568ee30412d2:9700668d-bb18-4ce6-a136-d0d4eac1741d;genial, no sabia que se podia. gracias"
mi billetera no refleja el precio actualizado de una cripto poco liquida,tengo una altcoin con poco movimiento y el precio que muestra la app parece desactualizado comparado con lo que veo en otros sitios.,Medium,Resolved,qm:96e3bf0d-beea-4cd2-bca9-568ee30412d2:af30ed9d-7e74-4e4e-8304-5e91abcd1392,maximilianojavierjulio@gmail.com,Tokenia Web,Service Request,Billetera y direcciones,21/Nov/25 2:50 PM,"21/Nov/25 3:10 PM;maximilianojavierjulio@gmail.com;Hola, gracias por avisarnos, para criptomonedas de menor liquidez es posible que la actualización de precio tenga una leve demora respecto a otras fuentes. Vamos a revisar el caso puntual de esa moneda con nuestro equipo técnico.",21/Nov/25 3:30 PM;qm:96e3bf0d-beea-4cd2-bca9-568ee30412d2:9700668d-bb18-4ce6-a136-d0d4eac1741d;gracias por revisarlo
quiero saber si puedo comprar cripto usando saldo pendiente de un deposito no confirmado del todo,"tengo un deposito con algunas confirmaciones pero no todas las necesarias, puedo usar ese saldo parcial para comprar mientras se termina de confirmar?",Low,Resolved,qm:96e3bf0d-beea-4cd2-bca9-568ee30412d2:9700668d-bb18-4ce6-a136-d0d4eac1741d,maxi220julio@gmail.com,Tokenia App,Service Request,Operaciones de compra/venta crypto,9/May/25 11:40 AM,"9/May/25 12:00 PM;maxi220julio@gmail.com;Hola, no, el saldo solo está disponible para operar una vez que el depósito alcanza el número de confirmaciones requeridas por completo, no hay disponibilidad parcial antes de eso.","9/May/25 12:20 PM;qm:96e3bf0d-beea-4cd2-bca9-568ee30412d2:9700668d-bb18-4ce6-a136-d0d4eac1741d;entendido, voy a esperar entonces"
mi orden de venta se cancelo automaticamente por exceder el limite de precio permitido,"puse una orden a un precio muy alejado del mercado y se cancelo sola, hay un rango maximo permitido de desviacion del precio?",Low,Resolved,qm:96e3bf0d-beea-4cd2-bca9-568ee30412d2:af30ed9d-7e74-4e4e-8304-5e91abcd1392,maximilianojavierjulio@gmail.com,Tokenia Web,Service Request,Operaciones de compra/venta crypto,16/Oct/25 2:20 PM,"16/Oct/25 2:40 PM;maximilianojavierjulio@gmail.com;Hola, sí, el sistema limita las órdenes a un rango razonable respecto al precio de mercado actual, como medida de protección para evitar errores de tipeo con muchos ceros de más o de menos.","16/Oct/25 3:00 PM;qm:96e3bf0d-beea-4cd2-bca9-568ee30412d2:9700668d-bb18-4ce6-a136-d0d4eac1741d;ah tiene sentido, gracias por la explicacion"
puedo ver el rendimiento total de mi cuenta desde que empece a operar,"me gustaria ver un numero unico que resuma cuanto gane o perdi en total desde mi primera operacion hasta hoy, considerando todo junto.",Medium,Resolved,qm:96e3bf0d-beea-4cd2-bca9-568ee30412d2:9700668d-bb18-4ce6-a136-d0d4eac1741d,maxyjulio18@gmail.com,Tokenia App,Service Request,Operaciones de compra/venta crypto,3/Dec/25 10:30 AM,"3/Dec/25 10:50 AM;maxyjulio18@gmail.com;Hola, por el momento no contamos con un indicador único de rendimiento histórico total consolidado, pero podés ver la ganancia o pérdida no realizada actual por cada criptomoneda en Portfolio.","3/Dec/25 11:10 AM;qm:96e3bf0d-beea-4cd2-bca9-568ee30412d2:9700668d-bb18-4ce6-a136-d0d4eac1741d;entendido, gracias igual"
mi compra de eth se ejecuto en dos transacciones distintas de blockchain sin que yo lo pidiera,"compre eth y en el detalle veo dos hash distintos de transaccion, no entiendo por que se dividio en dos movimientos de blockchain.",Medium,Resolved,qm:96e3bf0d-beea-4cd2-bca9-568ee30412d2:af30ed9d-7e74-4e4e-8304-5e91abcd1392,maximilianojavierjulio@gmail.com,Tokenia Web,Service Request,Operaciones de compra/venta crypto,27/Aug/25 4:00 PM,"27/Aug/25 4:20 PM;maximilianojavierjulio@gmail.com;Hola, las compras dentro de Tokenia no generan movimientos en la blockchain pública, ya que se procesan internamente en nuestra plataforma. Es posible que hayas visto identificadores internos de operación, no hashes de blockchain real.","27/Aug/25 4:40 PM;qm:96e3bf0d-beea-4cd2-bca9-568ee30412d2:9700668d-bb18-4ce6-a136-d0d4eac1741d;ah tiene sentido, gracias por aclarar"
quiero saber si tokenia aplica algun tipo de comision negativa o rebate en operaciones grandes,"algunos exchanges dan rebates o comisiones negativas a usuarios que aportan liquidez, tokenia tiene algo similar?",Low,Resolved,qm:96e3bf0d-beea-4cd2-bca9-568ee30412d2:9700668d-bb18-4ce6-a136-d0d4eac1741d,maxyjulio18@gmail.com,Tokenia Email,General request,Operaciones de compra/venta crypto,11/Jul/25 1:10 PM,"11/Jul/25 1:30 PM;maxyjulio18@gmail.com;Hola, por el momento no contamos con un programa de rebates o comisiones negativas para proveedores de liquidez. Tomamos en cuenta tu consulta para evaluarlo en el futuro.","11/Jul/25 1:50 PM;qm:96e3bf0d-beea-4cd2-bca9-568ee30412d2:9700668d-bb18-4ce6-a136-d0d4eac1741d;entendido, gracias por la info"
mi compra de sol se ejecuto pero el saldo tardo en reflejarse en mi portfolio total,"compre sol y el detalle de la operacion dice completada, pero el valor total de mi portfolio tardo unos minutos en actualizarse con esa compra.",Low,Resolved,qm:96e3bf0d-beea-4cd2-bca9-568ee30412d2:af30ed9d-7e74-4e4e-8304-5e91abcd1392,maximilianojavierjulio@gmail.com,Tokenia App,Service Request,Operaciones de compra/venta crypto,5/Jan/26 2:40 PM,"5/Jan/26 3:00 PM;maximilianojavierjulio@gmail.com;Hola, puede haber una pequeña demora en la actualización del cálculo total del portfolio, aunque la operación individual ya se refleje como completada. Refrescar la pantalla principal debería sincronizarlo.","5/Jan/26 3:20 PM;qm:96e3bf0d-beea-4cd2-bca9-568ee30412d2:9700668d-bb18-4ce6-a136-d0d4eac1741d;ya se actualizo, gracias"
puedo saber si el precio de compra que veo incluye ya el impuesto pais si aplicara,"para operaciones en dolares, el precio ya contempla algun impuesto tipo impuesto pais o eso se calcula aparte al momento de retirar?",Medium,Resolved,qm:96e3bf0d-beea-4cd2-bca9-568ee30412d2:9700668d-bb18-4ce6-a136-d0d4eac1741d,maxyjulio18@gmail.com,Tokenia Web,Service Request,Operaciones de compra/venta crypto,22/Sep/25 11:50 AM,"22/Sep/25 12:10 PM;maxyjulio18@gmail.com;Hola, las operaciones de compraventa de criptomonedas dentro de Tokenia no tienen aplicado el impuesto país, ya que ese impuesto corresponde específicamente a la compra de dólares en el sistema bancario tradicional, no a operaciones cripto.","22/Sep/25 12:30 PM;qm:96e3bf0d-beea-4cd2-bca9-568ee30412d2:9700668d-bb18-4ce6-a136-d0d4eac1741d;ah que bueno, gracias por la aclaracion"
mi orden de compra rechazada me devolvio el saldo pero con demora de varios minutos,"cancele una compra y el dinero volvio a mi saldo disponible, pero tardo unos minutos en reflejarse, es normal esa demora en la devolucion?",Low,Resolved,qm:96e3bf0d-beea-4cd2-bca9-568ee30412d2:af30ed9d-7e74-4e4e-8304-5e91abcd1392,maximilianojavierjulio@gmail.com,Tokenia App,Service Request,Operaciones de compra/venta crypto,14/Feb/26 1:10 PM,"14/Feb/26 1:30 PM;maximilianojavierjulio@gmail.com;Hola, sí, la devolución del saldo puede tardar unos minutos en procesarse internamente, aunque la cancelación de la orden se muestre inmediata.","14/Feb/26 1:50 PM;qm:96e3bf0d-beea-4cd2-bca9-568ee30412d2:9700668d-bb18-4ce6-a136-d0d4eac1741d;entendido, gracias por confirmar"
quiero saber si puedo consultar el volumen total operado por todos los usuarios de tokenia,"por curiosidad, se puede ver algun dato publico del volumen total de operaciones diarias de toda la plataforma?",Low,Resolved,qm:96e3bf0d-beea-4cd2-bca9-568ee30412d2:9700668d-bb18-4ce6-a136-d0d4eac1741d,maxyjulio18@gmail.com,Tokenia Web,Service Request,Operaciones de compra/venta crypto,8/Apr/26 10:30 AM,"8/Abr/26 10:50 AM;maxyjulio18@gmail.com;Hola, por políticas internas no publicamos datos agregados de volumen total operado por la plataforma. Solo tenés acceso al detalle de tus propias operaciones.","8/Abr/26 11:10 AM;qm:96e3bf0d-beea-4cd2-bca9-568ee30412d2:9700668d-bb18-4ce6-a136-d0d4eac1741d;entendido, gracias por la respuesta"
mi venta de btc se completo pero el spread aplicado parecio inusualmente bajo,"vendi btc y el spread que se aplico fue mas bajo de lo que suelo ver, no me quejo pero queria entender por que en ese momento especifico fue asi.",Low,Resolved,qm:96e3bf0d-beea-4cd2-bca9-568ee30412d2:af30ed9d-7e74-4e4e-8304-5e91abcd1392,maximilianojavierjulio@gmail.com,Tokenia Web,Service Request,Operaciones de compra/venta crypto,19/Oct/25 3:30 PM,"19/Oct/25 3:50 PM;maximilianojavierjulio@gmail.com;Hola, es probable que hayas operado en un momento de alta liquidez y volumen en el mercado, lo que reduce el spread aplicado. Esos momentos suelen coincidir con mayor actividad general del mercado.","19/Oct/25 4:10 PM;qm:96e3bf0d-beea-4cd2-bca9-568ee30412d2:9700668d-bb18-4ce6-a136-d0d4eac1741d;entendido, buen momento entonces para operar. gracias"
mi deposito de usdt trc20 tardo mas que el promedio que me dijeron antes,"me comentaron que trc20 tarda pocos minutos pero mi deposito lleva mas de media hora sin acreditarse, es normal esa variacion?",Medium,Resolved,qm:96e3bf0d-beea-4cd2-bca9-568ee30412d2:9700668d-bb18-4ce6-a136-d0d4eac1741d,maxi220julio@gmail.com,Tokenia App,Service Request,Depósitos y retiros,6/Jun/25 3:10 PM,"6/Jun/25 3:30 PM;maxi220julio@gmail.com;Hola, aunque TRC-20 suele ser rápida, en momentos de congestión puntual de la red puede tardar un poco más de lo habitual. Pasanos el hash de la transacción para revisar el estado exacto.","6/Jun/25 3:50 PM;qm:96e3bf0d-beea-4cd2-bca9-568ee30412d2:9700668d-bb18-4ce6-a136-d0d4eac1741d;ya se acredito justo, gracias"
puedo cancelar un retiro de pesos y elegir otra cuenta bancaria de destino,"pedi un retiro pero me di cuenta que elegi la cuenta bancaria equivocada, todavia pendiente, puedo cambiar el destino sin cancelar todo?",Medium,Resolved,qm:96e3bf0d-beea-4cd2-bca9-568ee30412d2:af30ed9d-7e74-4e4e-8304-5e91abcd1392,maximilianojavierjulio@gmail.com,Tokenia Web,Service Request,Depósitos y retiros,20/Oct/25 1:40 PM,"20/Oct/25 2:00 PM;maximilianojavierjulio@gmail.com;Hola, no es posible cambiar el destino de un retiro ya solicitado, pero mientras esté pendiente sí podés cancelarlo por completo y volver a solicitarlo con la cuenta bancaria correcta.","20/Oct/25 2:20 PM;qm:96e3bf0d-beea-4cd2-bca9-568ee30412d2:9700668d-bb18-4ce6-a136-d0d4eac1741d;llegue a cancelarlo a tiempo, gracias"
mi retiro de btc a un exchange internacional fue rechazado por la otra plataforma,"mande btc a binance y me lo rechazaron desde el otro lado, el dinero volvio a tokenia o se perdio?",High,Resolved,qm:96e3bf0d-beea-4cd2-bca9-568ee30412d2:9700668d-bb18-4ce6-a136-d0d4eac1741d,maxyjulio18@gmail.com,Tokenia App,Service Request,Depósitos y retiros,3/Sep/25 4:00 PM,"3/Sep/25 4:20 PM;maxyjulio18@gmail.com;Hola, si la transacción fue rechazada antes de confirmarse en la blockchain, los fondos deberían seguir en la dirección de Tokenia. Pasanos el hash de la transacción para verificar el estado exacto y confirmar si el saldo está disponible.","3/Sep/25 4:40 PM;qm:96e3bf0d-beea-4cd2-bca9-568ee30412d2:9700668d-bb18-4ce6-a136-d0d4eac1741d;confirmado, el saldo seguia en mi cuenta. gracias"
quiero saber si el retiro de eth a una direccion de contrato inteligente funciona igual,"quiero retirar eth a la direccion de un contrato inteligente, no una wallet personal comun. eso genera algun problema especial?",Medium,Resolved,qm:96e3bf0d-beea-4cd2-bca9-568ee30412d2:af30ed9d-7e74-4e4e-8304-5e91abcd1392,maximilianojavierjulio@gmail.com,Tokenia Email,General request,Depósitos y retiros,11/Dec/25 10:20 AM,"11/Dec/25 10:40 AM;maximilianojavierjulio@gmail.com;Hola, técnicamente funciona igual que enviar a cualquier dirección de la red Ethereum, pero te recomendamos verificar bien que el contrato acepte depósitos directos antes de enviar, ya que algunos contratos no están diseñados para recibir fondos así.","11/Dec/25 11:00 AM;qm:96e3bf0d-beea-4cd2-bca9-568ee30412d2:9700668d-bb18-4ce6-a136-d0d4eac1741d;voy a verificar antes, gracias por el aviso"
mi deposito de pesos se acredito parcialmente y no se por que,"transferi 100000 pesos pero en tokenia solo me acreditaron 80000, no entiendo de donde sale esa diferencia de 20000.",High,Escalated,qm:96e3bf0d-beea-4cd2-bca9-568ee30412d2:9700668d-bb18-4ce6-a136-d0d4eac1741d,maxyjulio18@gmail.com,Tokenia Web,Service Request,Depósitos y retiros,27/Nov/25 2:20 PM,"27/Nov/25 2:40 PM;maxyjulio18@gmail.com;Hola, una diferencia de ese monto amerita revisión detallada. Vamos a escalar tu caso al equipo de operaciones con el comprobante de tu transferencia para verificar qué ocurrió con el monto faltante.",
puedo saber si el retiro de usdc por polygon esta disponible en tokenia,"quiero retirar usdc pero por la red polygon para ahorrar en comisiones, tokenia soporta esa red para usdc?",Low,Resolved,qm:96e3bf0d-beea-4cd2-bca9-568ee30412d2:af30ed9d-7e74-4e4e-8304-5e91abcd1392,maximilianojavierjulio@gmail.com,Tokenia App,Service Request,Depósitos y retiros,15/Jul/25 12:50 PM,"15/Jul/25 1:10 PM;maximilianojavierjulio@gmail.com;Hola, por el momento no contamos con soporte para la red Polygon en ninguna criptomoneda, incluido USDC. Las redes disponibles para retiro son las que ya te comentamos anteriormente.","15/Jul/25 1:30 PM;qm:96e3bf0d-beea-4cd2-bca9-568ee30412d2:9700668d-bb18-4ce6-a136-d0d4eac1741d;entendido, voy a usar otra red entonces"
mi retiro fue marcado como sospechoso por el monto exacto que coincide con un limite,"pedi retirar justo el monto maximo permitido y el sistema lo marco como sospechoso, es porque coincide exactamente con el limite?",Medium,Resolved,qm:96e3bf0d-beea-4cd2-bca9-568ee30412d2:9700668d-bb18-4ce6-a136-d0d4eac1741d,maxyjulio18@gmail.com,Tokenia App,Service Request,Depósitos y retiros,9/Feb/26 3:40 PM,"9/Feb/26 4:00 PM;maxyjulio18@gmail.com;Hola, sí, operar exactamente en el límite máximo puede activar una revisión automática adicional. Ya verificamos tu operación y confirmamos que es legítima, procesándola con normalidad.",9/Feb/26 4:20 PM;qm:96e3bf0d-beea-4cd2-bca9-568ee30412d2:9700668d-bb18-4ce6-a136-d0d4eac1741d;gracias por resolverlo rapido
quiero saber si puedo depositar cripto desde una billetera fria hardware directamente,"tengo mis fondos en un ledger, se puede depositar directo desde ahi a tokenia sin pasar por un exchange intermedio?",Low,Resolved,qm:96e3bf0d-beea-4cd2-bca9-568ee30412d2:af30ed9d-7e74-4e4e-8304-5e91abcd1392,maximilianojavierjulio@gmail.com,Tokenia Email,General request,Depósitos y retiros,23/Apr/25 11:10 AM,"23/Abr/25 11:30 AM;maximilianojavierjulio@gmail.com;Hola, sí, podés enviar directamente desde tu Ledger a la dirección de depósito de Tokenia, funciona igual que cualquier envío desde una billetera externa.","23/Abr/25 11:50 AM;qm:96e3bf0d-beea-4cd2-bca9-568ee30412d2:9700668d-bb18-4ce6-a136-d0d4eac1741d;perfecto, gracias por confirmar"
mi deposito de dai se acredito como usdc por error,"mande dai a mi direccion de erc20 y en tokenia me aparecio acreditado como usdc en vez de dai, que paso ahi?",High,Escalated,qm:96e3bf0d-beea-4cd2-bca9-568ee30412d2:9700668d-bb18-4ce6-a136-d0d4eac1741d,maxyjulio18@gmail.com,Tokenia Web,Service Request,Depósitos y retiros,16/Oct/25 3:50 PM,"16/Oct/25 4:10 PM;maxyjulio18@gmail.com;Hola, esto requiere revisión técnica inmediata. Vamos a escalar tu caso con el hash de la transacción para verificar exactamente qué token se recibió y corregir el registro si corresponde.",
puedo ver cuanto tarda en promedio un retiro segun el banco de destino,"para distintos bancos argentinos, hay alguna diferencia de tiempo de acreditacion de retiros de tokenia?",Low,Resolved,qm:96e3bf0d-beea-4cd2-bca9-568ee30412d2:af30ed9d-7e74-4e4e-8304-5e91abcd1392,maximilianojavierjulio@gmail.com,Tokenia Email,General request,Depósitos y retiros,1/Sep/25 10:00 AM,"1/Sep/25 10:20 AM;maximilianojavierjulio@gmail.com;Hola, en general el tiempo de acreditación es similar entre bancos, dentro de las 24 horas hábiles, aunque algunos bancos pueden procesar transferencias inmediatas más rápido que otros según su propia infraestructura.","1/Sep/25 10:40 AM;qm:96e3bf0d-beea-4cd2-bca9-568ee30412d2:9700668d-bb18-4ce6-a136-d0d4eac1741d;entendido, gracias por la info"
quiero saber si tokenia ofrece cuentas conjuntas para parejas o familias,"mi pareja y yo queremos manejar una cuenta cripto en conjunto, tokenia permite cuentas compartidas entre dos personas?",Low,Resolved,qm:96e3bf0d-beea-4cd2-bca9-568ee30412d2:9700668d-bb18-4ce6-a136-d0d4eac1741d,maxi220julio@gmail.com,Tokenia Email,General request,Información y consultas generales,10/Jun/25 2:20 PM,"10/Jun/25 2:40 PM;maxi220julio@gmail.com;Hola, por el momento no contamos con cuentas conjuntas, cada cuenta debe estar asociada a una única persona verificada individualmente.","10/Jun/25 3:00 PM;qm:96e3bf0d-beea-4cd2-bca9-568ee30412d2:9700668d-bb18-4ce6-a136-d0d4eac1741d;entendido, gracias por confirmar"
necesito saber si tokenia participa en algun indice de sostenibilidad ambiental cripto,"algunas plataformas destacan el uso de energia renovable o compensacion de carbono, tokenia comunica algo sobre ese tema?",Low,Resolved,qm:96e3bf0d-beea-4cd2-bca9-568ee30412d2:af30ed9d-7e74-4e4e-8304-5e91abcd1392,maximilianojavierjulio@gmail.com,Tokenia Web,Service Request,Información y consultas generales,24/Sep/25 11:40 AM,"24/Sep/25 12:00 PM;maximilianojavierjulio@gmail.com;Hola, por el momento no contamos con un programa de sostenibilidad ambiental formal, pero valoramos mucho la sugerencia y la vamos a tener presente.","24/Sep/25 12:20 PM;qm:96e3bf0d-beea-4cd2-bca9-568ee30412d2:9700668d-bb18-4ce6-a136-d0d4eac1741d;entendido, ojala lo evaluen a futuro"
quiero saber si tokenia tiene planes de cotizar en bolsa en el futuro,"por curiosidad de inversion, tokenia tiene planes de convertirse en una empresa publica cotizante en algun momento?",Low,Resolved,qm:96e3bf0d-beea-4cd2-bca9-568ee30412d2:9700668d-bb18-4ce6-a136-d0d4eac1741d,maxyjulio18@gmail.com,Tokenia Email,General request,Información y consultas generales,7/Jan/26 9:20 AM,"7/Jan/26 9:40 AM;maxyjulio18@gmail.com;Hola, por políticas internas no compartimos planes corporativos futuros de este tipo antes de que sean oficiales. Cualquier novedad relevante la comunicaríamos públicamente.","7/Jan/26 10:00 AM;qm:96e3bf0d-beea-4cd2-bca9-568ee30412d2:9700668d-bb18-4ce6-a136-d0d4eac1741d;entendido, gracias por la respuesta"
como puedo saber cual es la version mas reciente de la app disponible,quiero confirmar si tengo la ultima version de tokenia instalada o hay una actualizacion pendiente que no vi.,Low,Resolved,qm:96e3bf0d-beea-4cd2-bca9-568ee30412d2:af30ed9d-7e74-4e4e-8304-5e91abcd1392,maximilianojavierjulio@gmail.com,Tokenia App,Service Request,Información y consultas generales,19/Aug/25 3:00 PM,"19/Aug/25 3:20 PM;maximilianojavierjulio@gmail.com;Hola, podés verificar si tenés la última versión desde la tienda de aplicaciones (Play Store o App Store) buscando Tokenia y revisando si aparece la opción de actualizar.","19/Aug/25 3:40 PM;qm:96e3bf0d-beea-4cd2-bca9-568ee30412d2:9700668d-bb18-4ce6-a136-d0d4eac1741d;ya confirme que tengo la ultima, gracias"
quiero saber si tokenia tiene alguna politica de devolucion en caso de error masivo del sistema,"en el hipotetico caso de un error masivo que afecte a muchos usuarios, tokenia tiene un protocolo definido de compensacion?",Medium,Resolved,qm:96e3bf0d-beea-4cd2-bca9-568ee30412d2:9700668d-bb18-4ce6-a136-d0d4eac1741d,maxyjulio18@gmail.com,Tokenia Web,Service Request,Información y consultas generales,2/Dec/25 1:50 PM,"2/Dec/25 2:10 PM;maxyjulio18@gmail.com;Hola, ante cualquier error de nuestro lado que afecte a los usuarios, evaluamos y corregimos cada caso según corresponda. Podés encontrar el detalle de nuestras políticas en los Términos y Condiciones publicados en el sitio.","2/Dec/25 2:30 PM;qm:96e3bf0d-beea-4cd2-bca9-568ee30412d2:9700668d-bb18-4ce6-a136-d0d4eac1741d;gracias, los voy a revisar"
necesito saber si puedo usar tokenia para pagos comerciales de mi pequeño negocio,"tengo un pequeño emprendimiento y me gustaria aceptar pagos en cripto de mis clientes usando tokenia, es viable para ese uso?",Medium,Resolved,qm:96e3bf0d-beea-4cd2-bca9-568ee30412d2:af30ed9d-7e74-4e4e-8304-5e91abcd1392,maximilianojavierjulio@gmail.com,Tokenia Email,General request,Información y consultas generales,14/Oct/25 10:40 AM,"14/Oct/25 11:00 AM;maximilianojavierjulio@gmail.com;Hola, podés recibir transferencias de tus clientes usando tu nombre de usuario o dirección de depósito, aunque no contamos con herramientas específicas de facturación comercial. Para un uso comercial más formal, te recomendamos evaluar abrir una cuenta empresarial.","14/Oct/25 11:20 AM;qm:96e3bf0d-beea-4cd2-bca9-568ee30412d2:9700668d-bb18-4ce6-a136-d0d4eac1741d;entendido, voy a evaluar la cuenta empresarial. gracias"
quiero saber si tokenia tiene un programa de fidelizacion para usuarios de mucho tiempo,"llevo mas de dos años usando tokenia regularmente, hay algun beneficio o reconocimiento para usuarios antiguos?",Low,Resolved,qm:96e3bf0d-beea-4cd2-bca9-568ee30412d2:9700668d-bb18-4ce6-a136-d0d4eac1741d,maxyjulio18@gmail.com,Tokenia Email,General request,Información y consultas generales,28/Mar/26 2:10 PM,"28/Mar/26 2:30 PM;maxyjulio18@gmail.com;Hola, gracias por tu confianza en la plataforma durante tanto tiempo. Por el momento no contamos con un programa de fidelización formal, pero valoramos mucho tu lealtad y lo tomamos en cuenta para futuras iniciativas.","28/Mar/26 2:50 PM;qm:96e3bf0d-beea-4cd2-bca9-568ee30412d2:9700668d-bb18-4ce6-a136-d0d4eac1741d;entendido, gracias por la respuesta"
como puedo saber si tokenia tiene alguna restriccion para profesiones especificas,"trabajo como funcionario publico, hay alguna restriccion particular para ese tipo de perfil laboral en tokenia?",Medium,Resolved,qm:96e3bf0d-beea-4cd2-bca9-568ee30412d2:af30ed9d-7e74-4e4e-8304-5e91abcd1392,maximilianojavierjulio@gmail.com,Tokenia Web,Service Request,Información y consultas generales,9/Sep/25 9:50 AM,"9/Sep/25 10:10 AM;maximilianojavierjulio@gmail.com;Hola, no tenemos restricciones generales por profesión, aunque en algunos casos podríamos solicitar información adicional durante la verificación según nuestras políticas de cumplimiento normativo, dependiendo del perfil de riesgo evaluado.","9/Sep/25 10:30 AM;qm:96e3bf0d-beea-4cd2-bca9-568ee30412d2:9700668d-bb18-4ce6-a136-d0d4eac1741d;entendido, gracias por la info"
mi deposito en pesos fue rechazado porque el cbu origen no coincide con mi titularidad,"hice la transferencia desde la cuenta de mi mama por error, y me rechazaron el deposito. como recupero esa plata?",High,Resolved,qm:96e3bf0d-beea-4cd2-bca9-568ee30412d2:9700668d-bb18-4ce6-a136-d0d4eac1741d,maxi220julio@gmail.com,Tokenia Web,Service Request,Operaciones de compra/venta fiat,5/Jun/25 11:30 AM,"5/Jun/25 11:50 AM;maxi220julio@gmail.com;Hola, como el depósito fue rechazado, el monto debería devolverse automáticamente a la cuenta de origen en un plazo de hasta 72 horas hábiles. Si no se refleja pasado ese tiempo, contactanos con el comprobante para hacer el seguimiento.","5/Jun/25 12:10 PM;qm:96e3bf0d-beea-4cd2-bca9-568ee30412d2:9700668d-bb18-4ce6-a136-d0d4eac1741d;entendido, voy a esperar entonces"
puedo saber el motivo especifico por el que rechazaron mi transferencia bancaria,"mi deposito fue rechazado pero no me dan un motivo claro, solo dice 'rechazado por validacion'. pueden darme mas detalle?",Medium,Resolved,qm:96e3bf0d-beea-4cd2-bca9-568ee30412d2:af30ed9d-7e74-4e4e-8304-5e91abcd1392,maximilianojavierjulio@gmail.com,Tokenia App,Service Request,Operaciones de compra/venta fiat,17/Sep/25 2:00 PM,"17/Sep/25 2:20 PM;maximilianojavierjulio@gmail.com;Hola, revisamos tu caso y el rechazo se debió a que el CBU de origen no coincidía con tu nombre registrado en Tokenia. Por políticas de prevención de lavado de dinero, solo aceptamos transferencias desde cuentas a tu propio nombre.","17/Sep/25 2:40 PM;qm:96e3bf0d-beea-4cd2-bca9-568ee30412d2:9700668d-bb18-4ce6-a136-d0d4eac1741d;entendido, gracias por la aclaracion"
quiero saber si puedo retirar pesos a una cuenta que no sea mia si tengo autorizacion legal,"tengo un poder legal para operar la cuenta de un familiar, puedo retirar a esa cuenta presentando la documentacion correspondiente?",Medium,Resolved,qm:96e3bf0d-beea-4cd2-bca9-568ee30412d2:9700668d-bb18-4ce6-a136-d0d4eac1741d,maxyjulio18@gmail.com,Tokenia Email,General request,Operaciones de compra/venta fiat,2/Nov/25 10:40 AM,"2/Nov/25 11:00 AM;maxyjulio18@gmail.com;Hola, para casos con poder legal necesitamos evaluar la documentación específica con nuestro equipo de cumplimiento. Escribinos con el detalle del poder para revisar si es posible habilitar esa excepción.","2/Nov/25 11:20 AM;qm:96e3bf0d-beea-4cd2-bca9-568ee30412d2:9700668d-bb18-4ce6-a136-d0d4eac1741d;te mando la documentacion ahora, gracias"
mi retiro de dolares fue procesado pero con una tasa de cambio distinta a la esperada,"pedi un retiro en dolares y la conversion final no coincidio con lo que vi antes de confirmar, hubo un cambio de cotizacion en el medio?",Medium,Resolved,qm:96e3bf0d-beea-4cd2-bca9-568ee30412d2:af30ed9d-7e74-4e4e-8304-5e91abcd1392,maximilianojavierjulio@gmail.com,Tokenia Web,Service Request,Operaciones de compra/venta fiat,14/Jan/26 3:10 PM,"14/Jan/26 3:30 PM;maximilianojavierjulio@gmail.com;Hola, es posible que la cotización haya variado levemente entre que viste el detalle y se procesó efectivamente el retiro, ya que el tipo de cambio se actualiza en tiempo real hasta el momento de la confirmación final.","14/Jan/26 3:50 PM;qm:96e3bf0d-beea-4cd2-bca9-568ee30412d2:9700668d-bb18-4ce6-a136-d0d4eac1741d;entendido, gracias por la explicacion"
puedo depositar pesos por transferencia desde una caja de ahorro y otra vez desde cuenta corriente,"tengo caja de ahorro y cuenta corriente en el mismo banco, ambas a mi nombre, puedo usar cualquiera de las dos para transferir a tokenia?",Low,Resolved,qm:96e3bf0d-beea-4cd2-bca9-568ee30412d2:9700668d-bb18-4ce6-a136-d0d4eac1741d,maxyjulio18@gmail.com,Tokenia App,Service Request,Operaciones de compra/venta fiat,28/Aug/25 1:20 PM,"28/Aug/25 1:40 PM;maxyjulio18@gmail.com;Hola, sí, podés usar cualquier cuenta bancaria a tu nombre, sea caja de ahorro o cuenta corriente, para hacer tus depósitos en Tokenia sin ningún problema.","28/Aug/25 2:00 PM;qm:96e3bf0d-beea-4cd2-bca9-568ee30412d2:9700668d-bb18-4ce6-a136-d0d4eac1741d;genial, gracias por confirmar"
mi retiro de pesos aparece con estado ambiguo entre pendiente y completado,en la app mi retiro figura de una forma en el listado general y de otra distinta cuando entro al detalle especifico. hay una inconsistencia visual?,Medium,Resolved,qm:96e3bf0d-beea-4cd2-bca9-568ee30412d2:af30ed9d-7e74-4e4e-8304-5e91abcd1392,maximilianojavierjulio@gmail.com,Tokenia Web,Service Request,Operaciones de compra/venta fiat,9/Dec/25 11:50 AM,"9/Dec/25 12:10 PM;maximilianojavierjulio@gmail.com;Hola, gracias por avisarnos, no debería haber diferencia entre esas dos vistas. Vamos a derivarlo a nuestro equipo técnico para corregir la inconsistencia. Mientras tanto, el estado real es el que ves en el detalle específico.",9/Dec/25 12:30 PM;qm:96e3bf0d-beea-4cd2-bca9-568ee30412d2:9700668d-bb18-4ce6-a136-d0d4eac1741d;gracias por confirmar cual es el correcto
quiero saber si hay un maximo de cuentas bancarias que puedo cargar en mi perfil,"tengo pensado cargar varias cuentas bancarias distintas, hay un limite de cantidad que se puedan registrar?",Low,Resolved,qm:96e3bf0d-beea-4cd2-bca9-568ee30412d2:9700668d-bb18-4ce6-a136-d0d4eac1741d,maxyjulio18@gmail.com,Tokenia Email,General request,Operaciones de compra/venta fiat,20/Apr/25 2:40 PM,"20/Abr/25 3:00 PM;maxyjulio18@gmail.com;Hola, no tenemos un límite estricto de cuentas bancarias que puedas cargar, siempre que todas estén a tu nombre y verificadas correctamente.","20/Abr/25 3:20 PM;qm:96e3bf0d-beea-4cd2-bca9-568ee30412d2:9700668d-bb18-4ce6-a136-d0d4eac1741d;entendido, gracias por confirmar"
mi cuenta bancaria fue rechazada por pertenecer a un banco no soportado,quise cargar una cuenta de un banco cooperativo chico y me dice que ese banco no esta soportado. tokenia tiene restricciones por tipo de banco?,Medium,Resolved,qm:96e3bf0d-beea-4cd2-bca9-568ee30412d2:af30ed9d-7e74-4e4e-8304-5e91abcd1392,maximilianojavierjulio@gmail.com,Tokenia App,Service Request,Operaciones de compra/venta fiat,6/Oct/25 3:30 PM,"6/Oct/25 3:50 PM;maximilianojavierjulio@gmail.com;Hola, en general aceptamos la mayoría de los bancos y entidades financieras registradas en el sistema bancario argentino. Si tu banco específico no fue reconocido, contactanos con el nombre exacto para verificar el caso.","6/Oct/25 4:10 PM;qm:96e3bf0d-beea-4cd2-bca9-568ee30412d2:9700668d-bb18-4ce6-a136-d0d4eac1741d;te paso el nombre del banco por privado, gracias"
puedo saber si el limite de deposito diario incluye tanto pesos como dolares sumados,"si deposito pesos y despues tambien dolares el mismo dia, ambos montos se suman al mismo limite diario o son independientes?",Low,Resolved,qm:96e3bf0d-beea-4cd2-bca9-568ee30412d2:9700668d-bb18-4ce6-a136-d0d4eac1741d,maxyjulio18@gmail.com,Tokenia Web,Service Request,Operaciones de compra/venta fiat,13/Nov/25 10:10 AM,"13/Nov/25 10:30 AM;maxyjulio18@gmail.com;Hola, los límites de depósito en pesos y en dólares se calculan de forma independiente, no se suman entre sí para un único tope diario.","13/Nov/25 10:50 AM;qm:96e3bf0d-beea-4cd2-bca9-568ee30412d2:9700668d-bb18-4ce6-a136-d0d4eac1741d;entendido, gracias por la aclaracion"
mi retiro fue exitoso pero el comprobante no tiene el numero de operacion visible,"recibi el retiro correctamente pero el comprobante que descargue no muestra el numero de operacion, lo necesito para un tramite.",Medium,Resolved,qm:96e3bf0d-beea-4cd2-bca9-568ee30412d2:af30ed9d-7e74-4e4e-8304-5e91abcd1392,maximilianojavierjulio@gmail.com,Tokenia App,Service Request,Operaciones de compra/venta fiat,24/Feb/26 1:20 PM,"24/Feb/26 1:40 PM;maximilianojavierjulio@gmail.com;Hola, gracias por avisarnos, ese dato debería estar visible en el comprobante. Vamos a derivarlo a nuestro equipo técnico y mientras tanto te enviamos el número de operación directamente por este medio.","24/Feb/26 2:00 PM;qm:96e3bf0d-beea-4cd2-bca9-568ee30412d2:9700668d-bb18-4ce6-a136-d0d4eac1741d;gracias por el numero, lo necesitaba urgente"
"mi cuenta pide clave nueva cada 90 dias, es una politica obligatoria","note que cada tres meses me piden cambiar la contraseña, es una politica de seguridad fija de tokenia o se puede desactivar?",Low,Resolved,qm:96e3bf0d-beea-4cd2-bca9-568ee30412d2:9700668d-bb18-4ce6-a136-d0d4eac1741d,maxi220julio@gmail.com,Tokenia Web,Service Request,Acceso y autenticación,3/Jul/25 2:00 PM,"3/Jul/25 2:20 PM;maxi220julio@gmail.com;Hola, no tenemos una política de cambio obligatorio de contraseña cada cierto período. Si te pidió cambiarla, puede haber sido por otro motivo puntual de seguridad en tu cuenta.","3/Jul/25 2:40 PM;qm:96e3bf0d-beea-4cd2-bca9-568ee30412d2:9700668d-bb18-4ce6-a136-d0d4eac1741d;ah entendido, gracias por la aclaracion"
quiero saber si el certificado ssl de la web de tokenia es visible y verificable,"para confiar mas en la seguridad de la conexion, como puedo verificar el certificado ssl de la pagina de tokenia desde el navegador?",Low,Resolved,qm:96e3bf0d-beea-4cd2-bca9-568ee30412d2:af30ed9d-7e74-4e4e-8304-5e91abcd1392,maximilianojavierjulio@gmail.com,Tokenia Email,General request,Acceso y autenticación,16/Oct/25 11:00 AM,"16/Oct/25 11:20 AM;maximilianojavierjulio@gmail.com;Hola, podés hacer clic en el ícono del candado junto a la dirección de nuestro sitio en tu navegador para ver el certificado SSL, que confirma que la conexión con tokenia.com está encriptada y verificada.","16/Oct/25 11:40 AM;qm:96e3bf0d-beea-4cd2-bca9-568ee30412d2:9700668d-bb18-4ce6-a136-d0d4eac1741d;genial, ya lo revise. gracias"
mi cuenta muestra un mensaje de bienvenida repetido cada vez que entro,"cada vez que abro la app me aparece el mensaje de bienvenida como si fuera la primera vez, aunque uso tokenia hace tiempo. es un error?",Low,Resolved,qm:96e3bf0d-beea-4cd2-bca9-568ee30412d2:9700668d-bb18-4ce6-a136-d0d4eac1741d,maxyjulio18@gmail.com,Tokenia App,Service Request,Acceso y autenticación,29/Sep/25 3:30 PM,"29/Sep/25 3:50 PM;maxyjulio18@gmail.com;Hola, gracias por avisarnos, ese mensaje debería aparecer solo la primera vez. Vamos a derivarlo a nuestro equipo técnico para revisar por qué se repite en tu caso.",29/Sep/25 4:10 PM;qm:96e3bf0d-beea-4cd2-bca9-568ee30412d2:9700668d-bb18-4ce6-a136-d0d4eac1741d;gracias por tomarlo en cuenta
quiero saber si puedo desactivar por completo el pedido de verificacion de dispositivo nuevo,"cada vez que entro desde un dispositivo distinto me pide verificacion extra, se puede desactivar esa capa de seguridad si confio en todos mis dispositivos?",Medium,Resolved,qm:96e3bf0d-beea-4cd2-bca9-568ee30412d2:af30ed9d-7e74-4e4e-8304-5e91abcd1392,maximilianojavierjulio@gmail.com,Tokenia Web,Service Request,Acceso y autenticación,12/Aug/25 2:50 PM,"12/Aug/25 3:10 PM;maximilianojavierjulio@gmail.com;Hola, esa verificación de dispositivo nuevo es una medida de seguridad estándar que no se puede desactivar completamente, ya que protege tu cuenta ante accesos no autorizados desde dispositivos desconocidos.","12/Aug/25 3:30 PM;qm:96e3bf0d-beea-4cd2-bca9-568ee30412d2:9700668d-bb18-4ce6-a136-d0d4eac1741d;entendido, prefiero esa seguridad igual. gracias"
mi cuenta pide confirmar identidad cada vez que cambio de operador de telefono,"cambie de compañia de celular manteniendo el mismo numero, y tokenia me pidio verificacion extra igual. tiene relacion con eso?",Low,Resolved,qm:96e3bf0d-beea-4cd2-bca9-568ee30412d2:9700668d-bb18-4ce6-a136-d0d4eac1741d,maxyjulio18@gmail.com,Tokenia App,Service Request,Acceso y autenticación,5/Feb/26 4:10 PM,"5/Feb/26 4:30 PM;maxyjulio18@gmail.com;Hola, sí, un cambio de operador puede afectar la validación de red asociada a tu número, activando una revisión de seguridad adicional aunque mantengas el mismo número de teléfono.","5/Feb/26 4:50 PM;qm:96e3bf0d-beea-4cd2-bca9-568ee30412d2:9700668d-bb18-4ce6-a136-d0d4eac1741d;entendido, gracias por la explicacion"
quiero saber si tokenia permite el ingreso mediante autenticacion sin contraseña,"vi que algunas apps ahora usan passkeys en vez de contraseña tradicional, tokenia tiene planes de implementar algo asi?",Low,Resolved,qm:96e3bf0d-beea-4cd2-bca9-568ee30412d2:af30ed9d-7e74-4e4e-8304-5e91abcd1392,maximilianojavierjulio@gmail.com,Tokenia Email,General request,Acceso y autenticación,21/May/25 1:20 PM,"21/May/25 1:40 PM;maximilianojavierjulio@gmail.com;Hola, por el momento el ingreso a Tokenia requiere contraseña tradicional. No contamos con soporte para passkeys, pero es una tecnología que estamos evaluando incorporar en el futuro.","21/May/25 2:00 PM;qm:96e3bf0d-beea-4cd2-bca9-568ee30412d2:9700668d-bb18-4ce6-a136-d0d4eac1741d;entendido, espero que lo agreguen"
mi cuenta detecto un cambio de resolucion de pantalla como un dispositivo nuevo,"conecte mi celular a un monitor externo y tokenia lo trato como un dispositivo distinto, pidiendome verificacion de nuevo.",Low,Resolved,qm:96e3bf0d-beea-4cd2-bca9-568ee30412d2:9700668d-bb18-4ce6-a136-d0d4eac1741d,maxyjulio18@gmail.com,Tokenia App,Service Request,Acceso y autenticación,9/Jul/25 3:40 PM,"9/Jul/25 4:00 PM;maxyjulio18@gmail.com;Hola, gracias por avisarnos, algunas configuraciones de hardware externas pueden alterar los parámetros que usamos para identificar tu dispositivo. Vamos a derivarlo a nuestro equipo técnico para revisar ese caso puntual.",9/Jul/25 4:20 PM;qm:96e3bf0d-beea-4cd2-bca9-568ee30412d2:9700668d-bb18-4ce6-a136-d0d4eac1741d;gracias por tomarlo en cuenta
quiero saber si tokenia guarda el historial de contraseñas anteriores para evitar reutilizarlas,"cuando cambio mi clave, el sistema recuerda mis contraseñas viejas para no dejarme repetirlas en el futuro?",Low,Resolved,qm:96e3bf0d-beea-4cd2-bca9-568ee30412d2:af30ed9d-7e74-4e4e-8304-5e91abcd1392,maximilianojavierjulio@gmail.com,Tokenia Web,Service Request,Acceso y autenticación,17/Dec/25 2:00 PM,"17/Dec/25 2:20 PM;maximilianojavierjulio@gmail.com;Hola, sí, como te comentamos antes, el sistema no permite reutilizar tu contraseña inmediatamente anterior al momento de hacer un cambio de clave.","17/Dec/25 2:40 PM;qm:96e3bf0d-beea-4cd2-bca9-568ee30412d2:9700668d-bb18-4ce6-a136-d0d4eac1741d;entendido, gracias por confirmar"
quiero saber si tokenia notifica si detectan mi contraseña en una filtracion de datos publica,"hay servicios que monitorean si tu clave aparecio en alguna filtracion conocida, tokenia hace algo asi automaticamente para avisarte?",Low,Resolved,qm:96e3bf0d-beea-4cd2-bca9-568ee30412d2:af30ed9d-7e74-4e4e-8304-5e91abcd1392,maxi220julio@gmail.com,Tokenia Email,General request,Seguridad de la cuenta,4/Jun/25 10:40 AM,"4/Jun/25 11:00 AM;maxi220julio@gmail.com;Hola, como te comentamos antes, validamos que tu contraseña no esté en listas conocidas de filtraciones al momento de crearla, pero no contamos con un monitoreo continuo posterior para avisarte si aparece en una nueva filtración.","4/Jun/25 11:20 AM;qm:96e3bf0d-beea-4cd2-bca9-568ee30412d2:af30ed9d-7e74-4e4e-8304-5e91abcd1392;entendido, voy a cambiarla de vez en cuando por las dudas"
mi cuenta detecto un acceso desde un navegador desactualizado como riesgo de seguridad,"me avisaron que un acceso desde un navegador viejo se marco como riesgo, deberia actualizar el navegador por seguridad entonces?",Low,Resolved,qm:96e3bf0d-beea-4cd2-bca9-568ee30412d2:9700668d-bb18-4ce6-a136-d0d4eac1741d,maximilianojavierjulio@gmail.com,Tokenia Web,Service Request,Seguridad de la cuenta,18/Sep/25 2:20 PM,"18/Sep/25 2:40 PM;maximilianojavierjulio@gmail.com;Hola, sí, te recomendamos mantener tu navegador actualizado, ya que las versiones antiguas pueden tener vulnerabilidades de seguridad conocidas que ponen en riesgo tu información.","18/Sep/25 3:00 PM;qm:96e3bf0d-beea-4cd2-bca9-568ee30412d2:9700668d-bb18-4ce6-a136-d0d4eac1741d;ya lo actualice, gracias por el consejo"
quiero saber si puedo configurar avisos de seguridad solo para operaciones grandes,"no quiero recibir alertas por cada movimiento chico, solo por operaciones que superen cierto monto. se puede filtrar asi?",Low,Resolved,qm:96e3bf0d-beea-4cd2-bca9-568ee30412d2:af30ed9d-7e74-4e4e-8304-5e91abcd1392,maxyjulio18@gmail.com,Tokenia App,Service Request,Seguridad de la cuenta,1/Dec/25 11:10 AM,"1/Dec/25 11:30 AM;maxyjulio18@gmail.com;Hola, por el momento las alertas de actividad no se pueden filtrar por monto mínimo, se activan para cualquier movimiento si están habilitadas. Tomamos en cuenta tu sugerencia.","1/Dec/25 11:50 AM;qm:96e3bf0d-beea-4cd2-bca9-568ee30412d2:af30ed9d-7e74-4e4e-8304-5e91abcd1392;entendido, gracias igual"
mi cuenta fue verificada dos veces en el mismo dia y me genero confusion,"recibi dos mails distintos de verificacion de seguridad el mismo dia, no se si es normal o algun error duplicado.",Medium,Resolved,qm:96e3bf0d-beea-4cd2-bca9-568ee30412d2:9700668d-bb18-4ce6-a136-d0d4eac1741d,maximilianojavierjulio@gmail.com,Tokenia Email,General request,Seguridad de la cuenta,26/Jan/26 3:00 PM,"26/Jan/26 3:20 PM;maximilianojavierjulio@gmail.com;Hola, gracias por avisarnos, vamos a revisar tu cuenta para confirmar si fueron dos verificaciones legítimas por distintos motivos o un error de envío duplicado, y te confirmamos.",26/Jan/26 3:40 PM;qm:96e3bf0d-beea-4cd2-bca9-568ee30412d2:9700668d-bb18-4ce6-a136-d0d4eac1741d;gracias por revisarlo
quiero saber si tokenia usa captcha para prevenir bots en el login,"cuando entro a la web no veo ningun captcha, tokenia usa alguna proteccion invisible contra bots automatizados?",Low,Resolved,qm:96e3bf0d-beea-4cd2-bca9-568ee30412d2:af30ed9d-7e74-4e4e-8304-5e91abcd1392,maxyjulio18@gmail.com,Tokenia Web,Service Request,Seguridad de la cuenta,9/Aug/25 1:50 PM,"9/Aug/25 2:10 PM;maxyjulio18@gmail.com;Hola, sí, contamos con sistemas de detección de bots que funcionan de forma transparente para el usuario, sin necesidad de resolver un captcha visible en la mayoría de los casos.","9/Aug/25 2:30 PM;qm:96e3bf0d-beea-4cd2-bca9-568ee30412d2:9700668d-bb18-4ce6-a136-d0d4eac1741d;entendido, gracias por la info"
mi cuenta fue suspendida por una alerta relacionada a mi ip compartida con otro usuario,"vivo en un edificio con wifi compartido con vecinos, eso puede haber generado una alerta de ip compartida con otra cuenta de tokenia?",Medium,Resolved,qm:96e3bf0d-beea-4cd2-bca9-568ee30412d2:9700668d-bb18-4ce6-a136-d0d4eac1741d,maximilianojavierjulio@gmail.com,Tokenia App,Service Request,Seguridad de la cuenta,15/Oct/25 4:30 PM,"15/Oct/25 4:50 PM;maximilianojavierjulio@gmail.com;Hola, sí, tiene sentido, compartir una misma IP con otras cuentas puede activar revisiones de seguridad automáticas. Ya verificamos tu caso y confirmamos que se trata de una coincidencia de red, no de una relación entre cuentas fraudulentas.","15/Oct/25 5:10 PM;qm:96e3bf0d-beea-4cd2-bca9-568ee30412d2:9700668d-bb18-4ce6-a136-d0d4eac1741d;que alivio, gracias por resolverlo"
quiero saber si puedo ver un resumen de que informacion comparto al conceder cada permiso de la app,"antes de dar permisos como camara o ubicacion, me gustaria un resumen claro de que datos exactos se comparten con cada uno.",Low,Resolved,qm:96e3bf0d-beea-4cd2-bca9-568ee30412d2:af30ed9d-7e74-4e4e-8304-5e91abcd1392,maxyjulio18@gmail.com,Tokenia Email,General request,Seguridad de la cuenta,30/Apr/25 2:20 PM,"30/Abr/25 2:40 PM;maxyjulio18@gmail.com;Hola, podés encontrar el detalle completo de qué datos se recopilan y para qué se usan en nuestra Política de Privacidad, disponible en el sitio web.","30/Abr/25 3:00 PM;qm:96e3bf0d-beea-4cd2-bca9-568ee30412d2:9700668d-bb18-4ce6-a136-d0d4eac1741d;gracias, la voy a revisar"
mi cuenta muestra multiples intentos de cambio de clave que yo no hice en poco tiempo,"veo en el historial varios intentos de cambio de contraseña seguidos en pocos minutos que no fui yo, aunque no lograron completarse.",High,Escalated,qm:96e3bf0d-beea-4cd2-bca9-568ee30412d2:9700668d-bb18-4ce6-a136-d0d4eac1741d,maximilianojavierjulio@gmail.com,Tokenia App,Service Request,Seguridad de la cuenta,3/Mar/26 6:10 PM,"3/Mar/26 6:30 PM;maximilianojavierjulio@gmail.com;Hola, gracias por avisarnos, esto amerita una revisión detallada. Vamos a escalar tu caso al equipo de seguridad para investigar el origen de esos intentos y reforzar la protección de tu cuenta.",
quiero saber si la comision se cobra antes o despues de que se ejecute la operacion completa,"el 1% se descuenta del monto que ingreso antes de comprar, o se calcula sobre lo que efectivamente compre despues de ejecutarse?",Low,Resolved,qm:96e3bf0d-beea-4cd2-bca9-568ee30412d2:af30ed9d-7e74-4e4e-8304-5e91abcd1392,maxi220julio@gmail.com,Tokenia App,Service Request,Tarifas y comisiones,12/Jun/25 10:00 AM,"12/Jun/25 10:20 AM;maxi220julio@gmail.com;Hola, la comisión se calcula sobre el monto final de la operación ejecutada, y se descuenta al momento de confirmarse la compra o venta.","12/Jun/25 10:40 AM;qm:96e3bf0d-beea-4cd2-bca9-568ee30412d2:af30ed9d-7e74-4e4e-8304-5e91abcd1392;entendido, gracias por confirmar"
puedo saber si la comision de retiro de red varia entre el dia y la noche,"para ahorrar en comisiones de red al retirar btc, conviene hacerlo en algun horario especifico del dia?",Low,Resolved,qm:96e3bf0d-beea-4cd2-bca9-568ee30412d2:9700668d-bb18-4ce6-a136-d0d4eac1741d,maximilianojavierjulio@gmail.com,Tokenia Web,Service Request,Tarifas y comisiones,23/Oct/25 3:40 PM,"23/Oct/25 4:00 PM;maximilianojavierjulio@gmail.com;Hola, la comisión de red depende de la congestión de la blockchain en cada momento, que puede variar según la hora, aunque no sigue un patrón fijo predecible de día o noche.","23/Oct/25 4:20 PM;qm:96e3bf0d-beea-4cd2-bca9-568ee30412d2:9700668d-bb18-4ce6-a136-d0d4eac1741d;entendido, gracias por la info"
quiero saber si puedo consultar el spread actual antes de decidir operar,"sin tener que llegar hasta el paso de confirmar, se puede ver el spread actual de una cripto especifica en la pantalla de mercados?",Low,Resolved,qm:96e3bf0d-beea-4cd2-bca9-568ee30412d2:af30ed9d-7e74-4e4e-8304-5e91abcd1392,maxyjulio18@gmail.com,Tokenia App,Service Request,Tarifas y comisiones,7/Sep/25 1:30 PM,"7/Sep/25 1:50 PM;maxyjulio18@gmail.com;Hola, por el momento el spread se refleja directamente en el precio de compra y venta que ves en la pantalla de mercados, no se muestra como un dato separado explícito.","7/Sep/25 2:10 PM;qm:96e3bf0d-beea-4cd2-bca9-568ee30412d2:9700668d-bb18-4ce6-a136-d0d4eac1741d;entendido, gracias por la aclaracion"
mi comprobante de retiro de cripto no muestra el precio de la red al momento de la operacion,"quiero saber cuanto costaba el gas de la red en el momento exacto de mi retiro, para mi propio registro. se puede ver ese dato historico?",Low,Resolved,qm:96e3bf0d-beea-4cd2-bca9-568ee30412d2:9700668d-bb18-4ce6-a136-d0d4eac1741d,maximilianojavierjulio@gmail.com,Tokenia Web,Service Request,Tarifas y comisiones,14/Dec/25 2:50 PM,"14/Dec/25 3:10 PM;maximilianojavierjulio@gmail.com;Hola, el comprobante muestra el monto exacto de la comisión de red cobrada en tu criptomoneda, que refleja el costo de gas al momento de la transacción, aunque no como un valor separado en otra unidad.","14/Dec/25 3:30 PM;qm:96e3bf0d-beea-4cd2-bca9-568ee30412d2:9700668d-bb18-4ce6-a136-d0d4eac1741d;entendido, con eso me alcanza. gracias"
quiero saber si hay comision por transferir cripto entre mis propias criptomonedas dentro de tokenia,"si hago un swap entre dos criptos que tengo dentro de mi misma cuenta, se cobra la comision completa del 1% igual que una compra normal?",Low,Resolved,qm:96e3bf0d-beea-4cd2-bca9-568ee30412d2:af30ed9d-7e74-4e4e-8304-5e91abcd1392,maxyjulio18@gmail.com,Tokenia App,Service Request,Tarifas y comisiones,28/Jun/25 11:40 AM,"28/Jun/25 12:00 PM;maxyjulio18@gmail.com;Hola, sí, como te comentamos antes, el swap entre criptomonedas tiene la misma comisión del 1% que cualquier otra operación de compra o venta dentro de la plataforma.","28/Jun/25 12:20 PM;qm:96e3bf0d-beea-4cd2-bca9-568ee30412d2:9700668d-bb18-4ce6-a136-d0d4eac1741d;entendido, gracias por confirmar"
puedo saber si las comisiones tienen algun descuento durante promociones de fin de año,"en epocas como black friday o fin de año, tokenia suele hacer promociones de comision reducida como otras empresas?",Low,Resolved,qm:96e3bf0d-beea-4cd2-bca9-568ee30412d2:9700668d-bb18-4ce6-a136-d0d4eac1741d,maximilianojavierjulio@gmail.com,Tokenia Email,General request,Tarifas y comisiones,5/Nov/25 10:20 AM,"5/Nov/25 10:40 AM;maximilianojavierjulio@gmail.com;Hola, ocasionalmente lanzamos promociones especiales, aunque no de forma garantizada en fechas específicas como Black Friday. Te recomendamos seguir nuestras redes o activar notificaciones para enterarte si sale alguna.","5/Nov/25 11:00 AM;qm:96e3bf0d-beea-4cd2-bca9-568ee30412d2:9700668d-bb18-4ce6-a136-d0d4eac1741d;entendido, voy a estar atento"
quiero saber si la comision aumenta si opero en momentos de alta demanda del sistema,"en momentos donde hay mucha gente operando a la vez, la comision del 1% se mantiene igual o puede subir por la demanda?",Low,Resolved,qm:96e3bf0d-beea-4cd2-bca9-568ee30412d2:af30ed9d-7e74-4e4e-8304-5e91abcd1392,maxyjulio18@gmail.com,Tokenia Web,Service Request,Tarifas y comisiones,20/Feb/26 1:10 PM,"20/Feb/26 1:30 PM;maxyjulio18@gmail.com;Hola, la comisión de plataforma del 1% se mantiene fija sin importar la demanda o volumen de usuarios operando en simultáneo. Solo el spread de mercado puede variar en esos momentos.","20/Feb/26 1:50 PM;qm:96e3bf0d-beea-4cd2-bca9-568ee30412d2:9700668d-bb18-4ce6-a136-d0d4eac1741d;entendido, gracias por la aclaracion"
mi comprobante de compra tiene un formato distinto al de mis operaciones anteriores,"note que el comprobante de mi ultima compra se ve con un diseño diferente al de compras anteriores, cambiaron el formato?",Low,Resolved,qm:96e3bf0d-beea-4cd2-bca9-568ee30412d2:9700668d-bb18-4ce6-a136-d0d4eac1741d,maximilianojavierjulio@gmail.com,Tokenia App,Service Request,Tarifas y comisiones,11/Jan/26 3:20 PM,"11/Jan/26 3:40 PM;maximilianojavierjulio@gmail.com;Hola, sí, actualizamos recientemente el diseño de los comprobantes para hacerlos más claros. La información que contienen sigue siendo la misma, solo cambió la presentación visual.","11/Jan/26 4:00 PM;qm:96e3bf0d-beea-4cd2-bca9-568ee30412d2:9700668d-bb18-4ce6-a136-d0d4eac1741d;ah bueno, se ve mas claro ahora. gracias"
quiero saber si puedo hacer seguimiento del estado de mi verificacion en tiempo real,"me gustaria ver un indicador de progreso mientras revisan mi kyc, no solo el estado final aprobado o rechazado.",Low,Resolved,qm:96e3bf0d-beea-4cd2-bca9-568ee30412d2:af30ed9d-7e74-4e4e-8304-5e91abcd1392,maxi220julio@gmail.com,Tokenia Email,General request,Verificación de identidad,9/Jul/25 11:20 AM,"9/Jul/25 11:40 AM;maxi220julio@gmail.com;Hola, por el momento solo mostramos los estados generales (pendiente, en revisión, aprobado o rechazado), sin un indicador de progreso detallado. Tomamos en cuenta tu sugerencia.","9/Jul/25 12:00 PM;qm:96e3bf0d-beea-4cd2-bca9-568ee30412d2:af30ed9d-7e74-4e4e-8304-5e91abcd1392;entendido, gracias igual"
mi verificacion fue rechazada por un motivo que ya habia corregido en un intento anterior,"me rechazaron por el mismo motivo que ya habia solucionado la vez pasada, parece que revisaron una version vieja de mi documento.",Medium,Escalated,qm:96e3bf0d-beea-4cd2-bca9-568ee30412d2:9700668d-bb18-4ce6-a136-d0d4eac1741d,maximilianojavierjulio@gmail.com,Tokenia App,Service Request,Verificación de identidad,22/Sep/25 1:00 PM,"22/Sep/25 1:20 PM;maximilianojavierjulio@gmail.com;Hola, disculpá la confusión, vamos a escalar tu caso al equipo de verificación para asegurarnos de que estén revisando la documentación más reciente que enviaste.",
quiero saber si puedo verificarme con un documento de identidad de menor calidad de foto si no tengo mejor camara,"mi celular tiene una camara vieja de baja resolucion, eso puede ser un problema para que aprueben mi verificacion?",Low,Resolved,qm:96e3bf0d-beea-4cd2-bca9-568ee30412d2:af30ed9d-7e74-4e4e-8304-5e91abcd1392,maxyjulio18@gmail.com,Tokenia Email,General request,Verificación de identidad,6/May/25 2:30 PM,"6/May/25 2:50 PM;maxyjulio18@gmail.com;Hola, mientras la foto sea legible y se vean claramente los datos y la foto del documento, debería ser suficiente, aunque la calidad de cámara no sea la más avanzada. Buena iluminación ayuda mucho a compensar eso.","6/May/25 3:10 PM;qm:96e3bf0d-beea-4cd2-bca9-568ee30412d2:9700668d-bb18-4ce6-a136-d0d4eac1741d;voy a intentarlo con buena luz entonces, gracias"
mi verificacion quedo aprobada pero con una nota de revision futura pendiente,"me aprobaron el kyc pero dice que habra una revision periodica futura, que significa eso exactamente?",Low,Resolved,qm:96e3bf0d-beea-4cd2-bca9-568ee30412d2:9700668d-bb18-4ce6-a136-d0d4eac1741d,maximilianojavierjulio@gmail.com,Tokenia Web,Service Request,Verificación de identidad,19/Nov/25 10:50 AM,"19/Nov/25 11:10 AM;maximilianojavierjulio@gmail.com;Hola, esa nota indica que, como parte de nuestras políticas de cumplimiento, revisamos periódicamente las cuentas verificadas para mantener la información actualizada, algo estándar y no motivo de preocupación.","19/Nov/25 11:30 AM;qm:96e3bf0d-beea-4cd2-bca9-568ee30412d2:9700668d-bb18-4ce6-a136-d0d4eac1741d;entendido, gracias por la explicacion"
quiero saber si puedo completar el kyc parcialmente y terminar despues,"empece el proceso de verificacion pero no tengo todos los documentos a mano ahora, puedo guardar el progreso y continuar mas tarde?",Low,Resolved,qm:96e3bf0d-beea-4cd2-bca9-568ee30412d2:af30ed9d-7e74-4e4e-8304-5e91abcd1392,maxyjulio18@gmail.com,Tokenia App,Service Request,Verificación de identidad,13/Feb/26 3:20 PM,"13/Feb/26 3:40 PM;maxyjulio18@gmail.com;Hola, sí, el proceso guarda tu progreso automáticamente, podés salir en cualquier momento y retomarlo después desde donde lo dejaste.","13/Feb/26 4:00 PM;qm:96e3bf0d-beea-4cd2-bca9-568ee30412d2:9700668d-bb18-4ce6-a136-d0d4eac1741d;perfecto, gracias por confirmar"
mi verificacion fue aprobada pero recibi el mail de confirmacion en otro idioma,"me llego el mail de aprobacion de mi kyc en portugues en vez de español, es un error de configuracion?",Low,Resolved,qm:96e3bf0d-beea-4cd2-bca9-568ee30412d2:9700668d-bb18-4ce6-a136-d0d4eac1741d,maximilianojavierjulio@gmail.com,Tokenia Email,General request,Verificación de identidad,27/Aug/25 11:40 AM,"27/Aug/25 12:00 PM;maximilianojavierjulio@gmail.com;Hola, gracias por avisarnos, es posible que haya un error en la configuración de idioma de las notificaciones automáticas. Vamos a derivarlo a nuestro equipo técnico para revisarlo.",27/Aug/25 12:20 PM;qm:96e3bf0d-beea-4cd2-bca9-568ee30412d2:9700668d-bb18-4ce6-a136-d0d4eac1741d;gracias por tomarlo en cuenta
quiero saber si puedo cambiar el documento con el que me verifique originalmente,"me verifique con pasaporte pero ahora quiero cambiar a dni argentino que ya tengo, se puede actualizar el tipo de documento usado?",Low,Resolved,qm:96e3bf0d-beea-4cd2-bca9-568ee30412d2:af30ed9d-7e74-4e4e-8304-5e91abcd1392,maxyjulio18@gmail.com,Tokenia Web,Service Request,Verificación de identidad,10/Oct/25 2:10 PM,"10/Oct/25 2:30 PM;maxyjulio18@gmail.com;Hola, sí, podés actualizar tu documentación en cualquier momento desde Perfil > Verificación, subiendo tu DNI argentino, aunque hayas verificado inicialmente con pasaporte.","10/Oct/25 2:50 PM;qm:96e3bf0d-beea-4cd2-bca9-568ee30412d2:9700668d-bb18-4ce6-a136-d0d4eac1741d;perfecto, lo voy a actualizar entonces. gracias"
mi verificacion tardo mas por coincidir con un feriado largo,"subi mis documentos justo antes de un fin de semana largo, eso afecto el plazo habitual de revision?",Low,Resolved,qm:96e3bf0d-beea-4cd2-bca9-568ee30412d2:9700668d-bb18-4ce6-a136-d0d4eac1741d,maximilianojavierjulio@gmail.com,Tokenia App,Service Request,Verificación de identidad,1/May/25 3:00 PM,"2/May/25 10:20 AM;maximilianojavierjulio@gmail.com;Hola, disculpá la demora por el feriado. Sí, los plazos de revisión se calculan en días hábiles, así que un fin de semana largo puede extender levemente el tiempo total de espera.","2/May/25 10:40 AM;qm:96e3bf0d-beea-4cd2-bca9-568ee30412d2:9700668d-bb18-4ce6-a136-d0d4eac1741d;entendido, gracias por la aclaracion"
quiero saber si puedo verificar mi identidad con la asistencia de un traductor si mi documento esta en otro idioma,"mi pasaporte esta en un idioma distinto al español, necesito una traduccion oficial o el sistema lo puede procesar igual?",Medium,Resolved,qm:96e3bf0d-beea-4cd2-bca9-568ee30412d2:af30ed9d-7e74-4e4e-8304-5e91abcd1392,maxyjulio18@gmail.com,Tokenia Email,General request,Verificación de identidad,24/Jul/25 10:40 AM,"24/Jul/25 11:00 AM;maxyjulio18@gmail.com;Hola, nuestro sistema puede procesar documentos internacionales sin necesidad de traducción, ya que valida principalmente los datos biométricos y visuales del documento, no requiere lectura completa del texto en un idioma específico.","24/Jul/25 11:20 AM;qm:96e3bf0d-beea-4cd2-bca9-568ee30412d2:9700668d-bb18-4ce6-a136-d0d4eac1741d;entendido, gracias por la aclaracion"
puedo saber si hay diferencia entre la direccion que se muestra y la que realmente esta activa,"a veces me da la sensacion de que la direccion visible en pantalla no es exactamente la misma que la que quedo guardada, hay forma de confirmar que coincidan?",Medium,Resolved,qm:96e3bf0d-beea-4cd2-bca9-568ee30412d2:9700668d-bb18-4ce6-a136-d0d4eac1741d,maxi220julio@gmail.com,Tokenia Web,Service Request,Billetera y direcciones,2/Jun/25 2:30 PM,"2/Jun/25 2:50 PM;maxi220julio@gmail.com;Hola, la dirección que ves en pantalla es siempre la activa asociada a tu cuenta en ese momento, no debería haber discrepancia. Si tenés dudas puntuales sobre una dirección específica, contanos el detalle para verificarlo.","2/Jun/25 3:10 PM;qm:96e3bf0d-beea-4cd2-bca9-568ee30412d2:9700668d-bb18-4ce6-a136-d0d4eac1741d;entendido, gracias por la tranquilidad"
quiero saber si puedo desactivar la vista de saldo en cripto y ver solo en pesos,"prefiero ver todo directamente convertido a pesos, sin la cantidad de cripto de por medio. se puede simplificar esa vista?",Low,Resolved,qm:96e3bf0d-beea-4cd2-bca9-568ee30412d2:af30ed9d-7e74-4e4e-8304-5e91abcd1392,maximilianojavierjulio@gmail.com,Tokenia App,Service Request,Billetera y direcciones,19/Sep/25 11:20 AM,"19/Sep/25 11:40 AM;maximilianojavierjulio@gmail.com;Hola, por el momento la app siempre muestra tanto la cantidad de cripto como su equivalente en tu moneda de referencia, no contamos con una vista simplificada de solo pesos.","19/Sep/25 12:00 PM;qm:96e3bf0d-beea-4cd2-bca9-568ee30412d2:9700668d-bb18-4ce6-a136-d0d4eac1741d;entendido, gracias igual"
mi billetera de usdt no distingue entre las distintas redes en el resumen total,"en la pantalla principal veo un solo saldo de usdt sumado, no se cuanto tengo en cada red por separado. se puede desglosar eso?",Low,Resolved,qm:96e3bf0d-beea-4cd2-bca9-568ee30412d2:9700668d-bb18-4ce6-a136-d0d4eac1741d,maxyjulio18@gmail.com,Tokenia Web,Service Request,Billetera y direcciones,5/Dec/25 1:10 PM,"5/Dec/25 1:30 PM;maxyjulio18@gmail.com;Hola, internamente el USDT se maneja como un saldo unificado en Tokenia, sin distinción por red una vez acreditado. La red solo es relevante al momento de depositar o retirar.","5/Dec/25 1:50 PM;qm:96e3bf0d-beea-4cd2-bca9-568ee30412d2:9700668d-bb18-4ce6-a136-d0d4eac1741d;ah entendido, tiene sentido. gracias"
quiero saber si puedo compartir mi codigo qr de recibir directamente por whatsapp,"el codigo qr de mi usuario para recibir transferencias internas, se puede compartir como imagen directo por whatsapp desde la app?",Low,Resolved,qm:96e3bf0d-beea-4cd2-bca9-568ee30412d2:af30ed9d-7e74-4e4e-8304-5e91abcd1392,maximilianojavierjulio@gmail.com,Tokenia App,Service Request,Billetera y direcciones,23/Oct/25 4:00 PM,"23/Oct/25 4:20 PM;maximilianojavierjulio@gmail.com;Hola, sí, podés usar el botón de compartir junto al código QR para enviarlo directamente por WhatsApp u otras apps de mensajería instaladas en tu celular.","23/Oct/25 4:40 PM;qm:96e3bf0d-beea-4cd2-bca9-568ee30412d2:9700668d-bb18-4ce6-a136-d0d4eac1741d;genial, gracias por confirmar"
mi billetera muestra el precio de una cripto en negativo por error,"vi que el precio de una altcoin aparece con un signo negativo en la variacion del dia, es un error visual o realmente bajo tanto?",Low,Resolved,qm:96e3bf0d-beea-4cd2-bca9-568ee30412d2:9700668d-bb18-4ce6-a136-d0d4eac1741d,maxyjulio18@gmail.com,Tokenia App,Service Request,Billetera y direcciones,16/Jul/25 3:20 PM,"16/Jul/25 3:40 PM;maxyjulio18@gmail.com;Hola, ese signo negativo indica la variación porcentual negativa del precio en el día, es decir que la cripto efectivamente bajó de valor respecto al día anterior, no es un error de visualización.","16/Jul/25 4:00 PM;qm:96e3bf0d-beea-4cd2-bca9-568ee30412d2:9700668d-bb18-4ce6-a136-d0d4eac1741d;ah entendido, pense que era un error. gracias"
puedo saber si tokenia planea soportar bitcoin cash ademas de bitcoin,"me interesa bitcoin cash como cripto alternativa a btc, esta en los planes de tokenia agregarla proximamente?",Low,Resolved,qm:96e3bf0d-beea-4cd2-bca9-568ee30412d2:af30ed9d-7e74-4e4e-8304-5e91abcd1392,maximilianojavierjulio@gmail.com,Tokenia Email,General request,Billetera y direcciones,9/Feb/26 10:30 AM,"9/Feb/26 10:50 AM;maximilianojavierjulio@gmail.com;Hola, no compartimos planes específicos de nuevas incorporaciones antes de que sean oficiales, pero tomamos en cuenta tu interés en Bitcoin Cash para la evaluación.","9/Feb/26 11:10 AM;qm:96e3bf0d-beea-4cd2-bca9-568ee30412d2:9700668d-bb18-4ce6-a136-d0d4eac1741d;entendido, espero que la agreguen"
mi direccion de retiro guardada tiene un icono de advertencia que no entiendo,"al lado de una de mis direcciones favoritas aparece un icono amarillo, no se que significa esa señal de alerta.",Medium,Resolved,qm:96e3bf0d-beea-4cd2-bca9-568ee30412d2:9700668d-bb18-4ce6-a136-d0d4eac1741d,maxyjulio18@gmail.com,Tokenia Web,Service Request,Billetera y direcciones,12/Nov/25 2:00 PM,"12/Nov/25 2:20 PM;maxyjulio18@gmail.com;Hola, ese ícono suele indicar que esa dirección lleva un tiempo prolongado sin usarse, como recordatorio para que verifiques que sigue siendo válida antes de retirar a ella nuevamente.","12/Nov/25 2:40 PM;qm:96e3bf0d-beea-4cd2-bca9-568ee30412d2:9700668d-bb18-4ce6-a136-d0d4eac1741d;ah entendido, gracias por explicarme"
quiero saber si el orden de las criptos en mi billetera se puede ordenar por valor total,"me gustaria que mi lista de criptos se ordene automaticamente de mayor a menor valor en pesos, no por orden alfabetico.",Low,Resolved,qm:96e3bf0d-beea-4cd2-bca9-568ee30412d2:af30ed9d-7e74-4e4e-8304-5e91abcd1392,maximilianojavierjulio@gmail.com,Tokenia App,Service Request,Billetera y direcciones,27/Apr/25 1:50 PM,"27/Abr/25 2:10 PM;maximilianojavierjulio@gmail.com;Hola, sí, desde la configuración de tu billetera podés cambiar el criterio de orden a 'Mayor valor' para que se ordenen automáticamente de mayor a menor según tu saldo en pesos.","27/Abr/25 2:30 PM;qm:96e3bf0d-beea-4cd2-bca9-568ee30412d2:9700668d-bb18-4ce6-a136-d0d4eac1741d;genial, ya lo cambie. gracias"
mi billetera tarda mas en cargar cuando tengo muchas criptomonedas distintas,"cuanto mas variedad de criptos tengo en mi cuenta, mas lento carga la pantalla principal. es esperable esa relacion?",Low,Resolved,qm:96e3bf0d-beea-4cd2-bca9-568ee30412d2:9700668d-bb18-4ce6-a136-d0d4eac1741d,maxyjulio18@gmail.com,Tokenia Web,Service Request,Billetera y direcciones,3/Sep/25 4:40 PM,"3/Sep/25 5:00 PM;maxyjulio18@gmail.com;Hola, gracias por avisarnos, puede haber una leve diferencia de carga con muchas criptomonedas distintas. Vamos a derivarlo a nuestro equipo técnico para optimizar el rendimiento en esos casos.",3/Sep/25 5:20 PM;qm:96e3bf0d-beea-4cd2-bca9-568ee30412d2:9700668d-bb18-4ce6-a136-d0d4eac1741d;gracias por tomarlo en cuenta
puedo saber si mi billetera tiene un maximo de criptomonedas distintas que puede almacenar,"tengo bastantes criptos distintas, hay un limite maximo de cuantas monedas diferentes puedo tener en mi cuenta a la vez?",Low,Resolved,qm:96e3bf0d-beea-4cd2-bca9-568ee30412d2:af30ed9d-7e74-4e4e-8304-5e91abcd1392,maximilianojavierjulio@gmail.com,Tokenia Email,General request,Billetera y direcciones,21/Jan/26 10:00 AM,"21/Jan/26 10:20 AM;maximilianojavierjulio@gmail.com;Hola, no tenemos un límite de cantidad de criptomonedas distintas que podés mantener en tu cuenta, podés tener saldo en todas las disponibles en la plataforma sin restricción.","21/Jan/26 10:40 AM;qm:96e3bf0d-beea-4cd2-bca9-568ee30412d2:9700668d-bb18-4ce6-a136-d0d4eac1741d;entendido, gracias por confirmar"
quiero saber si tokenia colabora con organismos de defensa del consumidor en casos de reclamo,"en caso de tener un reclamo sin resolver, tokenia participa en algun sistema de mediacion con defensa del consumidor?",Medium,Resolved,qm:96e3bf0d-beea-4cd2-bca9-568ee30412d2:9700668d-bb18-4ce6-a136-d0d4eac1741d,maxi220julio@gmail.com,Tokenia Email,General request,Información y consultas generales,14/Jun/25 11:50 AM,"14/Jun/25 12:10 PM;maxi220julio@gmail.com;Hola, cumplimos con los canales de reclamo establecidos por la normativa vigente. Podés encontrar el detalle correspondiente en nuestros Términos y Condiciones.","14/Jun/25 12:30 PM;qm:96e3bf0d-beea-4cd2-bca9-568ee30412d2:9700668d-bb18-4ce6-a136-d0d4eac1741d;gracias, lo voy a revisar"
necesito saber si tokenia ofrece descuentos para estudiantes o jubilados,"existe alguna categoria especial de usuario con beneficios diferenciados, como estudiantes o jubilados?",Low,Resolved,qm:96e3bf0d-beea-4cd2-bca9-568ee30412d2:af30ed9d-7e74-4e4e-8304-5e91abcd1392,maximilianojavierjulio@gmail.com,Tokenia Web,Service Request,Información y consultas generales,8/Oct/25 2:20 PM,"8/Oct/25 2:40 PM;maximilianojavierjulio@gmail.com;Hola, por el momento no contamos con categorías diferenciadas de usuario con beneficios especiales para estudiantes o jubilados. La comisión y condiciones son las mismas para todos.","8/Oct/25 3:00 PM;qm:96e3bf0d-beea-4cd2-bca9-568ee30412d2:9700668d-bb18-4ce6-a136-d0d4eac1741d;entendido, gracias por la info"
quiero saber si tokenia tiene un centro de ayuda con articulos escritos ademas del chat,"prefiero leer articulos de ayuda antes de escribir un ticket, tokenia tiene alguna base de conocimiento publica navegable?",Low,Resolved,qm:96e3bf0d-beea-4cd2-bca9-568ee30412d2:9700668d-bb18-4ce6-a136-d0d4eac1741d,maxyjulio18@gmail.com,Tokenia Email,General request,Información y consultas generales,25/Nov/25 9:40 AM,"25/Nov/25 10:00 AM;maxyjulio18@gmail.com;Hola, sí, contamos con un centro de ayuda con artículos organizados por categoría, accesible desde la sección Ayuda dentro de la app o en tokenia.com/ayuda.","25/Nov/25 10:20 AM;qm:96e3bf0d-beea-4cd2-bca9-568ee30412d2:9700668d-bb18-4ce6-a136-d0d4eac1741d;genial, no lo habia visto. gracias"
como puedo saber si tokenia tiene alguna limitacion geografica dentro de argentina,"vivo en una provincia alejada de buenos aires, hay alguna restriccion regional dentro del mismo pais para usar tokenia?",Low,Resolved,qm:96e3bf0d-beea-4cd2-bca9-568ee30412d2:af30ed9d-7e74-4e4e-8304-5e91abcd1392,maximilianojavierjulio@gmail.com,Tokenia App,Service Request,Información y consultas generales,3/Mar/26 4:00 PM,"3/Mar/26 4:20 PM;maximilianojavierjulio@gmail.com;Hola, no hay ninguna restricción regional dentro de Argentina, podés usar Tokenia desde cualquier provincia del país sin limitaciones geográficas internas.","3/Mar/26 4:40 PM;qm:96e3bf0d-beea-4cd2-bca9-568ee30412d2:9700668d-bb18-4ce6-a136-d0d4eac1741d;entendido, gracias por confirmar"
quiero saber si tokenia tiene planes de emitir su propia criptomoneda o token,"algunos exchanges tienen su propio token, tokenia tiene planes de lanzar algo asi en el futuro?",Low,Resolved,qm:96e3bf0d-beea-4cd2-bca9-568ee30412d2:9700668d-bb18-4ce6-a136-d0d4eac1741d,maxyjulio18@gmail.com,Tokenia Web,Service Request,Información y consultas generales,16/Aug/25 1:10 PM,"16/Aug/25 1:30 PM;maxyjulio18@gmail.com;Hola, por políticas internas no compartimos planes futuros de este tipo antes de que sean oficiales. Cualquier novedad relevante la comunicaríamos por nuestros canales verificados.","16/Aug/25 1:50 PM;qm:96e3bf0d-beea-4cd2-bca9-568ee30412d2:9700668d-bb18-4ce6-a136-d0d4eac1741d;entendido, gracias por la respuesta"
necesito saber si puedo consultar el tipo de cambio historico de una fecha especifica del pasado,para un tramite necesito saber la cotizacion del dolar que usaba tokenia en una fecha puntual de hace meses. se puede consultar eso?,Medium,Resolved,qm:96e3bf0d-beea-4cd2-bca9-568ee30412d2:af30ed9d-7e74-4e4e-8304-5e91abcd1392,maximilianojavierjulio@gmail.com,Tokenia Email,General request,Información y consultas generales,29/Sep/25 11:00 AM,"29/Sep/25 11:20 AM;maximilianojavierjulio@gmail.com;Hola, si esa fecha corresponde a una operación tuya, el tipo de cambio exacto figura en el comprobante de esa transacción en tu Actividad. Si no tenías una operación ese día, no contamos con un histórico de cotización consultable de forma independiente.","29/Sep/25 11:40 AM;qm:96e3bf0d-beea-4cd2-bca9-568ee30412d2:9700668d-bb18-4ce6-a136-d0d4eac1741d;justo tenia una operacion ese dia, ya lo encontre. gracias"
quiero saber si tokenia tiene alguna app companion para smart tv,"por curiosidad, existe alguna forma de ver los precios de tokenia en la pantalla de la smart tv de mi casa?",Low,Resolved,qm:96e3bf0d-beea-4cd2-bca9-568ee30412d2:9700668d-bb18-4ce6-a136-d0d4eac1741d,maxyjulio18@gmail.com,Tokenia Email,General request,Información y consultas generales,10/Dec/25 3:30 PM,"10/Dec/25 3:50 PM;maxyjulio18@gmail.com;Hola, por el momento no contamos con una aplicación específica para smart TVs. Es algo que estamos evaluando incorporar en el futuro.","10/Dec/25 4:10 PM;qm:96e3bf0d-beea-4cd2-bca9-568ee30412d2:9700668d-bb18-4ce6-a136-d0d4eac1741d;entendido, gracias igual"
como puedo saber si tokenia cumple con normativas internacionales de compliance financiero,"para inversores institucionales, queria saber si tokenia cumple con estandares internacionales de compliance como fatf.",Medium,Resolved,qm:96e3bf0d-beea-4cd2-bca9-568ee30412d2:af30ed9d-7e74-4e4e-8304-5e91abcd1392,maximilianojavierjulio@gmail.com,Tokenia Web,Service Request,Información y consultas generales,5/Feb/26 10:20 AM,"5/Feb/26 10:40 AM;maximilianojavierjulio@gmail.com;Hola, aplicamos políticas de prevención de lavado de activos alineadas con los estándares internacionales aplicables a nuestra actividad en cada mercado donde operamos.","5/Feb/26 11:00 AM;qm:96e3bf0d-beea-4cd2-bca9-568ee30412d2:9700668d-bb18-4ce6-a136-d0d4eac1741d;entendido, gracias por la info"
mi swap entre dos criptos aplico un spread mayor que si hubiera hecho dos operaciones separadas,hice un swap directo de btc a eth y me parecio que el spread aplicado fue mayor que hacer btc a pesos y despues pesos a eth. es normal esa diferencia?,Medium,Resolved,qm:96e3bf0d-beea-4cd2-bca9-568ee30412d2:9700668d-bb18-4ce6-a136-d0d4eac1741d,maxi220julio@gmail.com,Tokenia App,Service Request,Operaciones de compra/venta crypto,17/Jun/25 2:00 PM,"17/Jun/25 2:20 PM;maxi220julio@gmail.com;Hola, es posible que el swap directo entre dos criptomonedas tenga un spread combinado levemente distinto al de operar en dos pasos separados, dependiendo de la liquidez de cada par. Ambas formas son válidas, pero pueden variar en el costo final.","17/Jun/25 2:40 PM;qm:96e3bf0d-beea-4cd2-bca9-568ee30412d2:9700668d-bb18-4ce6-a136-d0d4eac1741d;entendido, voy a comparar la proxima vez. gracias"
quiero saber si puedo ver el tiempo estimado de ejecucion antes de confirmar una compra grande,"para una compra de monto elevado, la app muestra algun estimado de cuanto puede tardar en ejecutarse antes de confirmar?",Low,Resolved,qm:96e3bf0d-beea-4cd2-bca9-568ee30412d2:af30ed9d-7e74-4e4e-8304-5e91abcd1392,maximilianojavierjulio@gmail.com,Tokenia Web,Service Request,Operaciones de compra/venta crypto,24/Oct/25 3:20 PM,"24/Oct/25 3:40 PM;maximilianojavierjulio@gmail.com;Hola, por el momento no mostramos un estimado de tiempo de ejecución previo a confirmar. La mayoría de las operaciones se ejecutan de forma casi instantánea, salvo en casos puntuales de baja liquidez.","24/Oct/25 4:00 PM;qm:96e3bf0d-beea-4cd2-bca9-568ee30412d2:9700668d-bb18-4ce6-a136-d0d4eac1741d;entendido, gracias por la info"
mi orden de compra se completo pero no encuentro el comprobante en mi correo,"hice una compra y quiero el comprobante por mail para mis registros, pero no me llego nada aunque la operacion figura completada en la app.",Low,Resolved,qm:96e3bf0d-beea-4cd2-bca9-568ee30412d2:9700668d-bb18-4ce6-a136-d0d4eac1741d,maxyjulio18@gmail.com,Tokenia App,Service Request,Operaciones de compra/venta crypto,30/Dec/25 11:30 AM,"30/Dec/25 11:50 AM;maxyjulio18@gmail.com;Hola, por el momento no enviamos comprobante automático por mail de cada operación, pero podés descargarlo directamente desde el detalle de la operación en Actividad y compartirlo por correo desde ahí.","30/Dec/25 12:10 PM;qm:96e3bf0d-beea-4cd2-bca9-568ee30412d2:9700668d-bb18-4ce6-a136-d0d4eac1741d;ah perfecto, lo hago asi entonces. gracias"
quiero saber si la plataforma tiene proteccion contra manipulacion de precios interna,que medidas tiene tokenia para asegurar que el precio que muestra no sea manipulado artificialmente por algun actor interno o externo?,Medium,Resolved,qm:96e3bf0d-beea-4cd2-bca9-568ee30412d2:af30ed9d-7e74-4e4e-8304-5e91abcd1392,maximilianojavierjulio@gmail.com,Tokenia Web,Service Request,Operaciones de compra/venta crypto,11/Sep/25 10:50 AM,"11/Sep/25 11:10 AM;maximilianojavierjulio@gmail.com;Hola, nuestros precios de referencia se calculan en base a fuentes de mercado externas, con controles internos para evitar desviaciones anómalas del precio real del mercado.","11/Sep/25 11:30 AM;qm:96e3bf0d-beea-4cd2-bca9-568ee30412d2:9700668d-bb18-4ce6-a136-d0d4eac1741d;entendido, gracias por la transparencia"
mi cuenta tiene limite reducido y no encuentro donde ver el motivo exacto,se que mi cuenta tiene un limite mas bajo del habitual pero no encuentro en ningun lado de la app el motivo especifico. donde puedo verlo?,Medium,Resolved,qm:96e3bf0d-beea-4cd2-bca9-568ee30412d2:9700668d-bb18-4ce6-a136-d0d4eac1741d,maxi220julio@gmail.com,Tokenia App,Service Request,Límites y restricciones,9/Jun/25 1:00 PM,"9/Jun/25 1:20 PM;maxi220julio@gmail.com;Hola, por el momento el motivo detallado de una restricción no siempre está visible directamente en la app. Contactanos con tu consulta y te confirmamos el motivo específico de tu cuenta.","9/Jun/25 1:40 PM;qm:96e3bf0d-beea-4cd2-bca9-568ee30412d2:9700668d-bb18-4ce6-a136-d0d4eac1741d;gracias, ya me quedo mas claro"
quiero saber si mis limites se restauran automaticamente despues de completar el kyc pendiente,"termine de subir la documentacion que me faltaba, los limites se actualizan solos apenas aprueben o tengo que pedir algo adicional?",Low,Resolved,qm:96e3bf0d-beea-4cd2-bca9-568ee30412d2:af30ed9d-7e74-4e4e-8304-5e91abcd1392,maximilianojavierjulio@gmail.com,Tokenia Email,General request,Límites y restricciones,22/Oct/25 10:40 AM,"22/Oct/25 11:00 AM;maximilianojavierjulio@gmail.com;Hola, sí, en cuanto aprobemos tu documentación, los límites correspondientes al nuevo nivel se actualizan automáticamente en tu cuenta, sin necesidad de que hagas ninguna solicitud adicional.","22/Oct/25 11:20 AM;qm:96e3bf0d-beea-4cd2-bca9-568ee30412d2:9700668d-bb18-4ce6-a136-d0d4eac1741d;perfecto, gracias por confirmar"
mi cuenta tiene restriccion desde hace dias y no logro contacto claro sobre el estado,"escribi varias veces preguntando por el estado de mi restriccion y las respuestas son genericas, no me dan una fecha concreta de resolucion.",High,Escalated,qm:96e3bf0d-beea-4cd2-bca9-568ee30412d2:9700668d-bb18-4ce6-a136-d0d4eac1741d,maxyjulio18@gmail.com,Tokenia Email,General request,Límites y restricciones,4/Dec/25 3:20 PM,"4/Dec/25 3:40 PM;maxyjulio18@gmail.com;Hola, entendemos la frustración por la falta de claridad. Vamos a escalar tu caso con prioridad para obtener una respuesta concreta del equipo correspondiente y comunicártela lo antes posible.",
puedo saber si mi limite de operacion incluye tanto compras como swaps entre criptos,"cuando calculan mi limite disponible del dia, se suman tanto mis compras con pesos como mis swaps entre criptomonedas juntos?",Low,Resolved,qm:96e3bf0d-beea-4cd2-bca9-568ee30412d2:af30ed9d-7e74-4e4e-8304-5e91abcd1392,maximilianojavierjulio@gmail.com,Tokenia Web,Service Request,Límites y restricciones,17/Apr/25 2:10 PM,"17/Abr/25 2:30 PM;maximilianojavierjulio@gmail.com;Hola, sí, tanto las compras con pesos como los swaps entre criptomonedas se contabilizan dentro del mismo límite de operación diario según su valor equivalente.","17/Abr/25 2:50 PM;qm:96e3bf0d-beea-4cd2-bca9-568ee30412d2:9700668d-bb18-4ce6-a136-d0d4eac1741d;entendido, gracias por la aclaracion"
mi cuenta quedo restringida despues de intentar operar con un monto que excedia el limite,"quise hacer una compra que superaba mi limite disponible y ademas de rechazarla, me restringieron la cuenta por completo. es asi de estricto siempre?",Medium,Resolved,qm:96e3bf0d-beea-4cd2-bca9-568ee30412d2:9700668d-bb18-4ce6-a136-d0d4eac1741d,maxyjulio18@gmail.com,Tokenia App,Service Request,Límites y restricciones,11/Aug/25 4:40 PM,"11/Aug/25 5:00 PM;maxyjulio18@gmail.com;Hola, no debería restringirse la cuenta completa solo por intentar una operación que excede el límite, esa operación simplemente debería rechazarse. Revisamos tu caso y levantamos la restricción, que fue un error puntual.",11/Aug/25 5:20 PM;qm:96e3bf0d-beea-4cd2-bca9-568ee30412d2:9700668d-bb18-4ce6-a136-d0d4eac1741d;gracias por resolverlo rapido
quiero saber si los limites de mi cuenta empresarial se pueden negociar segun mi rubro comercial,"mi empresa opera en un rubro con alto movimiento de fondos, se puede negociar un limite especial segun el tipo de actividad comercial?",Medium,Resolved,qm:96e3bf0d-beea-4cd2-bca9-568ee30412d2:af30ed9d-7e74-4e4e-8304-5e91abcd1392,maximilianojavierjulio@gmail.com,Tokenia Email,General request,Límites y restricciones,28/Jan/26 9:50 AM,"28/Jan/26 10:10 AM;maximilianojavierjulio@gmail.com;Hola, para cuentas empresariales evaluamos límites personalizados según el perfil y volumen de cada negocio. Vamos a derivar tu consulta al equipo comercial para que analicen tu caso específico.","28/Jan/26 10:30 AM;qm:96e3bf0d-beea-4cd2-bca9-568ee30412d2:9700668d-bb18-4ce6-a136-d0d4eac1741d;genial, quedo esperando el contacto"
mi cuenta quedo con limite reducido despues de solicitar informacion sensible por soporte,"pedi informacion sobre mis datos personales guardados y despues de eso mi limite bajo, tiene relacion una cosa con la otra?",Medium,Resolved,qm:96e3bf0d-beea-4cd2-bca9-568ee30412d2:9700668d-bb18-4ce6-a136-d0d4eac1741d,maxyjulio18@gmail.com,Tokenia Web,Service Request,Límites y restricciones,6/Oct/25 11:10 AM,"6/Oct/25 11:30 AM;maxyjulio18@gmail.com;Hola, no debería haber ninguna relación entre solicitar información de tus datos personales y una reducción de límites. Revisamos tu cuenta y no encontramos vínculo, la causa fue otro motivo no relacionado que ya corregimos.","6/Oct/25 11:50 AM;qm:96e3bf0d-beea-4cd2-bca9-568ee30412d2:9700668d-bb18-4ce6-a136-d0d4eac1741d;que alivio, gracias por aclarar"
quiero saber si puedo ver un historico de cuando se aplico cada restriccion en mi cuenta,"me gustaria un registro de todas las veces que mi cuenta tuvo alguna restriccion, con fecha y motivo, para tener un panorama completo.",Low,Resolved,qm:96e3bf0d-beea-4cd2-bca9-568ee30412d2:af30ed9d-7e74-4e4e-8304-5e91abcd1392,maximilianojavierjulio@gmail.com,Tokenia Email,General request,Límites y restricciones,19/Jun/25 3:00 PM,"19/Jun/25 3:20 PM;maximilianojavierjulio@gmail.com;Hola, por el momento no contamos con un historial visible de restricciones pasadas dentro de la app. Si necesitás ese detalle, podés solicitárnoslo puntualmente por este medio.","19/Jun/25 3:40 PM;qm:96e3bf0d-beea-4cd2-bca9-568ee30412d2:9700668d-bb18-4ce6-a136-d0d4eac1741d;entendido, te lo pido si lo necesito. gracias"
mi retiro de xlm quedo pendiente por requerir activacion de cuenta en la red stellar,pedi retirar xlm a una wallet que recien cree y me dice que la cuenta destino necesita estar activada primero. que significa eso exactamente?,Medium,Resolved,qm:96e3bf0d-beea-4cd2-bca9-568ee30412d2:9700668d-bb18-4ce6-a136-d0d4eac1741d,maxi220julio@gmail.com,Tokenia App,Service Request,Depósitos y retiros,13/Jul/25 2:20 PM,"13/Jul/25 2:40 PM;maxi220julio@gmail.com;Hola, en la red Stellar, las cuentas nuevas necesitan recibir un monto mínimo inicial para activarse antes de poder recibir más fondos. Verificá con la plataforma donde generaste esa wallet cuál es el monto mínimo requerido para activarla.","13/Jul/25 3:00 PM;qm:96e3bf0d-beea-4cd2-bca9-568ee30412d2:9700668d-bb18-4ce6-a136-d0d4eac1741d;ya la active con el monto minimo, ahora si funciono. gracias"
puedo saber si mi retiro de eos requiere un memo similar al de xrp,"voy a retirar eos por primera vez, ese token tambien necesita memo de destino como me explicaron para xrp?",Low,Resolved,qm:96e3bf0d-beea-4cd2-bca9-568ee30412d2:af30ed9d-7e74-4e4e-8304-5e91abcd1392,maximilianojavierjulio@gmail.com,Tokenia Email,General request,Depósitos y retiros,26/Sep/25 10:20 AM,"26/Sep/25 10:40 AM;maximilianojavierjulio@gmail.com;Hola, sí, EOS también requiere un memo o tag de destino similar al de XRP para identificar correctamente la cuenta receptora. Asegurate de incluirlo junto con la dirección al retirar.","26/Sep/25 11:00 AM;qm:96e3bf0d-beea-4cd2-bca9-568ee30412d2:9700668d-bb18-4ce6-a136-d0d4eac1741d;gracias por el aviso, lo voy a tener en cuenta"
mi deposito de btc se acredito con un monto en dolares distinto al esperado,mande 0.01 btc y el equivalente en dolares que veo acreditado no coincide con el precio que tenia btc en ese momento exacto. por que la diferencia?,Low,Resolved,qm:96e3bf0d-beea-4cd2-bca9-568ee30412d2:9700668d-bb18-4ce6-a136-d0d4eac1741d,maxyjulio18@gmail.com,Tokenia App,Service Request,Depósitos y retiros,8/Feb/26 1:40 PM,"8/Feb/26 2:00 PM;maxyjulio18@gmail.com;Hola, el valor equivalente en dólares se calcula al momento exacto en que se confirma el depósito, no al momento en que enviaste la transacción, por eso puede haber una leve diferencia si el precio de BTC varió mientras se procesaba.","8/Feb/26 2:20 PM;qm:96e3bf0d-beea-4cd2-bca9-568ee30412d2:9700668d-bb18-4ce6-a136-d0d4eac1741d;entendido, tiene sentido. gracias"
quiero saber si puedo depositar cripto desde una cuenta de exchange verificada por terceros,"voy a mandar cripto desde un exchange que tiene su propia verificacion de kyc, tokenia acepta ese origen sin problema?",Low,Resolved,qm:96e3bf0d-beea-4cd2-bca9-568ee30412d2:af30ed9d-7e74-4e4e-8304-5e91abcd1392,maximilianojavierjulio@gmail.com,Tokenia Web,Service Request,Depósitos y retiros,15/Dec/25 11:20 AM,"15/Dec/25 11:40 AM;maximilianojavierjulio@gmail.com;Hola, sí, aceptamos depósitos de criptomonedas provenientes de otros exchanges verificados, se procesan igual que cualquier depósito desde una billetera externa.","15/Dec/25 12:00 PM;qm:96e3bf0d-beea-4cd2-bca9-568ee30412d2:9700668d-bb18-4ce6-a136-d0d4eac1741d;perfecto, gracias por confirmar"
mi retiro de eth fue rechazado porque la direccion no cumplia el formato checksum,"me dijeron que la direccion de eth que puse no cumplia con un formato especifico llamado checksum, que significa eso?",Medium,Resolved,qm:96e3bf0d-beea-4cd2-bca9-568ee30412d2:9700668d-bb18-4ce6-a136-d0d4eac1741d,maxyjulio18@gmail.com,Tokenia Web,Service Request,Depósitos y retiros,21/Oct/25 3:00 PM,"21/Oct/25 3:20 PM;maxyjulio18@gmail.com;Hola, el checksum es una validación de mayúsculas y minúsculas específicas en la dirección de Ethereum que ayuda a detectar errores de tipeo. Te recomendamos copiar la dirección directamente desde la fuente original en vez de escribirla manualmente para evitar este tipo de rechazo.","21/Oct/25 3:40 PM;qm:96e3bf0d-beea-4cd2-bca9-568ee30412d2:9700668d-bb18-4ce6-a136-d0d4eac1741d;copiandola directo funciono bien, gracias"
puedo saber si tokenia soporta retiros de xmr o monero,"me interesa poder retirar monero por su enfoque en privacidad, tokenia tiene esa cripto disponible?",Low,Resolved,qm:96e3bf0d-beea-4cd2-bca9-568ee30412d2:af30ed9d-7e74-4e4e-8304-5e91abcd1392,maximilianojavierjulio@gmail.com,Tokenia Email,General request,Depósitos y retiros,3/May/25 12:50 PM,"3/May/25 1:10 PM;maximilianojavierjulio@gmail.com;Hola, por el momento no contamos con Monero (XMR) entre las criptomonedas disponibles en la plataforma. Tomamos en cuenta tu interés para evaluarlo a futuro.","3/May/25 1:30 PM;qm:96e3bf0d-beea-4cd2-bca9-568ee30412d2:9700668d-bb18-4ce6-a136-d0d4eac1741d;entendido, gracias por la respuesta"
mi retiro de usdt quedo pendiente porque el destino era una direccion de contrato inactivo,"mande usdt a una direccion que resulto ser un contrato viejo sin actividad, se puede recuperar esos fondos de alguna forma?",High,Escalated,qm:96e3bf0d-beea-4cd2-bca9-568ee30412d2:9700668d-bb18-4ce6-a136-d0d4eac1741d,maxyjulio18@gmail.com,Tokenia Web,Service Request,Depósitos y retiros,9/Jan/26 2:30 PM,"9/Jan/26 2:50 PM;maxyjulio18@gmail.com;Hola, lamentamos la situación. Vamos a escalar tu caso al equipo técnico para evaluar si es posible algún tipo de recuperación, aunque dependiendo del estado del contrato no siempre es posible.",
mi cuenta pide reingresar clave si dejo el celular sin usar por poco tiempo,"si dejo el celular sin tocar unos minutos, tokenia me pide la clave de nuevo aunque no cerre la app. es normal esa demora tan corta?",Low,Resolved,qm:96e3bf0d-beea-4cd2-bca9-568ee30412d2:9700668d-bb18-4ce6-a136-d0d4eac1741d,maxi220julio@gmail.com,Tokenia App,Service Request,Acceso y autenticación,4/Jun/25 10:00 AM,"4/Jun/25 10:20 AM;maxi220julio@gmail.com;Hola, por seguridad la app cierra la sesión automáticamente después de un corto período de inactividad. Es un comportamiento esperado para proteger tu cuenta si dejás el celular desatendido.","4/Jun/25 10:40 AM;qm:96e3bf0d-beea-4cd2-bca9-568ee30412d2:9700668d-bb18-4ce6-a136-d0d4eac1741d;entendido, tiene sentido por seguridad"
quiero saber si puedo tener sesiones activas en simultaneo en app y web sin problema,puedo tener tokenia abierto en la app del celular y en la web al mismo tiempo sin que se cierre una de las dos?,Low,Resolved,qm:96e3bf0d-beea-4cd2-bca9-568ee30412d2:af30ed9d-7e74-4e4e-8304-5e91abcd1392,maximilianojavierjulio@gmail.com,Tokenia Web,Service Request,Acceso y autenticación,17/Sep/25 3:10 PM,"17/Sep/25 3:30 PM;maximilianojavierjulio@gmail.com;Hola, sí, podés tener sesiones simultáneas en distintos dispositivos o plataformas sin problema, no se cierran automáticamente entre sí.","17/Sep/25 3:50 PM;qm:96e3bf0d-beea-4cd2-bca9-568ee30412d2:9700668d-bb18-4ce6-a136-d0d4eac1741d;genial, gracias por confirmar"
mi cuenta detecto un dispositivo rooteado como riesgo de seguridad,"tengo el celular rooteado para otras cosas y tokenia me marco eso como riesgo, afecta mi capacidad de operar normalmente?",Medium,Resolved,qm:96e3bf0d-beea-4cd2-bca9-568ee30412d2:9700668d-bb18-4ce6-a136-d0d4eac1741d,maxyjulio18@gmail.com,Tokenia App,Service Request,Acceso y autenticación,2/Nov/25 1:20 PM,"2/Nov/25 1:40 PM;maxyjulio18@gmail.com;Hola, sí, los dispositivos rooteados representan un riesgo de seguridad mayor y pueden generar restricciones adicionales en algunas funciones, ya que ese tipo de modificación puede exponer tu información a vulnerabilidades.","2/Nov/25 2:00 PM;qm:96e3bf0d-beea-4cd2-bca9-568ee30412d2:9700668d-bb18-4ce6-a136-d0d4eac1741d;entendido, voy a usar otro celular para tokenia entonces"
quiero saber si el bloqueo por intentos fallidos es igual para app y web o son contadores separados,"si fallo intentos en la app, esos cuentan tambien para bloquear mi acceso desde la web, o son contadores independientes por plataforma?",Low,Resolved,qm:96e3bf0d-beea-4cd2-bca9-568ee30412d2:af30ed9d-7e74-4e4e-8304-5e91abcd1392,maximilianojavierjulio@gmail.com,Tokenia Email,General request,Acceso y autenticación,28/Jul/25 11:50 AM,"28/Jul/25 12:10 PM;maximilianojavierjulio@gmail.com;Hola, el contador de intentos fallidos es a nivel de cuenta, no por plataforma, así que los intentos en la app y en la web se suman al mismo límite total.","28/Jul/25 12:30 PM;qm:96e3bf0d-beea-4cd2-bca9-568ee30412d2:9700668d-bb18-4ce6-a136-d0d4eac1741d;entendido, gracias por la aclaracion"
mi cuenta pide autenticacion extra cuando cambio de plan de datos moviles al mismo operador,"cambie de plan dentro de la misma compañia de celular y tokenia me pidio verificacion extra igual, tiene sentido eso?",Low,Resolved,qm:96e3bf0d-beea-4cd2-bca9-568ee30412d2:9700668d-bb18-4ce6-a136-d0d4eac1741d,maxyjulio18@gmail.com,Tokenia App,Service Request,Acceso y autenticación,14/Dec/25 2:40 PM,"14/Dec/25 3:00 PM;maxyjulio18@gmail.com;Hola, un cambio de plan puede modificar parámetros de red que nuestro sistema usa para validar tu conexión habitual, generando una verificación adicional puntual como medida de precaución.","14/Dec/25 3:20 PM;qm:96e3bf0d-beea-4cd2-bca9-568ee30412d2:9700668d-bb18-4ce6-a136-d0d4eac1741d;entendido, gracias por la explicacion"
quiero saber si puedo configurar que la app me pida siempre biometria ademas del pin,"tengo pin rapido activado, me gustaria que ademas siempre pida huella como doble verificacion para entrar. se puede combinar?",Low,Resolved,qm:96e3bf0d-beea-4cd2-bca9-568ee30412d2:af30ed9d-7e74-4e4e-8304-5e91abcd1392,maximilianojavierjulio@gmail.com,Tokenia Web,Service Request,Acceso y autenticación,9/Apr/26 10:20 AM,"9/Abr/26 10:40 AM;maximilianojavierjulio@gmail.com;Hola, por el momento podés elegir un solo método de acceso rápido (PIN o biometría), no se pueden combinar ambos como requisito simultáneo para el ingreso diario.","9/Abr/26 11:00 AM;qm:96e3bf0d-beea-4cd2-bca9-568ee30412d2:9700668d-bb18-4ce6-a136-d0d4eac1741d;entendido, gracias por confirmar"
mi cuenta muestra un mensaje de actualizacion de seguridad pendiente sin explicacion clara,"me aparece un cartel de 'actualizacion de seguridad pendiente' cuando entro, pero no explica que tengo que hacer exactamente.",Medium,Resolved,qm:96e3bf0d-beea-4cd2-bca9-568ee30412d2:9700668d-bb18-4ce6-a136-d0d4eac1741d,maxyjulio18@gmail.com,Tokenia App,Service Request,Acceso y autenticación,22/Aug/25 4:00 PM,"22/Aug/25 4:20 PM;maxyjulio18@gmail.com;Hola, gracias por avisarnos, ese mensaje debería tener un botón de acción claro. Vamos a derivarlo a nuestro equipo técnico. Mientras tanto, actualizar la app a la última versión suele resolverlo.","22/Aug/25 4:40 PM;qm:96e3bf0d-beea-4cd2-bca9-568ee30412d2:9700668d-bb18-4ce6-a136-d0d4eac1741d;actualizando se soluciono, gracias"
puedo saber si mi retiro en pesos incluye algun impuesto a los sellos provincial,"vivo en una provincia con impuesto a los sellos para ciertas transacciones, mi retiro de tokenia tiene ese descuento aplicado?",Low,Resolved,qm:96e3bf0d-beea-4cd2-bca9-568ee30412d2:af30ed9d-7e74-4e4e-8304-5e91abcd1392,maxi220julio@gmail.com,Tokenia Email,General request,Operaciones de compra/venta fiat,11/Jun/25 1:40 PM,"11/Jun/25 2:00 PM;maxi220julio@gmail.com;Hola, Tokenia no aplica ningún descuento por impuesto a los sellos sobre tus retiros. Cualquier impuesto provincial de ese tipo, si correspondiera, sería aplicado directamente por tu entidad bancaria, no por nosotros.","11/Jun/25 2:20 PM;qm:96e3bf0d-beea-4cd2-bca9-568ee30412d2:9700668d-bb18-4ce6-a136-d0d4eac1741d;entendido, voy a consultar con mi banco entonces"
mi deposito en pesos aparece con un estado de revision extendida sin explicacion,"mi transferencia lleva mas tiempo del habitual en estado de revision, sin ningun detalle adicional de por que se extendio.",Medium,Resolved,qm:96e3bf0d-beea-4cd2-bca9-568ee30412d2:9700668d-bb18-4ce6-a136-d0d4eac1741d,maximilianojavierjulio@gmail.com,Tokenia Web,Service Request,Operaciones de compra/venta fiat,19/Oct/25 11:10 AM,"19/Oct/25 11:30 AM;maximilianojavierjulio@gmail.com;Hola, disculpá la demora, vamos a revisar tu depósito con el equipo de operaciones para confirmar el motivo específico de la revisión extendida y darte una respuesta lo antes posible.",19/Oct/25 12:00 PM;qm:96e3bf0d-beea-4cd2-bca9-568ee30412d2:9700668d-bb18-4ce6-a136-d0d4eac1741d;gracias por revisarlo
quiero saber si puedo depositar pesos desde una cuenta recien abierta en el banco,"abri una cuenta bancaria nueva hace pocos dias, se puede usar para depositar en tokenia o hay que esperar cierta antiguedad de la cuenta?",Low,Resolved,qm:96e3bf0d-beea-4cd2-bca9-568ee30412d2:af30ed9d-7e74-4e4e-8304-5e91abcd1392,maxyjulio18@gmail.com,Tokenia Email,General request,Operaciones de compra/venta fiat,3/Sep/25 10:20 AM,"3/Sep/25 10:40 AM;maxyjulio18@gmail.com;Hola, no hay requisito de antigüedad mínima de la cuenta bancaria, podés usar una cuenta nueva siempre que esté a tu nombre y correctamente habilitada por tu banco.","3/Sep/25 11:00 AM;qm:96e3bf0d-beea-4cd2-bca9-568ee30412d2:9700668d-bb18-4ce6-a136-d0d4eac1741d;genial, gracias por confirmar"
mi retiro de pesos se acredito en una sucursal distinta a la que esperaba,"no entiendo bien como funciona esto, mi retiro llego pero el comprobante menciona una sucursal bancaria que no es la mia habitual.",Low,Resolved,qm:96e3bf0d-beea-4cd2-bca9-568ee30412d2:9700668d-bb18-4ce6-a136-d0d4eac1741d,maximilianojavierjulio@gmail.com,Tokenia App,Service Request,Operaciones de compra/venta fiat,27/Jan/26 3:50 PM,"27/Jan/26 4:10 PM;maximilianojavierjulio@gmail.com;Hola, la referencia a la sucursal en el comprobante corresponde a datos administrativos internos del banco, no afecta que el dinero se haya acreditado correctamente en tu cuenta, sin importar la sucursal mencionada.","27/Jan/26 4:30 PM;qm:96e3bf0d-beea-4cd2-bca9-568ee30412d2:9700668d-bb18-4ce6-a136-d0d4eac1741d;ah entendido, gracias por la aclaracion"
quiero saber si tokenia acepta transferencias desde cuentas de cooperativas de credito,"tengo mi cuenta en una cooperativa de credito, no un banco tradicional, se acepta ese tipo de entidad para transferencias?",Low,Resolved,qm:96e3bf0d-beea-4cd2-bca9-568ee30412d2:af30ed9d-7e74-4e4e-8304-5e91abcd1392,maxyjulio18@gmail.com,Tokenia Web,Service Request,Operaciones de compra/venta fiat,16/Nov/25 1:00 PM,"16/Nov/25 1:20 PM;maxyjulio18@gmail.com;Hola, en general aceptamos transferencias de la mayoría de las entidades registradas en el sistema bancario argentino, incluidas cooperativas de crédito. Si tenés algún inconveniente puntual, contactanos con el nombre de la entidad.","16/Nov/25 1:40 PM;qm:96e3bf0d-beea-4cd2-bca9-568ee30412d2:9700668d-bb18-4ce6-a136-d0d4eac1741d;perfecto, gracias por confirmar"
mi retiro de dolares fue rechazado por exceder el limite de mi cuenta bancaria receptora,"mi banco tiene un tope de recepcion de dolares y mi retiro de tokenia lo supero, que puedo hacer en ese caso?",Medium,Resolved,qm:96e3bf0d-beea-4cd2-bca9-568ee30412d2:9700668d-bb18-4ce6-a136-d0d4eac1741d,maximilianojavierjulio@gmail.com,Tokenia Email,General request,Operaciones de compra/venta fiat,8/Feb/26 2:10 PM,"8/Feb/26 2:30 PM;maximilianojavierjulio@gmail.com;Hola, en ese caso te recomendamos dividir el retiro en montos más pequeños que respeten el límite de recepción de tu banco, o consultar con tu banco sobre la posibilidad de aumentar ese tope.","8/Feb/26 2:50 PM;qm:96e3bf0d-beea-4cd2-bca9-568ee30412d2:9700668d-bb18-4ce6-a136-d0d4eac1741d;voy a dividirlo entonces, gracias"
puedo ver el detalle de mi limite mensual restante en cualquier momento,"quiero chequear rapido cuanto me queda del limite mensual sin tener que hacer calculos, hay una vista directa de eso?",Low,Resolved,qm:96e3bf0d-beea-4cd2-bca9-568ee30412d2:9700668d-bb18-4ce6-a136-d0d4eac1741d,maxi220julio@gmail.com,Tokenia App,Service Request,Límites y restricciones,10/Jun/25 11:00 AM,"10/Jun/25 11:20 AM;maxi220julio@gmail.com;Hola, sí, en Perfil > Límites y niveles vas a ver el detalle actualizado de tu límite mensual disponible en todo momento.","10/Jun/25 11:40 AM;qm:96e3bf0d-beea-4cd2-bca9-568ee30412d2:9700668d-bb18-4ce6-a136-d0d4eac1741d;genial, ya lo vi. gracias"
mi cuenta empresarial tarda mas en aprobarse que una cuenta personal comun,"abri una cuenta empresarial hace una semana y sigue en revision, es normal que tarde mas que el proceso de una cuenta personal?",Medium,Resolved,qm:96e3bf0d-beea-4cd2-bca9-568ee30412d2:af30ed9d-7e74-4e4e-8304-5e91abcd1392,maximilianojavierjulio@gmail.com,Tokenia Email,General request,Verificación de identidad,23/Sep/25 10:20 AM,"23/Sep/25 10:40 AM;maximilianojavierjulio@gmail.com;Hola, sí, las cuentas empresariales requieren validar documentación adicional (CUIT, representantes legales, estatuto), lo que puede extender el plazo de revisión respecto a una cuenta personal.","23/Sep/25 11:00 AM;qm:96e3bf0d-beea-4cd2-bca9-568ee30412d2:9700668d-bb18-4ce6-a136-d0d4eac1741d;entendido, gracias por la aclaracion"
quiero saber si puedo tener una cuenta personal y una empresarial a la vez,"tengo mi cuenta personal de tokenia hace tiempo y ahora quiero abrir una empresarial tambien, se puede tener las dos con el mismo dni?",Medium,Resolved,qm:96e3bf0d-beea-4cd2-bca9-568ee30412d2:9700668d-bb18-4ce6-a136-d0d4eac1741d,maxyjulio18@gmail.com,Tokenia Web,Service Request,Verificación de identidad,14/Nov/25 2:30 PM,"14/Nov/25 2:50 PM;maxyjulio18@gmail.com;Hola, sí, podés tener una cuenta personal y una cuenta empresarial como representante legal de tu empresa, son entidades distintas dentro del sistema.","14/Nov/25 3:10 PM;qm:96e3bf0d-beea-4cd2-bca9-568ee30412d2:9700668d-bb18-4ce6-a136-d0d4eac1741d;perfecto, gracias por confirmar"
mi billetera de xrp no muestra el memo requerido junto a la direccion de deposito,"cuando voy a la pantalla de recibir xrp, solo veo la direccion pero no encuentro el memo que necesito para que me manden fondos.",Medium,Resolved,qm:96e3bf0d-beea-4cd2-bca9-568ee30412d2:af30ed9d-7e74-4e4e-8304-5e91abcd1392,maximilianojavierjulio@gmail.com,Tokenia App,Service Request,Billetera y direcciones,1/Oct/25 4:00 PM,"1/Oct/25 4:20 PM;maximilianojavierjulio@gmail.com;Hola, gracias por avisarnos, el memo debería aparecer junto a la dirección en esa pantalla. Vamos a derivarlo a nuestro equipo técnico para revisar por qué no se está mostrando correctamente en tu caso.",1/Oct/25 4:40 PM;qm:96e3bf0d-beea-4cd2-bca9-568ee30412d2:9700668d-bb18-4ce6-a136-d0d4eac1741d;gracias por revisarlo
puedo saber si el spread de fin de semana es distinto al de dias habiles,"opero seguido los sabados y domingos, el spread suele ser mas alto esos dias comparado con la semana?",Low,Resolved,qm:96e3bf0d-beea-4cd2-bca9-568ee30412d2:9700668d-bb18-4ce6-a136-d0d4eac1741d,maxyjulio18@gmail.com,Tokenia Web,Service Request,Tarifas y comisiones,7/Dec/25 1:20 PM,"7/Dec/25 1:40 PM;maxyjulio18@gmail.com;Hola, como el mercado cripto opera todos los días, no hay una diferencia estructural de spread por ser fin de semana, aunque como te comentamos antes, puede variar según el volumen de operaciones del momento.","7/Dec/25 2:00 PM;qm:96e3bf0d-beea-4cd2-bca9-568ee30412d2:9700668d-bb18-4ce6-a136-d0d4eac1741d;entendido, gracias por la aclaracion"
mi retiro de ars quedo pendiente porque coincidio con un feriado bancario,"pedi el retiro un dia que resulto ser feriado bancario sin que yo lo supiera, eso explica la demora que estoy teniendo?",Low,Resolved,qm:96e3bf0d-beea-4cd2-bca9-568ee30412d2:af30ed9d-7e74-4e4e-8304-5e91abcd1392,maximilianojavierjulio@gmail.com,Tokenia App,Service Request,Operaciones de compra/venta fiat,20/Jun/25 11:30 AM,"20/Jun/25 11:50 AM;maximilianojavierjulio@gmail.com;Hola, sí, si el día coincidió con un feriado bancario, el procesamiento se retoma el próximo día hábil, lo que explica la demora respecto al plazo habitual.","20/Jun/25 12:10 PM;qm:96e3bf0d-beea-4cd2-bca9-568ee30412d2:9700668d-bb18-4ce6-a136-d0d4eac1741d;entendido, gracias por confirmar"
quiero saber si puedo pedir la eliminacion de una sesion especifica sin cerrar las demas,"tengo varias sesiones activas y solo quiero cerrar una en particular sin afectar las otras, se puede hacer eso selectivamente?",Low,Resolved,qm:96e3bf0d-beea-4cd2-bca9-568ee30412d2:9700668d-bb18-4ce6-a136-d0d4eac1741d,maxyjulio18@gmail.com,Tokenia App,Service Request,Seguridad de la cuenta,13/Aug/25 3:00 PM,"13/Aug/25 3:20 PM;maxyjulio18@gmail.com;Hola, sí, desde Perfil > Seguridad > Sesiones activas podés cerrar cada sesión de forma individual tocando la opción correspondiente, sin afectar el resto de tus dispositivos conectados.","13/Aug/25 3:40 PM;qm:96e3bf0d-beea-4cd2-bca9-568ee30412d2:9700668d-bb18-4ce6-a136-d0d4eac1741d;genial, ya cerre la que queria. gracias"
mi deposito de cripto se acredito pero el numero de confirmaciones mostrado no coincide con el explorador,en tokenia dice que mi deposito tiene 8 confirmaciones pero en el explorador de la blockchain veo mas de 15. hay un desfasaje en la informacion?,Medium,Resolved,qm:96e3bf0d-beea-4cd2-bca9-568ee30412d2:af30ed9d-7e74-4e4e-8304-5e91abcd1392,maximilianojavierjulio@gmail.com,Tokenia Web,Service Request,Depósitos y retiros,25/Oct/25 2:40 PM,"25/Oct/25 3:00 PM;maximilianojavierjulio@gmail.com;Hola, gracias por avisarnos, puede haber una demora en la actualización del contador que mostramos internamente. Como tu depósito ya está acreditado, no hay ningún problema real con el saldo.","25/Oct/25 3:20 PM;qm:96e3bf0d-beea-4cd2-bca9-568ee30412d2:9700668d-bb18-4ce6-a136-d0d4eac1741d;entendido, gracias por confirmar"
puedo saber si mi cuenta esta en algun nivel intermedio entre nivel 1 y nivel 2,"complete parte de la documentacion del nivel 2 pero no toda, mi cuenta esta en un estado intermedio con algun beneficio parcial?",Low,Resolved,qm:96e3bf0d-beea-4cd2-bca9-568ee30412d2:9700668d-bb18-4ce6-a136-d0d4eac1741d,maxyjulio18@gmail.com,Tokenia Email,General request,Límites y restricciones,18/Apr/25 10:10 AM,"18/Apr/25 10:30 AM;maxyjulio18@gmail.com;Hola, no contamos con niveles intermedios, tu cuenta permanece en el nivel 1 hasta que completes toda la documentación requerida para pasar al nivel 2.","18/Abr/25 10:50 AM;qm:96e3bf0d-beea-4cd2-bca9-568ee30412d2:9700668d-bb18-4ce6-a136-d0d4eac1741d;entendido, voy a completar todo entonces"
mi orden de venta se ejecuto a un precio ligeramente distinto por la diferencia de milisegundos,"vendi btc y el precio final vario en centavos respecto al que vi justo antes de confirmar, es por la velocidad de ejecucion del sistema?",Low,Resolved,qm:96e3bf0d-beea-4cd2-bca9-568ee30412d2:af30ed9d-7e74-4e4e-8304-5e91abcd1392,maximilianojavierjulio@gmail.com,Tokenia App,Service Request,Operaciones de compra/venta crypto,6/Sep/25 1:50 PM,"6/Sep/25 2:10 PM;maximilianojavierjulio@gmail.com;Hola, sí, el precio puede variar levemente entre el momento en que lo ves y el momento exacto de ejecución, dado que el mercado se actualiza constantemente incluso en fracciones de segundo.","6/Sep/25 2:30 PM;qm:96e3bf0d-beea-4cd2-bca9-568ee30412d2:9700668d-bb18-4ce6-a136-d0d4eac1741d;entendido, gracias por la explicacion"
"la app no me deja adjuntar un pdf como comprobante de domicilio, solo imagenes","mi factura de servicios la tengo en pdf, pero la app solo acepta jpg o png para el comprobante de domicilio. se puede subir pdf?",Low,Resolved,qm:96e3bf0d-beea-4cd2-bca9-568ee30412d2:9700668d-bb18-4ce6-a136-d0d4eac1741d,maxyjulio18@gmail.com,Tokenia App,Service Request,Problemas técnicos de la app/web,12/Jul/25 4:20 PM,"12/Jul/25 4:40 PM;maxyjulio18@gmail.com;Hola, sí, el sistema acepta PDF además de JPG y PNG para comprobantes. Si no te deja subirlo, probá actualizar la app a la última versión o intentar desde la web.","12/Jul/25 5:00 PM;qm:96e3bf0d-beea-4cd2-bca9-568ee30412d2:9700668d-bb18-4ce6-a136-d0d4eac1741d;desde la web si me dejo subir el pdf, gracias"
quiero saber si puedo ver el codigo fuente o auditoria de seguridad de la app,"por transparencia, tokenia publica alguna auditoria de seguridad externa de su codigo o infraestructura?",Medium,Resolved,qm:96e3bf0d-beea-4cd2-bca9-568ee30412d2:af30ed9d-7e74-4e4e-8304-5e91abcd1392,maximilianojavierjulio@gmail.com,Tokenia Web,Service Request,Seguridad de la cuenta,29/Nov/25 11:40 AM,"29/Nov/25 12:00 PM;maximilianojavierjulio@gmail.com;Hola, no publicamos el código fuente por ser información propietaria, pero sí realizamos auditorías de seguridad periódicas internas y con proveedores externos como parte de nuestras prácticas de protección de la plataforma.","29/Nov/25 12:20 PM;qm:96e3bf0d-beea-4cd2-bca9-568ee30412d2:9700668d-bb18-4ce6-a136-d0d4eac1741d;entendido, gracias por la info"
mi comprobante de retiro de cripto no incluye el link al explorador de blockchain,"quiero un link directo al explorador desde el comprobante de mi retiro, para verificar la transaccion sin copiar el hash manualmente.",Low,Resolved,qm:96e3bf0d-beea-4cd2-bca9-568ee30412d2:9700668d-bb18-4ce6-a136-d0d4eac1741d,maxyjulio18@gmail.com,Tokenia Web,Service Request,Tarifas y comisiones,3/Feb/26 2:00 PM,"3/Feb/26 2:20 PM;maxyjulio18@gmail.com;Hola, gracias por la sugerencia, por el momento el comprobante muestra el hash como texto para copiar manualmente, no como enlace directo. Lo vamos a tener en cuenta para futuras mejoras.","3/Feb/26 2:40 PM;qm:96e3bf0d-beea-4cd2-bca9-568ee30412d2:9700668d-bb18-4ce6-a136-d0d4eac1741d;entendido, gracias igual"
puedo saber si mi cuenta esta afectada por alguna alerta silenciosa que no me muestran,quiero confirmar si mi cuenta tiene alguna marca o alerta interna que no se me este comunicando directamente.,Medium,Resolved,qm:96e3bf0d-beea-4cd2-bca9-568ee30412d2:af30ed9d-7e74-4e4e-8304-5e91abcd1392,maximilianojavierjulio@gmail.com,Tokenia Email,General request,Seguridad de la cuenta,10/Jan/26 10:50 AM,"10/Jan/26 11:10 AM;maximilianojavierjulio@gmail.com;Hola, revisamos tu cuenta y no encontramos ninguna alerta ni restricción activa en este momento. Todo figura en orden.","10/Jan/26 11:30 AM;qm:96e3bf0d-beea-4cd2-bca9-568ee30412d2:9700668d-bb18-4ce6-a136-d0d4eac1741d;que alivio, gracias por confirmar"
quiero saber si tokenia tiene alguna funcion de recordatorio para completar el kyc,"empece la verificacion pero me distraje y no la termine, tokenia envia algun recordatorio automatico para completarla?",Low,Resolved,qm:96e3bf0d-beea-4cd2-bca9-568ee30412d2:9700668d-bb18-4ce6-a136-d0d4eac1741d,maxyjulio18@gmail.com,Tokenia App,Service Request,Verificación de identidad,24/May/25 3:10 PM,"24/May/25 3:30 PM;maxyjulio18@gmail.com;Hola, sí, solemos enviar un recordatorio por correo si detectamos una verificación iniciada pero no completada después de cierto tiempo, para ayudarte a retomar el proceso.","24/May/25 3:50 PM;qm:96e3bf0d-beea-4cd2-bca9-568ee30412d2:9700668d-bb18-4ce6-a136-d0d4eac1741d;genial, voy a estar atento entonces"
mi billetera muestra el icono de una cripto descontinuada que ya no deberia estar,"veo el icono de una moneda que se que ya fue descontinuada en el mercado, todavia deberia aparecer en mi lista de tokenia?",Low,Resolved,qm:96e3bf0d-beea-4cd2-bca9-568ee30412d2:af30ed9d-7e74-4e4e-8304-5e91abcd1392,maximilianojavierjulio@gmail.com,Tokenia Web,Service Request,Billetera y direcciones,17/Sep/25 1:00 PM,"17/Sep/25 1:20 PM;maximilianojavierjulio@gmail.com;Hola, gracias por avisarnos, si tenías saldo de esa moneda antes de que se descontinuara, puede seguir apareciendo en tu historial. Vamos a revisar tu caso puntual para confirmar el estado actual de esa criptomoneda.",17/Sep/25 1:40 PM;qm:96e3bf0d-beea-4cd2-bca9-568ee30412d2:9700668d-bb18-4ce6-a136-d0d4eac1741d;gracias por revisarlo
quiero saber si puedo consultar el estado de mi ticket de soporte sin entrar a la app,"prefiero ver el estado de mis consultas por mail directamente, sin tener que entrar siempre a la app para chequear.",Low,Resolved,qm:96e3bf0d-beea-4cd2-bca9-568ee30412d2:9700668d-bb18-4ce6-a136-d0d4eac1741d,maxyjulio18@gmail.com,Tokenia Email,General request,Información y consultas generales,8/Dec/25 9:40 AM,"8/Dec/25 10:00 AM;maxyjulio18@gmail.com;Hola, cada respuesta a tu ticket te llega por correo automáticamente, así que podés seguir la conversación desde tu bandeja de entrada sin necesidad de entrar a la app cada vez.","8/Dec/25 10:20 AM;qm:96e3bf0d-beea-4cd2-bca9-568ee30412d2:9700668d-bb18-4ce6-a136-d0d4eac1741d;genial, no lo sabia. gracias"
mi retiro de ars fue enviado a un cbu con un digito de mas por error mio,"me equivoque al cargar el cbu con un digito extra y ya se proceso el retiro, se puede recuperar ese dinero?",High,Escalated,qm:96e3bf0d-beea-4cd2-bca9-568ee30412d2:af30ed9d-7e74-4e4e-8304-5e91abcd1392,maximilianojavierjulio@gmail.com,Tokenia Web,Service Request,Operaciones de compra/venta fiat,2/Nov/25 3:20 PM,"2/Nov/25 3:40 PM;maximilianojavierjulio@gmail.com;Hola, un CBU con un dígito de más generalmente no es un CBU válido y la transferencia debería haber sido rechazada por el sistema bancario. Vamos a escalar tu caso al equipo de operaciones para verificar exactamente qué ocurrió con el envío.",
quiero saber si puedo ver un resumen visual de mi actividad mensual como un dashboard,"me gustaria un resumen tipo dashboard con graficos de mis operaciones del mes, no solo una lista de texto.",Low,Resolved,qm:96e3bf0d-beea-4cd2-bca9-568ee30412d2:9700668d-bb18-4ce6-a136-d0d4eac1741d,maxyjulio18@gmail.com,Tokenia App,Service Request,Información y consultas generales,15/Mar/26 2:30 PM,"15/Mar/26 2:50 PM;maxyjulio18@gmail.com;Hola, por el momento no contamos con un dashboard visual de actividad mensual, solo el listado detallado en Actividad. Tomamos en cuenta tu sugerencia para futuras mejoras.","15/Mar/26 3:10 PM;qm:96e3bf0d-beea-4cd2-bca9-568ee30412d2:9700668d-bb18-4ce6-a136-d0d4eac1741d;entendido, gracias igual"
mi verificacion fue aprobada pero no recibi ninguna confirmacion visual dentro de la app,me llego el mail de aprobacion del kyc pero dentro de la app no veo ningun cambio visual que confirme que ya estoy verificado.,Low,Resolved,qm:96e3bf0d-beea-4cd2-bca9-568ee30412d2:af30ed9d-7e74-4e4e-8304-5e91abcd1392,maximilianojavierjulio@gmail.com,Tokenia Web,Service Request,Verificación de identidad,26/Aug/25 4:10 PM,"26/Aug/25 4:30 PM;maximilianojavierjulio@gmail.com;Hola, probá cerrar sesión y volver a entrar para forzar la actualización del estado. Si el problema persiste, contactanos nuevamente y lo revisamos.","26/Aug/25 4:50 PM;qm:96e3bf0d-beea-4cd2-bca9-568ee30412d2:9700668d-bb18-4ce6-a136-d0d4eac1741d;ya se actualizo, gracias"
puedo saber si el sistema me avisa si estoy por superar mi limite antes de confirmar,"quiero que la app me avise si una operacion me va a dejar muy cerca del limite, antes de confirmarla del todo.",Low,Resolved,qm:96e3bf0d-beea-4cd2-bca9-568ee30412d2:9700668d-bb18-4ce6-a136-d0d4eac1741d,maxi220julio@gmail.com,Tokenia App,Service Request,Operaciones de compra/venta crypto,12/Jun/25 3:20 PM,"12/Jun/25 3:40 PM;maxi220julio@gmail.com;Hola, por el momento la app muestra tu límite disponible antes de confirmar cualquier operación, así podés ver cuánto te va a quedar, aunque no hay una alerta específica de advertencia adicional.","12/Jun/25 4:00 PM;qm:96e3bf0d-beea-4cd2-bca9-568ee30412d2:9700668d-bb18-4ce6-a136-d0d4eac1741d;entendido, gracias por confirmar"
quiero saber si puedo ver mi comprobante de operacion en un idioma distinto al de la app,"tengo la app en español pero necesito un comprobante en ingles para un tramite en el exterior, se puede generar asi?",Medium,Resolved,qm:96e3bf0d-beea-4cd2-bca9-568ee30412d2:af30ed9d-7e74-4e4e-8304-5e91abcd1392,maximilianojavierjulio@gmail.com,Tokenia Email,General request,Información y consultas generales,26/Sep/25 10:50 AM,"26/Sep/25 11:10 AM;maximilianojavierjulio@gmail.com;Hola, el comprobante se genera en el idioma que tengas configurado en tu perfil. Si necesitás uno en inglés, podés cambiar temporalmente el idioma de la app antes de descargarlo.","26/Sep/25 11:30 AM;qm:96e3bf0d-beea-4cd2-bca9-568ee30412d2:9700668d-bb18-4ce6-a136-d0d4eac1741d;perfecto, voy a probarlo asi. gracias"
mi retiro de btc fue procesado pero la confirmacion tardo mas que el promedio de la red,"mi retiro tardo mas en confirmarse que lo que suele tardar btc normalmente segun lo que lei, hubo algo raro con esta transaccion?",Medium,Resolved,qm:96e3bf0d-beea-4cd2-bca9-568ee30412d2:9700668d-bb18-4ce6-a136-d0d4eac1741d,maxyjulio18@gmail.com,Tokenia App,Service Request,Depósitos y retiros,3/Dec/25 2:00 PM,"3/Dec/25 2:20 PM;maxyjulio18@gmail.com;Hola, revisamos el hash de tu transacción y confirmamos que se procesó correctamente, aunque tardó un poco más por la congestión puntual de la red Bitcoin en ese momento.","3/Dec/25 2:40 PM;qm:96e3bf0d-beea-4cd2-bca9-568ee30412d2:9700668d-bb18-4ce6-a136-d0d4eac1741d;entendido, gracias por confirmar"
quiero saber si puedo activar autenticacion biometrica solo para operaciones grandes,"no quiero usar biometria para todo, solo para confirmar operaciones que superen cierto monto especifico. se puede configurar asi?",Low,Resolved,qm:96e3bf0d-beea-4cd2-bca9-568ee30412d2:af30ed9d-7e74-4e4e-8304-5e91abcd1392,maximilianojavierjulio@gmail.com,Tokenia App,Service Request,Seguridad de la cuenta,19/Jul/25 11:20 AM,"19/Jul/25 11:40 AM;maximilianojavierjulio@gmail.com;Hola, por el momento la configuración de biometría es general para el acceso, no se puede activar solo para operaciones de cierto monto específico.","19/Jul/25 12:00 PM;qm:96e3bf0d-beea-4cd2-bca9-568ee30412d2:9700668d-bb18-4ce6-a136-d0d4eac1741d;entendido, gracias igual"
mi comprobante de compra no incluye el nombre completo de mi cuenta,"queria confirmar mi identidad en el comprobante pero solo aparece mi usuario, no mi nombre completo registrado. se puede agregar?",Low,Resolved,qm:96e3bf0d-beea-4cd2-bca9-568ee30412d2:9700668d-bb18-4ce6-a136-d0d4eac1741d,maxyjulio18@gmail.com,Tokenia Web,Service Request,Tarifas y comisiones,8/Oct/25 1:10 PM,"8/Oct/25 1:30 PM;maxyjulio18@gmail.com;Hola, gracias por la sugerencia, actualmente el comprobante muestra el nombre de usuario. Vamos a evaluar incluir el nombre completo para versiones futuras del comprobante.","8/Oct/25 1:50 PM;qm:96e3bf0d-beea-4cd2-bca9-568ee30412d2:9700668d-bb18-4ce6-a136-d0d4eac1741d;entendido, gracias por escuchar"
quiero saber si tokenia permite cambiar de plan de cuenta personal a empresarial,"tengo una cuenta personal hace tiempo, se puede convertir directamente a empresarial o hay que abrir una nueva desde cero?",Medium,Resolved,qm:96e3bf0d-beea-4cd2-bca9-568ee30412d2:af30ed9d-7e74-4e4e-8304-5e91abcd1392,maximilianojavierjulio@gmail.com,Tokenia Email,General request,Verificación de identidad,15/Feb/26 10:00 AM,"15/Feb/26 10:20 AM;maximilianojavierjulio@gmail.com;Hola, por el momento no es posible convertir una cuenta personal existente en empresarial, sería necesario abrir una cuenta empresarial nueva con la documentación correspondiente.","15/Feb/26 10:40 AM;qm:96e3bf0d-beea-4cd2-bca9-568ee30412d2:9700668d-bb18-4ce6-a136-d0d4eac1741d;entendido, gracias por la aclaracion"
mi deposito de eth fue acreditado pero con un pequeño retraso respecto a lo habitual,"mi deposito tardo un poco mas de lo normal en acreditarse, sin llegar a ser un problema grave. hubo alguna demora general ese dia?",Low,Resolved,qm:96e3bf0d-beea-4cd2-bca9-568ee30412d2:9700668d-bb18-4ce6-a136-d0d4eac1741d,maxyjulio18@gmail.com,Tokenia App,Service Request,Depósitos y retiros,21/Nov/25 4:10 PM,"21/Nov/25 4:30 PM;maxyjulio18@gmail.com;Hola, revisamos y confirmamos que hubo una demora leve generalizada por mayor volumen de operaciones ese día, ya normalizado. Tu depósito se acreditó correctamente.","21/Nov/25 4:50 PM;qm:96e3bf0d-beea-4cd2-bca9-568ee30412d2:9700668d-bb18-4ce6-a136-d0d4eac1741d;entendido, gracias por confirmar"
quiero saber si puedo ver la fecha de vencimiento de mi documento directamente en mi perfil,"para no olvidarme de renovar mi dni a tiempo, se puede ver esa fecha de vencimiento reflejada en mi perfil de tokenia?",Low,Resolved,qm:96e3bf0d-beea-4cd2-bca9-568ee30412d2:af30ed9d-7e74-4e4e-8304-5e91abcd1392,maximilianojavierjulio@gmail.com,Tokenia Web,Service Request,Verificación de identidad,4/May/25 2:40 PM,"4/May/25 3:00 PM;maximilianojavierjulio@gmail.com;Hola, sí, como te comentamos antes, la fecha de vencimiento de tu verificación coincide con la de tu documento y la podés ver en Perfil > Verificación.","4/May/25 3:20 PM;qm:96e3bf0d-beea-4cd2-bca9-568ee30412d2:9700668d-bb18-4ce6-a136-d0d4eac1741d;ya la vi, gracias"
mi billetera muestra el precio de mercado con un pequeño delay respecto a otras apps,"comparando con otra app de precios, tokenia muestra el valor de btc con unos segundos de retraso. es normal esa diferencia?",Low,Resolved,qm:96e3bf0d-beea-4cd2-bca9-568ee30412d2:9700668d-bb18-4ce6-a136-d0d4eac1741d,maxyjulio18@gmail.com,Tokenia App,Service Request,Billetera y direcciones,17/Aug/25 12:20 PM,"17/Aug/25 12:40 PM;maxyjulio18@gmail.com;Hola, sí, puede haber una leve diferencia de segundos entre distintas fuentes de precio, algo normal dado que cada plataforma actualiza su información de forma ligeramente distinta.","17/Aug/25 1:00 PM;qm:96e3bf0d-beea-4cd2-bca9-568ee30412d2:9700668d-bb18-4ce6-a136-d0d4eac1741d;entendido, gracias por la explicacion"
quiero saber si tokenia permite cambiar el nombre de la cuenta empresarial despues de aprobada,"mi empresa cambio de razon social despues de que aprobaron la cuenta, se puede actualizar ese dato despues?",Medium,Resolved,qm:96e3bf0d-beea-4cd2-bca9-568ee30412d2:af30ed9d-7e74-4e4e-8304-5e91abcd1392,maximilianojavierjulio@gmail.com,Tokenia Email,General request,Verificación de identidad,9/Sep/25 11:30 AM,"9/Sep/25 11:50 AM;maximilianojavierjulio@gmail.com;Hola, sí, podés solicitar la actualización de la razón social enviándonos la documentación correspondiente al cambio para que actualicemos tu cuenta empresarial.","9/Sep/25 12:10 PM;qm:96e3bf0d-beea-4cd2-bca9-568ee30412d2:9700668d-bb18-4ce6-a136-d0d4eac1741d;te mando la documentacion ahora, gracias"
"mi retiro de sol fue procesado casi instantaneamente, mas rapido que otras criptos","retire solana y llego en segundos, mucho mas rapido que cuando retiro btc o eth. es por la velocidad de esa red en particular?",Low,Resolved,qm:96e3bf0d-beea-4cd2-bca9-568ee30412d2:9700668d-bb18-4ce6-a136-d0d4eac1741d,maxyjulio18@gmail.com,Tokenia App,Service Request,Depósitos y retiros,30/Jan/26 2:50 PM,"30/Jan/26 3:10 PM;maxyjulio18@gmail.com;Hola, sí, como te comentamos antes, la red Solana es mucho más rápida que Bitcoin o Ethereum, por eso los retiros de SOL suelen confirmarse casi al instante.","30/Jan/26 3:30 PM;qm:96e3bf0d-beea-4cd2-bca9-568ee30412d2:9700668d-bb18-4ce6-a136-d0d4eac1741d;genial, gracias por confirmar"
quiero saber si puedo pedir factura A en vez de solo el comprobante de operacion,"para mi contabilidad necesito factura A, tokenia emite ese tipo de comprobante fiscal ademas del comprobante de operacion normal?",Medium,Resolved,qm:96e3bf0d-beea-4cd2-bca9-568ee30412d2:af30ed9d-7e74-4e4e-8304-5e91abcd1392,maximilianojavierjulio@gmail.com,Tokenia Email,General request,Tarifas y comisiones,22/Dec/25 10:20 AM,"22/Dec/25 10:40 AM;maximilianojavierjulio@gmail.com;Hola, por el momento no emitimos factura A, solo el comprobante de operación con el detalle de la comisión cobrada. Te recomendamos consultar con tu contador sobre cómo declarar ese comprobante.","22/Dec/25 11:00 AM;qm:96e3bf0d-beea-4cd2-bca9-568ee30412d2:9700668d-bb18-4ce6-a136-d0d4eac1741d;entendido, voy a consultarlo. gracias"
la app no reproduce sonido en las notificaciones de alerta de precio,"configure alertas de precio pero cuando llegan no suena nada, solo aparece la notificacion visual sin sonido.",Low,Resolved,qm:96e3bf0d-beea-4cd2-bca9-568ee30412d2:9700668d-bb18-4ce6-a136-d0d4eac1741d,maxi220julio@gmail.com,Tokenia App,Service Request,Problemas técnicos de la app/web,5/Jun/25 2:00 PM,"5/Jun/25 2:20 PM;maxi220julio@gmail.com;Hola, verificá en la configuración de notificaciones de tu celular que el sonido esté habilitado específicamente para Tokenia, a veces el sistema operativo silencia apps por separado del volumen general.","5/Jun/25 2:40 PM;qm:96e3bf0d-beea-4cd2-bca9-568ee30412d2:9700668d-bb18-4ce6-a136-d0d4eac1741d;tenia el sonido desactivado para la app, ya lo arregle. gracias"
la app se traba al intentar generar el codigo qr de mi usuario,quiero generar mi codigo qr para compartir pero la pantalla se congela un rato largo antes de mostrarlo.,Low,Resolved,qm:96e3bf0d-beea-4cd2-bca9-568ee30412d2:af30ed9d-7e74-4e4e-8304-5e91abcd1392,maximilianojavierjulio@gmail.com,Tokenia App,Service Request,Problemas técnicos de la app/web,18/Oct/25 11:40 AM,"18/Oct/25 12:00 PM;maximilianojavierjulio@gmail.com;Hola, gracias por avisarnos, vamos a derivarlo a nuestro equipo técnico. Mientras tanto, probá reiniciar la app antes de generar el código, eso suele ayudar.","18/Oct/25 12:20 PM;qm:96e3bf0d-beea-4cd2-bca9-568ee30412d2:9700668d-bb18-4ce6-a136-d0d4eac1741d;reiniciando funciono bien, gracias"
la app no guarda mi preferencia de moneda al cerrar sesion,"cada vez que cierro sesion y vuelvo a entrar, la moneda de referencia vuelve a pesos aunque yo la habia puesto en dolares.",Medium,Resolved,qm:96e3bf0d-beea-4cd2-bca9-568ee30412d2:9700668d-bb18-4ce6-a136-d0d4eac1741d,maxyjulio18@gmail.com,Tokenia Web,Service Request,Problemas técnicos de la app/web,1/Sep/25 3:10 PM,"1/Sep/25 3:30 PM;maxyjulio18@gmail.com;Hola, gracias por avisarnos, esa preferencia debería mantenerse guardada en tu cuenta. Vamos a derivarlo a nuestro equipo técnico para revisar por qué se está reiniciando en tu caso.",1/Sep/25 3:50 PM;qm:96e3bf0d-beea-4cd2-bca9-568ee30412d2:9700668d-bb18-4ce6-a136-d0d4eac1741d;gracias por tomarlo en cuenta
la app no muestra bien el grafico cuando el celular esta en modo ahorro de bateria,"cuando activo el ahorro de bateria de mi celular, el grafico de precios de tokenia se ve cortado o no carga bien.",Low,Resolved,qm:96e3bf0d-beea-4cd2-bca9-568ee30412d2:af30ed9d-7e74-4e4e-8304-5e91abcd1392,maximilianojavierjulio@gmail.com,Tokenia App,Service Request,Problemas técnicos de la app/web,14/Dec/25 4:20 PM,"14/Dec/25 4:40 PM;maximilianojavierjulio@gmail.com;Hola, gracias por avisarnos, el modo ahorro de batería puede limitar recursos gráficos en algunos celulares. Te recomendamos desactivarlo temporalmente al revisar gráficos en tiempo real.","14/Dec/25 5:00 PM;qm:96e3bf0d-beea-4cd2-bca9-568ee30412d2:9700668d-bb18-4ce6-a136-d0d4eac1741d;desactivando el ahorro se ve bien, gracias"
puedo saber si el precio de compra ya considera el volumen que estoy operando,"para operaciones grandes, el precio que veo ya contempla el impacto de mi propio volumen o es el precio generico de mercado?",Medium,Resolved,qm:96e3bf0d-beea-4cd2-bca9-568ee30412d2:9700668d-bb18-4ce6-a136-d0d4eac1741d,maxyjulio18@gmail.com,Tokenia Web,Service Request,Operaciones de compra/venta crypto,27/Jul/25 1:20 PM,"27/Jul/25 1:40 PM;maxyjulio18@gmail.com;Hola, el precio que ves ya está calculado considerando el monto que ingresaste, reflejando el spread correspondiente a esa operación específica.","27/Jul/25 2:00 PM;qm:96e3bf0d-beea-4cd2-bca9-568ee30412d2:9700668d-bb18-4ce6-a136-d0d4eac1741d;entendido, gracias por la aclaracion"
quiero saber si puedo ver el detalle de por que se rechazo una orden especifica,"una de mis ordenes fue rechazada sin mucho detalle, se puede ver un motivo mas especifico en el historial?",Medium,Resolved,qm:96e3bf0d-beea-4cd2-bca9-568ee30412d2:af30ed9d-7e74-4e4e-8304-5e91abcd1392,maximilianojavierjulio@gmail.com,Tokenia App,Service Request,Operaciones de compra/venta crypto,9/Nov/25 10:30 AM,"9/Nov/25 10:50 AM;maximilianojavierjulio@gmail.com;Hola, contanos la fecha y hora aproximada de esa orden rechazada y la revisamos juntos para darte el detalle específico del motivo.","9/Nov/25 11:10 AM;qm:96e3bf0d-beea-4cd2-bca9-568ee30412d2:9700668d-bb18-4ce6-a136-d0d4eac1741d;te paso los detalles por privado, gracias"
mi orden de compra con limite de tiempo vencio antes de ejecutarse al precio deseado,"puse una orden limite con vencimiento a 24 horas y el precio nunca llego, se cancelo automatico. es el comportamiento esperado?",Low,Resolved,qm:96e3bf0d-beea-4cd2-bca9-568ee30412d2:9700668d-bb18-4ce6-a136-d0d4eac1741d,maxyjulio18@gmail.com,Tokenia Web,Service Request,Operaciones de compra/venta crypto,23/Sep/25 2:40 PM,"23/Sep/25 3:00 PM;maxyjulio18@gmail.com;Hola, sí, como te comentamos antes, las órdenes límite tienen un plazo máximo de vigencia (generalmente 24 horas) y se cancelan automáticamente si no se ejecutan en ese período.","23/Sep/25 3:20 PM;qm:96e3bf0d-beea-4cd2-bca9-568ee30412d2:9700668d-bb18-4ce6-a136-d0d4eac1741d;entendido, la vuelvo a poner entonces. gracias"
quiero saber si el comprobante de cada operacion se puede reenviar si lo perdi,"descargue un comprobante hace tiempo y lo perdi, se puede volver a generar o descargar desde el historial?",Low,Resolved,qm:96e3bf0d-beea-4cd2-bca9-568ee30412d2:af30ed9d-7e74-4e4e-8304-5e91abcd1392,maximilianojavierjulio@gmail.com,Tokenia Email,General request,Tarifas y comisiones,6/Apr/26 11:10 AM,"6/Abr/26 11:30 AM;maximilianojavierjulio@gmail.com;Hola, sí, podés volver a descargar el comprobante de cualquier operación pasada desde el detalle de esa transacción en la sección Actividad, cuantas veces lo necesites.","6/Abr/26 11:50 AM;qm:96e3bf0d-beea-4cd2-bca9-568ee30412d2:9700668d-bb18-4ce6-a136-d0d4eac1741d;genial, ya lo descargue de nuevo. gracias"
puedo saber si la comision se aplica igual en compras hechas desde promociones,"compre cripto usando un bono promocional que tenia, la comision del 1% se aplico igual sobre ese monto bonificado?",Low,Resolved,qm:96e3bf0d-beea-4cd2-bca9-568ee30412d2:9700668d-bb18-4ce6-a136-d0d4eac1741d,maxyjulio18@gmail.com,Tokenia App,Service Request,Tarifas y comisiones,14/Oct/25 3:50 PM,"14/Oct/25 4:10 PM;maxyjulio18@gmail.com;Hola, sí, la comisión del 1% se aplica de la misma forma sin importar si el saldo utilizado proviene de un depósito regular o de un bono promocional.","14/Oct/25 4:30 PM;qm:96e3bf0d-beea-4cd2-bca9-568ee30412d2:9700668d-bb18-4ce6-a136-d0d4eac1741d;entendido, gracias por confirmar"
mi cuenta pide verificacion adicional despues de un periodo largo sin operar,no entraba a tokenia hace meses y ahora que volvi me piden una verificacion extra de seguridad. es por la inactividad prolongada?,Low,Resolved,qm:96e3bf0d-beea-4cd2-bca9-568ee30412d2:af30ed9d-7e74-4e4e-8304-5e91abcd1392,maximilianojavierjulio@gmail.com,Tokenia App,Service Request,Acceso y autenticación,1/Aug/25 10:20 AM,"1/Aug/25 10:40 AM;maximilianojavierjulio@gmail.com;Hola, sí, después de un período largo de inactividad podemos solicitar una verificación adicional al reingresar, como medida de seguridad estándar.","1/Aug/25 11:00 AM;qm:96e3bf0d-beea-4cd2-bca9-568ee30412d2:9700668d-bb18-4ce6-a136-d0d4eac1741d;entendido, gracias por la explicacion"
quiero saber si puedo revisar el detalle tecnico de por que fallo un intento de acceso,"tuve un intento fallido de acceso y quiero entender si fue por clave incorrecta, problema de red, o algun otro motivo tecnico especifico.",Medium,Resolved,qm:96e3bf0d-beea-4cd2-bca9-568ee30412d2:9700668d-bb18-4ce6-a136-d0d4eac1741d,maxyjulio18@gmail.com,Tokenia Web,Service Request,Acceso y autenticación,29/Nov/25 1:00 PM,"29/Nov/25 1:20 PM;maxyjulio18@gmail.com;Hola, por el momento el registro de sesiones no incluye el motivo técnico específico del fallo. Contanos cuándo ocurrió y lo revisamos con más detalle de nuestro lado.","29/Nov/25 1:40 PM;qm:96e3bf0d-beea-4cd2-bca9-568ee30412d2:9700668d-bb18-4ce6-a136-d0d4eac1741d;te paso el horario aproximado, gracias"
mi cuenta se desloguea sola cuando el celular recibe una actualizacion del sistema operativo,"cada vez que mi celular se actualiza automaticamente, tokenia me cierra la sesion y tengo que volver a entrar con todo.",Low,Resolved,qm:96e3bf0d-beea-4cd2-bca9-568ee30412d2:af30ed9d-7e74-4e4e-8304-5e91abcd1392,maximilianojavierjulio@gmail.com,Tokenia App,Service Request,Acceso y autenticación,16/Feb/26 3:10 PM,"16/Feb/26 3:30 PM;maximilianojavierjulio@gmail.com;Hola, es esperable que una actualización del sistema operativo cierre sesiones activas por motivos de seguridad del propio dispositivo. Es un comportamiento normal, no algo específico de Tokenia.","16/Feb/26 3:50 PM;qm:96e3bf0d-beea-4cd2-bca9-568ee30412d2:9700668d-bb18-4ce6-a136-d0d4eac1741d;entendido, gracias por la aclaracion"
quiero saber si puedo ver mi ranking de antiguedad como usuario dentro de tokenia,"por curiosidad, se puede ver algun dato de cuantos usuarios se registraron antes o despues que yo?",Low,Resolved,qm:96e3bf0d-beea-4cd2-bca9-568ee30412d2:9700668d-bb18-4ce6-a136-d0d4eac1741d,maxi220julio@gmail.com,Tokenia Email,General request,Información y consultas generales,13/Jun/25 2:10 PM,"13/Jun/25 2:30 PM;maxi220julio@gmail.com;Hola, por el momento no contamos con esa función de ranking o comparación de antigüedad entre usuarios.","13/Jun/25 2:50 PM;qm:96e3bf0d-beea-4cd2-bca9-568ee30412d2:9700668d-bb18-4ce6-a136-d0d4eac1741d;entendido, era solo curiosidad. gracias"
mi retiro de usdt fue rechazado por la red por saldo insuficiente para el gas,"el retiro me rechazo diciendo que no habia saldo suficiente para el gas de la red, aunque tengo bastante usdt en mi cuenta. como es eso posible?",Medium,Resolved,qm:96e3bf0d-beea-4cd2-bca9-568ee30412d2:af30ed9d-7e74-4e4e-8304-5e91abcd1392,maximilianojavierjulio@gmail.com,Tokenia App,Service Request,Depósitos y retiros,27/Sep/25 3:00 PM,"27/Sep/25 3:20 PM;maximilianojavierjulio@gmail.com;Hola, ese mensaje puede referirse a la disponibilidad general de la red en ese momento, no a tu saldo personal. Vamos a verificar el detalle de tu retiro puntual para confirmar qué generó ese rechazo específico.",27/Sep/25 3:40 PM;qm:96e3bf0d-beea-4cd2-bca9-568ee30412d2:9700668d-bb18-4ce6-a136-d0d4eac1741d;gracias por revisarlo
quiero saber si tokenia da soporte prioritario a cuentas de nivel de verificacion alto,"tengo verificacion nivel 2 completa, eso me da algun tipo de atencion prioritaria en el soporte respecto a cuentas nivel 1?",Low,Resolved,qm:96e3bf0d-beea-4cd2-bca9-568ee30412d2:9700668d-bb18-4ce6-a136-d0d4eac1741d,maxyjulio18@gmail.com,Tokenia Email,General request,Información y consultas generales,19/Aug/25 11:20 AM,"19/Aug/25 11:40 AM;maxyjulio18@gmail.com;Hola, por el momento no aplicamos priorización de soporte según el nivel de verificación, todos los usuarios reciben la misma atención según el orden y la urgencia de cada caso.","19/Aug/25 12:00 PM;qm:96e3bf0d-beea-4cd2-bca9-568ee30412d2:9700668d-bb18-4ce6-a136-d0d4eac1741d;entendido, gracias por la aclaracion"
mi billetera de dot no aparece disponible aunque vi que la agregaron hace poco,"escuche que agregaron polkadot a la plataforma pero no la encuentro en mi lista de mercados, puede ser que no me haya actualizado la app?",Low,Resolved,qm:96e3bf0d-beea-4cd2-bca9-568ee30412d2:af30ed9d-7e74-4e4e-8304-5e91abcd1392,maximilianojavierjulio@gmail.com,Tokenia App,Service Request,Billetera y direcciones,5/Dec/25 4:00 PM,"5/Dec/25 4:20 PM;maximilianojavierjulio@gmail.com;Hola, gracias por tu interés. Por el momento Polkadot no está disponible en Tokenia, puede haber sido información incorrecta que escuchaste. Cualquier incorporación nueva la anunciamos oficialmente en nuestros canales.","5/Dec/25 4:40 PM;qm:96e3bf0d-beea-4cd2-bca9-568ee30412d2:9700668d-bb18-4ce6-a136-d0d4eac1741d;ah entendido, debe haber sido un rumor. gracias"
quiero saber si puedo poner un limite de perdida maxima diaria para mi cuenta,"me gustaria que la app bloquee mis operaciones si pierdo mas de cierto monto en un dia, como proteccion personal. existe eso?",Medium,Resolved,qm:96e3bf0d-beea-4cd2-bca9-568ee30412d2:9700668d-bb18-4ce6-a136-d0d4eac1741d,maxyjulio18@gmail.com,Tokenia Email,General request,Límites y restricciones,12/Apr/25 10:40 AM,"12/Apr/25 11:00 AM;maxyjulio18@gmail.com;Hola, valoramos mucho que pienses en este tipo de protección personal. Por el momento no contamos con un límite de pérdida automático, pero podés solicitarnos un límite de operación reducido como alternativa para autolimitarte.","12/Abr/25 11:20 AM;qm:96e3bf0d-beea-4cd2-bca9-568ee30412d2:9700668d-bb18-4ce6-a136-d0d4eac1741d;entendido, voy a pedir un limite reducido entonces"
mi verificacion aprobada no refleja el pais correcto en mi perfil,"me verifique con dni argentino pero en mi perfil figura otro pais por error, como lo corrijo?",Medium,Resolved,qm:96e3bf0d-beea-4cd2-bca9-568ee30412d2:af30ed9d-7e74-4e4e-8304-5e91abcd1392,maximilianojavierjulio@gmail.com,Tokenia App,Service Request,Verificación de identidad,17/Oct/25 2:20 PM,"17/Oct/25 2:40 PM;maximilianojavierjulio@gmail.com;Hola, gracias por avisarnos, vamos a corregir manualmente el país registrado en tu perfil según tu documentación verificada.",17/Oct/25 3:00 PM;qm:96e3bf0d-beea-4cd2-bca9-568ee30412d2:9700668d-bb18-4ce6-a136-d0d4eac1741d;gracias por corregirlo
quiero saber si el precio de venta de una cripto puede ser mayor al de compra en el mismo instante,"vi por un segundo que el precio de venta parecia mas alto que el de compra de la misma cripto, es posible eso o fue un error visual?",Low,Resolved,qm:96e3bf0d-beea-4cd2-bca9-568ee30412d2:9700668d-bb18-4ce6-a136-d0d4eac1741d,maxyjulio18@gmail.com,Tokenia Web,Service Request,Operaciones de compra/venta crypto,8/Feb/26 1:00 PM,"8/Feb/26 1:20 PM;maxyjulio18@gmail.com;Hola, en condiciones normales el precio de compra siempre es mayor al de venta por el spread aplicado. Si viste lo contrario, probablemente fue un desfasaje visual momentáneo durante la actualización de precios.","8/Feb/26 1:40 PM;qm:96e3bf0d-beea-4cd2-bca9-568ee30412d2:9700668d-bb18-4ce6-a136-d0d4eac1741d;entendido, gracias por la aclaracion"
mi retiro de eth demoro porque coincidio con una actualizacion de la red ethereum,"escuche que hubo una actualizacion importante de la red ethereum, eso puede haber afectado la velocidad de mi retiro reciente?",Low,Resolved,qm:96e3bf0d-beea-4cd2-bca9-568ee30412d2:af30ed9d-7e74-4e4e-8304-5e91abcd1392,maximilianojavierjulio@gmail.com,Tokenia App,Service Request,Depósitos y retiros,24/Jun/25 3:40 PM,"24/Jun/25 4:00 PM;maximilianojavierjulio@gmail.com;Hola, sí, actualizaciones importantes de la red pueden generar congestión temporal que afecte los tiempos de confirmación. Confirmamos que tu retiro se procesó correctamente pese a la demora.","24/Jun/25 4:20 PM;qm:96e3bf0d-beea-4cd2-bca9-568ee30412d2:9700668d-bb18-4ce6-a136-d0d4eac1741d;entendido, gracias por confirmar"
quiero saber si tokenia notifica cuando hay cambios en los terminos y condiciones,"si actualizan los terminos y condiciones, me avisan de alguna forma o tengo que estar revisando la pagina periodicamente?",Low,Resolved,qm:96e3bf0d-beea-4cd2-bca9-568ee30412d2:9700668d-bb18-4ce6-a136-d0d4eac1741d,maxyjulio18@gmail.com,Tokenia Email,General request,Información y consultas generales,3/Nov/25 9:50 AM,"3/Nov/25 10:10 AM;maxyjulio18@gmail.com;Hola, sí, ante cambios significativos en nuestros Términos y Condiciones te notificamos por correo electrónico y dentro de la app.","3/Nov/25 10:30 AM;qm:96e3bf0d-beea-4cd2-bca9-568ee30412d2:9700668d-bb18-4ce6-a136-d0d4eac1741d;perfecto, gracias por confirmar"
mi cuenta de nivel 2 tiene el mismo proceso de verificacion adicional que una cuenta nivel 1,"note que para operaciones grandes me piden lo mismo que a alguien con nivel 1, no hay diferencia en el proceso segun mi nivel mas alto?",Medium,Resolved,qm:96e3bf0d-beea-4cd2-bca9-568ee30412d2:af30ed9d-7e74-4e4e-8304-5e91abcd1392,maximilianojavierjulio@gmail.com,Tokenia Web,Service Request,Límites y restricciones,20/Sep/25 1:10 PM,"20/Sep/25 1:30 PM;maximilianojavierjulio@gmail.com;Hola, algunas revisiones de seguridad automáticas pueden aplicar sin importar el nivel de verificación, especialmente para operaciones puntuales de alto riesgo. El beneficio del nivel 2 es principalmente el límite disponible, no una exención total de controles.","20/Sep/25 1:50 PM;qm:96e3bf0d-beea-4cd2-bca9-568ee30412d2:9700668d-bb18-4ce6-a136-d0d4eac1741d;entendido, gracias por la aclaracion"
quiero saber si puedo activar un aviso previo antes de que se cierre mi sesion por inactividad,"me gustaria recibir un aviso de 'tu sesion esta por cerrarse' antes de que efectivamente se cierre, para tener tiempo de reaccionar.",Low,Resolved,qm:96e3bf0d-beea-4cd2-bca9-568ee30412d2:9700668d-bb18-4ce6-a136-d0d4eac1741d,maxi220julio@gmail.com,Tokenia App,Service Request,Seguridad de la cuenta,9/Jun/25 1:40 PM,"9/Jun/25 2:00 PM;maxi220julio@gmail.com;Hola, por el momento la sesión se cierra directamente sin un aviso previo. Tomamos en cuenta tu sugerencia para evaluarla en futuras mejoras.","9/Jun/25 2:20 PM;qm:96e3bf0d-beea-4cd2-bca9-568ee30412d2:9700668d-bb18-4ce6-a136-d0d4eac1741d;entendido, gracias igual"
mi deposito de usdc por bep20 no aparece con la misma rapidez que otras redes,mande usdc por la red bep20 y tardo mas que cuando uso trc20 para la misma cripto. es normal esa diferencia entre redes?,Low,Resolved,qm:96e3bf0d-beea-4cd2-bca9-568ee30412d2:af30ed9d-7e74-4e4e-8304-5e91abcd1392,maximilianojavierjulio@gmail.com,Tokenia App,Service Request,Depósitos y retiros,22/Oct/25 2:10 PM,"22/Oct/25 2:30 PM;maximilianojavierjulio@gmail.com;Hola, sí, cada red tiene sus propios tiempos de confirmación según su tecnología, así que es normal ver diferencias entre BEP-20 y TRC-20 para la misma criptomoneda.","22/Oct/25 2:50 PM;qm:96e3bf0d-beea-4cd2-bca9-568ee30412d2:9700668d-bb18-4ce6-a136-d0d4eac1741d;entendido, gracias por la explicacion"
quiero saber si puedo consultar el detalle de mi nivel de riesgo interno asignado,"por transparencia, se puede saber que nivel de riesgo tiene asignada mi cuenta segun los sistemas internos de tokenia?",Medium,Resolved,qm:96e3bf0d-beea-4cd2-bca9-568ee30412d2:9700668d-bb18-4ce6-a136-d0d4eac1741d,maxyjulio18@gmail.com,Tokenia Email,General request,Seguridad de la cuenta,5/Sep/25 10:20 AM,"5/Sep/25 10:40 AM;maxyjulio18@gmail.com;Hola, por políticas internas de seguridad, no compartimos el detalle específico de los niveles de riesgo asignados internamente a cada cuenta.","5/Sep/25 11:00 AM;qm:96e3bf0d-beea-4cd2-bca9-568ee30412d2:9700668d-bb18-4ce6-a136-d0d4eac1741d;entendido, gracias por la respuesta"
mi orden de venta de ada se ejecuto pero el monto en pesos no coincide con lo esperado,vendi ada y el total en pesos que recibi fue distinto al calculo que habia hecho con el precio que vi antes. es por el spread o hay otro factor?,Low,Resolved,qm:96e3bf0d-beea-4cd2-bca9-568ee30412d2:af30ed9d-7e74-4e4e-8304-5e91abcd1392,maximilianojavierjulio@gmail.com,Tokenia Web,Service Request,Operaciones de compra/venta crypto,11/Dec/25 3:00 PM,"11/Dec/25 3:20 PM;maximilianojavierjulio@gmail.com;Hola, como te comentamos antes, la diferencia entre lo calculado y lo recibido corresponde al spread y la comisión de plataforma aplicados al momento de confirmar la venta.","11/Dec/25 3:40 PM;qm:96e3bf0d-beea-4cd2-bca9-568ee30412d2:9700668d-bb18-4ce6-a136-d0d4eac1741d;entendido, gracias por recordarmelo"
quiero saber si puedo ver un resumen de cuantas veces contacte a soporte en total,"me interesa saber cuantos tickets he abierto historicamente con soporte de tokenia, hay un contador de eso en algun lado?",Low,Resolved,qm:96e3bf0d-beea-4cd2-bca9-568ee30412d2:9700668d-bb18-4ce6-a136-d0d4eac1741d,maxyjulio18@gmail.com,Tokenia App,Service Request,Información y consultas generales,17/Jan/26 11:40 AM,"17/Jan/26 12:00 PM;maxyjulio18@gmail.com;Hola, por el momento no contamos con un contador visible de tickets históricos dentro de la app, pero podés ver el historial de conversaciones anteriores en la sección de soporte.","17/Jan/26 12:20 PM;qm:96e3bf0d-beea-4cd2-bca9-568ee30412d2:9700668d-bb18-4ce6-a136-d0d4eac1741d;entendido, gracias por la info"
mi verificacion aprobada muestra un numero de referencia que no se para que sirve,"en mi perfil de verificacion aparece un codigo de referencia, para que se usa ese numero exactamente?",Low,Resolved,qm:96e3bf0d-beea-4cd2-bca9-568ee30412d2:af30ed9d-7e74-4e4e-8304-5e91abcd1392,maximilianojavierjulio@gmail.com,Tokenia Web,Service Request,Verificación de identidad,3/Jul/25 2:30 PM,"3/Jul/25 2:50 PM;maximilianojavierjulio@gmail.com;Hola, ese código es un identificador interno de tu proceso de verificación, útil para que nuestro equipo pueda ubicar tu caso rápidamente si necesitás hacer alguna consulta relacionada.","3/Jul/25 3:10 PM;qm:96e3bf0d-beea-4cd2-bca9-568ee30412d2:9700668d-bb18-4ce6-a136-d0d4eac1741d;ah entendido, gracias por explicarme"
quiero saber si puedo pedir que mi retiro se procese en un horario especifico del dia,"prefiero que mis retiros se procesen a la mañana, se puede programar para que salga en un horario particular?",Low,Resolved,qm:96e3bf0d-beea-4cd2-bca9-568ee30412d2:9700668d-bb18-4ce6-a136-d0d4eac1741d,maxyjulio18@gmail.com,Tokenia Email,General request,Operaciones de compra/venta fiat,28/Aug/25 1:00 PM,"28/Aug/25 1:20 PM;maxyjulio18@gmail.com;Hola, por el momento no contamos con la función de programar retiros para un horario específico, se procesan de forma inmediata al solicitarlos.","28/Aug/25 1:40 PM;qm:96e3bf0d-beea-4cd2-bca9-568ee30412d2:9700668d-bb18-4ce6-a136-d0d4eac1741d;entendido, gracias"
mi cuenta empresarial no permite agregar mas de un usuario autorizado,quiero agregar a dos empleados con acceso a la cuenta empresarial pero el sistema solo me deja agregar uno. hay un limite de usuarios autorizados?,Medium,Resolved,qm:96e3bf0d-beea-4cd2-bca9-568ee30412d2:af30ed9d-7e74-4e4e-8304-5e91abcd1392,maximilianojavierjulio@gmail.com,Tokenia Email,General request,Límites y restricciones,14/Nov/25 10:10 AM,"14/Nov/25 10:30 AM;maximilianojavierjulio@gmail.com;Hola, para agregar múltiples usuarios autorizados a una cuenta empresarial necesitamos gestionarlo directamente con el equipo comercial. Escribinos con el detalle de los empleados que querés autorizar.","14/Nov/25 10:50 AM;qm:96e3bf0d-beea-4cd2-bca9-568ee30412d2:9700668d-bb18-4ce6-a136-d0d4eac1741d;te mando los detalles, gracias"
quiero saber si el precio que se congela al confirmar tiene un limite de tiempo exacto,"me dijeron que el precio se congela unos segundos al confirmar, cual es el tiempo exacto antes de que se actualice de nuevo?",Low,Resolved,qm:96e3bf0d-beea-4cd2-bca9-568ee30412d2:9700668d-bb18-4ce6-a136-d0d4eac1741d,maxyjulio18@gmail.com,Tokenia App,Service Request,Operaciones de compra/venta crypto,6/Feb/26 12:20 PM,"6/Feb/26 12:40 PM;maxyjulio18@gmail.com;Hola, el precio se mantiene fijo por un margen breve de pocos segundos mientras confirmás la operación, tiempo suficiente para completar la confirmación sin demoras.","6/Feb/26 1:00 PM;qm:96e3bf0d-beea-4cd2-bca9-568ee30412d2:9700668d-bb18-4ce6-a136-d0d4eac1741d;entendido, gracias por la info"
mi documento fue aprobado pero la selfie quedo pendiente de revision manual,"el dni ya me lo aprobaron pero la selfie sigue en revision manual separada, es normal que se dividan los pasos asi?",Low,Resolved,qm:96e3bf0d-beea-4cd2-bca9-568ee30412d2:af30ed9d-7e74-4e4e-8304-5e91abcd1392,maximilianojavierjulio@gmail.com,Tokenia Web,Service Request,Verificación de identidad,19/May/25 3:40 PM,"19/May/25 4:00 PM;maximilianojavierjulio@gmail.com;Hola, sí, en algunos casos cada parte del proceso (documento y selfie) puede pasar por validaciones separadas, especialmente si alguna requiere revisión manual adicional. La aprobación final se da cuando ambas están confirmadas.","19/May/25 4:20 PM;qm:96e3bf0d-beea-4cd2-bca9-568ee30412d2:9700668d-bb18-4ce6-a136-d0d4eac1741d;entendido, gracias por la explicacion"
la app se cierra cuando intento ver el detalle de una operacion muy antigua,"toco una operacion de hace mas de un año en el historial y la app se cierra completa, con operaciones recientes no pasa eso.",Medium,Resolved,qm:96e3bf0d-beea-4cd2-bca9-568ee30412d2:9700668d-bb18-4ce6-a136-d0d4eac1741d,maxi220julio@gmail.com,Tokenia App,Service Request,Problemas técnicos de la app/web,10/Jun/25 3:20 PM,"10/Jun/25 3:40 PM;maxi220julio@gmail.com;Hola, gracias por reportarlo, vamos a derivarlo a nuestro equipo técnico para revisar el manejo de registros antiguos. Mientras tanto, probá consultar esa operación desde la versión web.","10/Jun/25 4:00 PM;qm:96e3bf0d-beea-4cd2-bca9-568ee30412d2:9700668d-bb18-4ce6-a136-d0d4eac1741d;desde la web si funciono, gracias"
quiero saber si tokenia permite retirar cripto los fines de semana sin restricciones,"los retiros de criptomonedas funcionan igual sabados y domingos que entre semana, o hay alguna limitacion de fin de semana?",Low,Resolved,qm:96e3bf0d-beea-4cd2-bca9-568ee30412d2:af30ed9d-7e74-4e4e-8304-5e91abcd1392,maximilianojavierjulio@gmail.com,Tokenia Email,General request,Depósitos y retiros,21/Sep/25 11:00 AM,"21/Sep/25 11:20 AM;maximilianojavierjulio@gmail.com;Hola, los retiros de criptomonedas funcionan las 24 horas los 7 días de la semana sin restricción, incluidos fines de semana y feriados, ya que dependen de la blockchain y no de horarios bancarios.","21/Sep/25 11:40 AM;qm:96e3bf0d-beea-4cd2-bca9-568ee30412d2:9700668d-bb18-4ce6-a136-d0d4eac1741d;genial, gracias por confirmar"
mi cuenta tiene un mensaje de bienvenida de regreso despues de mucho tiempo sin usarla,no entraba a tokenia hace mas de un año y ahora me aparece un mensaje de bienvenida especial. es normal ese tipo de mensaje?,Low,Resolved,qm:96e3bf0d-beea-4cd2-bca9-568ee30412d2:9700668d-bb18-4ce6-a136-d0d4eac1741d,maxyjulio18@gmail.com,Tokenia App,Service Request,Información y consultas generales,4/Dec/25 2:00 PM,"4/Dec/25 2:20 PM;maxyjulio18@gmail.com;Hola, sí, es un mensaje automático que mostramos a usuarios que retoman la actividad después de un tiempo prolongado, solo a modo de bienvenida, sin ninguna implicancia negativa.","4/Dec/25 2:40 PM;qm:96e3bf0d-beea-4cd2-bca9-568ee30412d2:9700668d-bb18-4ce6-a136-d0d4eac1741d;ah que lindo detalle, gracias"
quiero saber si puedo ver mi progreso hacia el siguiente nivel de verificacion,me gustaria ver una barra de progreso o algo similar que muestre que tan cerca estoy de completar el nivel 2. existe esa vista?,Low,Resolved,qm:96e3bf0d-beea-4cd2-bca9-568ee30412d2:af30ed9d-7e74-4e4e-8304-5e91abcd1392,maximilianojavierjulio@gmail.com,Tokenia Web,Service Request,Verificación de identidad,13/Oct/25 1:30 PM,"13/Oct/25 1:50 PM;maximilianojavierjulio@gmail.com;Hola, por el momento no contamos con una barra de progreso visual, pero en Perfil > Verificación podés ver qué documentos ya subiste y cuáles te faltan para completar el siguiente nivel.","13/Oct/25 2:10 PM;qm:96e3bf0d-beea-4cd2-bca9-568ee30412d2:9700668d-bb18-4ce6-a136-d0d4eac1741d;entendido, gracias por la info"
mi cuenta detecto multiples direcciones ip en un corto periodo por usar datos moviles inestables,"mi señal de datos es inestable y cambia de ip seguido, eso puede generar alertas de seguridad falsas en mi cuenta?",Low,Resolved,qm:96e3bf0d-beea-4cd2-bca9-568ee30412d2:9700668d-bb18-4ce6-a136-d0d4eac1741d,maxyjulio18@gmail.com,Tokenia App,Service Request,Seguridad de la cuenta,17/Jul/25 4:10 PM,"17/Jul/25 4:30 PM;maxyjulio18@gmail.com;Hola, sí, cambios frecuentes de IP por conexión móvil inestable pueden generar alertas de seguridad más seguido de lo habitual, aunque sea un comportamiento normal de tu conexión.","17/Jul/25 4:50 PM;qm:96e3bf0d-beea-4cd2-bca9-568ee30412d2:9700668d-bb18-4ce6-a136-d0d4eac1741d;entendido, gracias por la explicacion"
quiero saber si el limite de retiro se recalcula si cancelo una operacion anterior el mismo dia,"cancele un retiro que habia hecho hoy, eso libera de nuevo mi limite diario disponible o queda consumido igual?",Low,Resolved,qm:96e3bf0d-beea-4cd2-bca9-568ee30412d2:af30ed9d-7e74-4e4e-8304-5e91abcd1392,maximilianojavierjulio@gmail.com,Tokenia Web,Service Request,Límites y restricciones,29/Aug/25 2:50 PM,"29/Aug/25 3:10 PM;maximilianojavierjulio@gmail.com;Hola, sí, al cancelar una operación antes de que se procese, el monto se libera nuevamente de tu límite diario disponible, como si no hubiera consumido nada.","29/Aug/25 3:30 PM;qm:96e3bf0d-beea-4cd2-bca9-568ee30412d2:9700668d-bb18-4ce6-a136-d0d4eac1741d;genial, gracias por confirmar"
mi transferencia bancaria demoro porque el monto activo una revision manual bancaria,"mi banco me aviso que la transferencia a tokenia paso por una revision manual de ellos por el monto, eso es normal para montos grandes?",Medium,Resolved,qm:96e3bf0d-beea-4cd2-bca9-568ee30412d2:9700668d-bb18-4ce6-a136-d0d4eac1741d,maxyjulio18@gmail.com,Tokenia Web,Service Request,Operaciones de compra/venta fiat,5/Jan/26 11:20 AM,"5/Jan/26 11:40 AM;maxyjulio18@gmail.com;Hola, sí, algunos bancos aplican revisiones manuales adicionales para transferencias de montos elevados como parte de sus propias políticas de seguridad, algo ajeno a Tokenia.","5/Jan/26 12:00 PM;qm:96e3bf0d-beea-4cd2-bca9-568ee30412d2:9700668d-bb18-4ce6-a136-d0d4eac1741d;entendido, gracias por la aclaracion"
quiero saber si tokenia permite exportar el historial en formato compatible con excel directamente,"cuando exporto mi historial, el archivo se abre bien en excel o necesito hacer algun ajuste de formato primero?",Low,Resolved,qm:96e3bf0d-beea-4cd2-bca9-568ee30412d2:af30ed9d-7e74-4e4e-8304-5e91abcd1392,maximilianojavierjulio@gmail.com,Tokenia App,Service Request,Información y consultas generales,16/Mar/26 10:40 AM,"16/Mar/26 11:00 AM;maximilianojavierjulio@gmail.com;Hola, sí, el archivo exportado se genera en un formato compatible que se abre directamente en Excel sin necesidad de ajustes adicionales.","16/Mar/26 11:20 AM;qm:96e3bf0d-beea-4cd2-bca9-568ee30412d2:9700668d-bb18-4ce6-a136-d0d4eac1741d;perfecto, gracias por confirmar"
quiero saber si puedo ver el detalle de la comision antes de que la operacion se ejecute del todo,"antes de que termine de procesarse una compra, ya puedo ver cuanto voy a pagar de comision o eso se calcula despues?",Low,Resolved,qm:96e3bf0d-beea-4cd2-bca9-568ee30412d2:9700668d-bb18-4ce6-a136-d0d4eac1741d,maxi220julio@gmail.com,Tokenia App,Service Request,Tarifas y comisiones,8/Jun/25 2:20 PM,"8/Jun/25 2:40 PM;maxi220julio@gmail.com;Hola, como te comentamos antes, el desglose de comisión se muestra siempre antes de confirmar la operación, no después.","8/Jun/25 3:00 PM;qm:96e3bf0d-beea-4cd2-bca9-568ee30412d2:9700668d-bb18-4ce6-a136-d0d4eac1741d;entendido, gracias por confirmar"
mi cuenta empresarial tiene un proceso de kyc distinto para cada representante legal,"somos dos socios como representantes legales de la empresa, cada uno tiene que hacer su propio kyc por separado o solo uno alcanza?",Medium,Resolved,qm:96e3bf0d-beea-4cd2-bca9-568ee30412d2:af30ed9d-7e74-4e4e-8304-5e91abcd1392,maximilianojavierjulio@gmail.com,Tokenia Email,General request,Verificación de identidad,22/Sep/25 10:40 AM,"22/Sep/25 11:00 AM;maximilianojavierjulio@gmail.com;Hola, generalmente solicitamos la verificación individual de cada representante legal autorizado en la cuenta empresarial, ya que cada uno necesita quedar validado por separado.","22/Sep/25 11:20 AM;qm:96e3bf0d-beea-4cd2-bca9-568ee30412d2:9700668d-bb18-4ce6-a136-d0d4eac1741d;entendido, vamos a hacer los dos entonces. gracias"
quiero saber si puedo consultar el estado de mi cuenta antes de intentar operar para evitar rechazos,"me gustaria chequear rapido si mi cuenta esta en buen estado antes de intentar una operacion grande, para no arriesgarme a un rechazo.",Low,Resolved,qm:96e3bf0d-beea-4cd2-bca9-568ee30412d2:9700668d-bb18-4ce6-a136-d0d4eac1741d,maxyjulio18@gmail.com,Tokenia Web,Service Request,Límites y restricciones,14/Nov/25 3:10 PM,"14/Nov/25 3:30 PM;maxyjulio18@gmail.com;Hola, podés revisar tu límite disponible y el estado general de tu cuenta desde Perfil > Límites y niveles antes de intentar cualquier operación.","14/Nov/25 3:50 PM;qm:96e3bf0d-beea-4cd2-bca9-568ee30412d2:9700668d-bb18-4ce6-a136-d0d4eac1741d;genial, gracias por confirmar"
mi retiro de btc a una billetera nueva llego pero sin ninguna notificacion previa,"el retiro se completo sin problema pero no recibi ninguna notificacion de que se habia procesado, solo lo vi al entrar a la app.",Low,Resolved,qm:96e3bf0d-beea-4cd2-bca9-568ee30412d2:af30ed9d-7e74-4e4e-8304-5e91abcd1392,maximilianojavierjulio@gmail.com,Tokenia App,Service Request,Depósitos y retiros,27/Jan/26 4:20 PM,"27/Jan/26 4:40 PM;maximilianojavierjulio@gmail.com;Hola, gracias por avisarnos, deberías haber recibido una notificación al completarse el retiro. Vamos a revisar por qué no te llegó y derivarlo a nuestro equipo técnico.",27/Jan/26 5:00 PM;qm:96e3bf0d-beea-4cd2-bca9-568ee30412d2:9700668d-bb18-4ce6-a136-d0d4eac1741d;gracias por revisarlo
quiero saber si tokenia tiene alguna limitacion para usuarios con doble nacionalidad,"tengo doble nacionalidad, argentina y de otro pais, eso genera algun requisito adicional en el proceso de verificacion?",Medium,Resolved,qm:96e3bf0d-beea-4cd2-bca9-568ee30412d2:9700668d-bb18-4ce6-a136-d0d4eac1741d,maxyjulio18@gmail.com,Tokenia Email,General request,Verificación de identidad,9/Aug/25 11:50 AM,"9/Aug/25 12:10 PM;maxyjulio18@gmail.com;Hola, no tenemos requisitos adicionales por doble nacionalidad. Podés verificarte con tu DNI argentino de forma normal, sin importar tu otra nacionalidad.","9/Aug/25 12:30 PM;qm:96e3bf0d-beea-4cd2-bca9-568ee30412d2:9700668d-bb18-4ce6-a136-d0d4eac1741d;entendido, gracias por confirmar"
mi comprobante de operacion no incluye el tipo de red utilizada en un retiro cripto,"en el comprobante de mi retiro no veo mencionada la red que use, solo la cripto y el monto. se puede agregar ese dato?",Low,Resolved,qm:96e3bf0d-beea-4cd2-bca9-568ee30412d2:af30ed9d-7e74-4e4e-8304-5e91abcd1392,maximilianojavierjulio@gmail.com,Tokenia Web,Service Request,Tarifas y comisiones,15/Oct/25 1:40 PM,"15/Oct/25 2:00 PM;maximilianojavierjulio@gmail.com;Hola, gracias por la sugerencia, actualmente el comprobante no especifica la red utilizada de forma explícita. Lo vamos a tener en cuenta para mejoras futuras del formato.","15/Oct/25 2:20 PM;qm:96e3bf0d-beea-4cd2-bca9-568ee30412d2:9700668d-bb18-4ce6-a136-d0d4eac1741d;entendido, gracias por escuchar"
quiero saber si puedo pedir un reporte consolidado de todas mis cuentas en distintos paises de tokenia,"hipoteticamente si tuviera cuentas en argentina y brasil, se puede pedir un reporte unificado de ambas o son totalmente separados?",Medium,Resolved,qm:96e3bf0d-beea-4cd2-bca9-568ee30412d2:9700668d-bb18-4ce6-a136-d0d4eac1741d,maxyjulio18@gmail.com,Tokenia Email,General request,Información y consultas generales,3/Apr/26 10:20 AM,"3/Abr/26 10:40 AM;maxyjulio18@gmail.com;Hola, como te comentamos antes, cada cuenta de país opera de forma independiente, así que no contamos con un reporte consolidado entre cuentas de distintos países.","3/Abr/26 11:00 AM;qm:96e3bf0d-beea-4cd2-bca9-568ee30412d2:9700668d-bb18-4ce6-a136-d0d4eac1741d;entendido, gracias por confirmar"
la app no permite rotar la camara al frontal durante la verificacion de selfie,"cuando llego al paso de la selfie, la camara se queda en la trasera y no encuentro como cambiar a la frontal.",Medium,Resolved,qm:96e3bf0d-beea-4cd2-bca9-568ee30412d2:9700668d-bb18-4ce6-a136-d0d4eac1741d,maxi220julio@gmail.com,Tokenia App,Service Request,Problemas técnicos de la app/web,6/Jun/25 1:00 PM,"6/Jun/25 1:20 PM;maxi220julio@gmail.com;Hola, gracias por avisarnos, debería haber un ícono para cambiar de cámara en esa pantalla. Vamos a derivarlo a nuestro equipo técnico. Mientras tanto, probá desde la versión web.","6/Jun/25 1:40 PM;qm:96e3bf0d-beea-4cd2-bca9-568ee30412d2:9700668d-bb18-4ce6-a136-d0d4eac1741d;desde la web funciono bien, gracias"
la app no carga el listado completo de mercados en conexiones lentas,"con poca señal, la lista de criptomonedas disponibles se corta a la mitad y no termina de cargar todas.",Low,Resolved,qm:96e3bf0d-beea-4cd2-bca9-568ee30412d2:af30ed9d-7e74-4e4e-8304-5e91abcd1392,maximilianojavierjulio@gmail.com,Tokenia App,Service Request,Problemas técnicos de la app/web,19/Sep/25 3:40 PM,"19/Sep/25 4:00 PM;maximilianojavierjulio@gmail.com;Hola, gracias por avisarnos, con señal débil la carga puede cortarse. Te recomendamos deslizar hacia abajo para refrescar la lista una vez que mejore la conexión.","19/Sep/25 4:20 PM;qm:96e3bf0d-beea-4cd2-bca9-568ee30412d2:9700668d-bb18-4ce6-a136-d0d4eac1741d;refrescando cargo todo bien, gracias"
el boton de ayuda dentro de un ticket abierto no responde al tocarlo,"estoy en medio de un ticket y quiero ver articulos de ayuda relacionados, pero el boton no hace nada cuando lo toco.",Low,Resolved,qm:96e3bf0d-beea-4cd2-bca9-568ee30412d2:9700668d-bb18-4ce6-a136-d0d4eac1741d,maxyjulio18@gmail.com,Tokenia Web,Service Request,Problemas técnicos de la app/web,2/Dec/25 11:10 AM,"2/Dec/25 11:30 AM;maxyjulio18@gmail.com;Hola, gracias por reportarlo, vamos a derivarlo a nuestro equipo técnico. Mientras tanto, podés acceder al centro de ayuda directamente desde el menú principal.",2/Dec/25 11:50 AM;qm:96e3bf0d-beea-4cd2-bca9-568ee30412d2:9700668d-bb18-4ce6-a136-d0d4eac1741d;gracias por tomarlo en cuenta
la app muestra un icono de carga infinito en la seccion de referidos,"quiero ver mi codigo de referidos pero esa seccion especifica se queda cargando para siempre, sin mostrar nada.",Medium,Resolved,qm:96e3bf0d-beea-4cd2-bca9-568ee30412d2:af30ed9d-7e74-4e4e-8304-5e91abcd1392,maximilianojavierjulio@gmail.com,Tokenia App,Service Request,Problemas técnicos de la app/web,14/Jul/25 2:30 PM,"14/Jul/25 2:50 PM;maximilianojavierjulio@gmail.com;Hola, gracias por reportarlo, vamos a derivarlo a nuestro equipo técnico. Mientras tanto, probá desde la versión web, que suele ser más estable.","14/Jul/25 3:10 PM;qm:96e3bf0d-beea-4cd2-bca9-568ee30412d2:9700668d-bb18-4ce6-a136-d0d4eac1741d;desde la web anda bien, gracias"
quiero saber si puedo entrar a tokenia con mi huella aunque tenga el pin desactivado,"desactive el pin de acceso rapido, pero la huella dactilar sigue funcionando igual o necesito el pin activo para que funcione la biometria?",Low,Resolved,qm:96e3bf0d-beea-4cd2-bca9-568ee30412d2:9700668d-bb18-4ce6-a136-d0d4eac1741d,maxyjulio18@gmail.com,Tokenia Email,General request,Acceso y autenticación,27/Oct/25 10:20 AM,"27/Oct/25 10:40 AM;maxyjulio18@gmail.com;Hola, la biometría funciona de forma independiente del PIN, así que podés activarla igual aunque no tengas el PIN configurado.","27/Oct/25 11:00 AM;qm:96e3bf0d-beea-4cd2-bca9-568ee30412d2:9700668d-bb18-4ce6-a136-d0d4eac1741d;genial, gracias por confirmar"
mi cuenta pide reingresar clave si cambio el idioma del sistema operativo,"cambie el idioma general de mi celular y tokenia me cerro la sesion, pidiendo que ingrese todo de nuevo. tiene relacion?",Low,Resolved,qm:96e3bf0d-beea-4cd2-bca9-568ee30412d2:af30ed9d-7e74-4e4e-8304-5e91abcd1392,maximilianojavierjulio@gmail.com,Tokenia App,Service Request,Acceso y autenticación,8/Feb/26 4:00 PM,"8/Feb/26 4:20 PM;maximilianojavierjulio@gmail.com;Hola, gracias por avisarnos, un cambio de idioma del sistema no debería cerrar tu sesión. Vamos a derivarlo a nuestro equipo técnico para revisar ese comportamiento.",8/Feb/26 4:40 PM;qm:96e3bf0d-beea-4cd2-bca9-568ee30412d2:9700668d-bb18-4ce6-a136-d0d4eac1741d;gracias por tomarlo en cuenta
quiero saber si puedo bloquear el ingreso desde cualquier pais excepto argentina y uno mas,"viajo seguido a un pais limitrofe, se puede permitir el acceso solo desde esos dos paises y bloquear el resto?",Medium,Resolved,qm:96e3bf0d-beea-4cd2-bca9-568ee30412d2:9700668d-bb18-4ce6-a136-d0d4eac1741d,maxyjulio18@gmail.com,Tokenia Web,Service Request,Acceso y autenticación,21/Nov/25 1:50 PM,"21/Nov/25 2:10 PM;maxyjulio18@gmail.com;Hola, como te comentamos antes, no contamos con restricción de acceso por país configurable. Te recomendamos mantener el 2FA activo como capa de seguridad adicional en tus viajes.","21/Nov/25 2:30 PM;qm:96e3bf0d-beea-4cd2-bca9-568ee30412d2:9700668d-bb18-4ce6-a136-d0d4eac1741d;entendido, gracias por el consejo"
quiero saber si puedo comprar cripto usando un monto expresado directamente en cantidad de unidades,"en vez de poner el monto en pesos, quiero decir directamente 'quiero 0.005 btc' y que calcule el precio solo. se puede hacer asi?",Low,Resolved,qm:96e3bf0d-beea-4cd2-bca9-568ee30412d2:af30ed9d-7e74-4e4e-8304-5e91abcd1392,maximilianojavierjulio@gmail.com,Tokenia App,Service Request,Operaciones de compra/venta crypto,3/Sep/25 12:40 PM,"3/Sep/25 1:00 PM;maximilianojavierjulio@gmail.com;Hola, sí, como te comentamos antes, podés tocar el ícono junto al monto para cambiar entre pesos y cantidad de la criptomoneda, e ingresar directamente la cantidad que querés comprar.","3/Sep/25 1:20 PM;qm:96e3bf0d-beea-4cd2-bca9-568ee30412d2:9700668d-bb18-4ce6-a136-d0d4eac1741d;genial, gracias por confirmar"
mi orden de venta parcial dejo un remanente muy chico que no puedo vender,vendi la mayoria de mi btc pero quedo un resto tan chico que no llega al minimo de venta. que hago con ese remanente?,Low,Resolved,qm:96e3bf0d-beea-4cd2-bca9-568ee30412d2:9700668d-bb18-4ce6-a136-d0d4eac1741d,maxyjulio18@gmail.com,Tokenia Web,Service Request,Operaciones de compra/venta crypto,16/Dec/25 3:10 PM,"16/Dec/25 3:30 PM;maxyjulio18@gmail.com;Hola, ese remanente pequeño queda en tu billetera y podés sumarlo a un futuro depósito de la misma cripto para poder venderlo cuando alcance el mínimo requerido.","16/Dec/25 3:50 PM;qm:96e3bf0d-beea-4cd2-bca9-568ee30412d2:9700668d-bb18-4ce6-a136-d0d4eac1741d;entendido, gracias por la explicacion"
quiero saber si puedo ver el detalle de liquidez disponible antes de una compra grande,"para una compra de monto elevado, se puede ver si hay suficiente liquidez antes de confirmar, para evitar un spread muy alto?",Medium,Resolved,qm:96e3bf0d-beea-4cd2-bca9-568ee30412d2:af30ed9d-7e74-4e4e-8304-5e91abcd1392,maximilianojavierjulio@gmail.com,Tokenia Email,General request,Operaciones de compra/venta crypto,9/Apr/26 11:00 AM,"9/Abr/26 11:20 AM;maximilianojavierjulio@gmail.com;Hola, como te comentamos antes, no exponemos el detalle de liquidez o libro de órdenes. Te recomendamos ver el spread reflejado en el precio antes de confirmar como indicador indirecto.","9/Abr/26 11:40 AM;qm:96e3bf0d-beea-4cd2-bca9-568ee30412d2:9700668d-bb18-4ce6-a136-d0d4eac1741d;entendido, gracias por la aclaracion"
quiero saber si puedo depositar pesos desde una cuenta a nombre de mi conyuge con bienes gananciales,"estoy casado en regimen de bienes gananciales, se puede depositar desde la cuenta de mi conyuge considerando esa figura legal?",Medium,Resolved,qm:96e3bf0d-beea-4cd2-bca9-568ee30412d2:9700668d-bb18-4ce6-a136-d0d4eac1741d,maxyjulio18@gmail.com,Tokenia Email,General request,Operaciones de compra/venta fiat,24/Jun/25 10:00 AM,"24/Jun/25 10:20 AM;maxyjulio18@gmail.com;Hola, por políticas de prevención de lavado de dinero, los depósitos deben provenir de una cuenta a tu propio nombre registrado en Tokenia, independientemente del régimen matrimonial.","24/Jun/25 10:40 AM;qm:96e3bf0d-beea-4cd2-bca9-568ee30412d2:9700668d-bb18-4ce6-a136-d0d4eac1741d;entendido, gracias por la aclaracion"
mi retiro en pesos fue procesado pero con un pequeño descuento no explicado,"recibi mi retiro pero con unos pesos menos de lo solicitado, sin ninguna explicacion visible en el comprobante.",Medium,Resolved,qm:96e3bf0d-beea-4cd2-bca9-568ee30412d2:af30ed9d-7e74-4e4e-8304-5e91abcd1392,maximilianojavierjulio@gmail.com,Tokenia App,Service Request,Operaciones de compra/venta fiat,11/Oct/25 2:20 PM,"11/Oct/25 2:40 PM;maximilianojavierjulio@gmail.com;Hola, como te comentamos antes, esa diferencia mínima suele corresponder a un costo del banco receptor, ajeno a Tokenia. Te recomendamos consultar con tu banco sobre ese descuento puntual.","11/Oct/25 3:00 PM;qm:96e3bf0d-beea-4cd2-bca9-568ee30412d2:9700668d-bb18-4ce6-a136-d0d4eac1741d;voy a consultar con el banco, gracias"
quiero saber si puedo depositar pesos desde el exterior usando una transferencia internacional,"estoy en el exterior y quiero mandar pesos argentinos a tokenia desde una cuenta internacional, se acepta ese tipo de transferencia?",Medium,Resolved,qm:96e3bf0d-beea-4cd2-bca9-568ee30412d2:9700668d-bb18-4ce6-a136-d0d4eac1741d,maxyjulio18@gmail.com,Tokenia Web,Service Request,Operaciones de compra/venta fiat,29/Aug/25 1:10 PM,"29/Aug/25 1:30 PM;maxyjulio18@gmail.com;Hola, para depósitos en pesos necesitamos que provengan de una cuenta bancaria argentina a tu nombre. Una transferencia internacional en pesos desde el exterior no sería un método aceptado.","29/Aug/25 1:50 PM;qm:96e3bf0d-beea-4cd2-bca9-568ee30412d2:9700668d-bb18-4ce6-a136-d0d4eac1741d;entendido, gracias por la aclaracion"
mi cuenta detecto un patron de acceso desde multiples dispositivos en simultaneo,"vi una alerta de que se detecto acceso desde varios dispositivos al mismo tiempo, aunque solo uso mi celular y mi compu. es normal esa alerta?",Medium,Resolved,qm:96e3bf0d-beea-4cd2-bca9-568ee30412d2:af30ed9d-7e74-4e4e-8304-5e91abcd1392,maximilianojavierjulio@gmail.com,Tokenia App,Service Request,Seguridad de la cuenta,5/Dec/25 3:30 PM,"5/Dec/25 3:50 PM;maximilianojavierjulio@gmail.com;Hola, si solo usás dos dispositivos regularmente, esa cantidad no debería generar una alerta. Vamos a revisar tu cuenta para confirmar que no haya un tercer dispositivo no reconocido.",5/Dec/25 4:10 PM;qm:96e3bf0d-beea-4cd2-bca9-568ee30412d2:9700668d-bb18-4ce6-a136-d0d4eac1741d;gracias por revisarlo
quiero saber si puedo restringir mi cuenta para que solo permita retiros a una unica cuenta bancaria fija,"por seguridad, quiero fijar una sola cuenta bancaria autorizada para retiros y bloquear cualquier otra. se puede configurar asi?",Medium,Resolved,qm:96e3bf0d-beea-4cd2-bca9-568ee30412d2:9700668d-bb18-4ce6-a136-d0d4eac1741d,maxyjulio18@gmail.com,Tokenia Email,General request,Seguridad de la cuenta,18/Apr/25 11:40 AM,"18/Abr/25 12:00 PM;maxyjulio18@gmail.com;Hola, valoramos mucho esta medida de precaución. Por el momento no contamos con esa restricción configurable de forma automática, pero podés simplemente no cargar otras cuentas bancarias en tu perfil.","18/Abr/25 12:20 PM;qm:96e3bf0d-beea-4cd2-bca9-568ee30412d2:9700668d-bb18-4ce6-a136-d0d4eac1741d;entendido, voy a hacer eso entonces"
mi cuenta tuvo un acceso legitimo mio marcado como sospechoso por usar internet publico en un aeropuerto,"entre a tokenia desde el wifi de un aeropuerto durante un viaje y me llego una alerta de seguridad, era yo pero entiendo la precaucion.",Low,Resolved,qm:96e3bf0d-beea-4cd2-bca9-568ee30412d2:af30ed9d-7e74-4e4e-8304-5e91abcd1392,maximilianojavierjulio@gmail.com,Tokenia App,Service Request,Seguridad de la cuenta,12/Feb/26 5:00 PM,"12/Feb/26 5:20 PM;maximilianojavierjulio@gmail.com;Hola, gracias por confirmarnos que fuiste vos. Ese tipo de alerta es esperable en redes públicas como las de aeropuertos, es parte de nuestras medidas de protección preventiva.","12/Feb/26 5:40 PM;qm:96e3bf0d-beea-4cd2-bca9-568ee30412d2:9700668d-bb18-4ce6-a136-d0d4eac1741d;entendido, prefiero que sean cautelosos. gracias"
quiero saber si la comision de retiro de eth incluye alguna variacion segun el monto de eth retirado,"el costo de gas de eth es fijo sin importar cuanto eth retire, o varia segun el monto de la transaccion?",Low,Resolved,qm:96e3bf0d-beea-4cd2-bca9-568ee30412d2:9700668d-bb18-4ce6-a136-d0d4eac1741d,maxyjulio18@gmail.com,Tokenia Web,Service Request,Tarifas y comisiones,26/Oct/25 10:50 AM,"26/Oct/25 11:10 AM;maxyjulio18@gmail.com;Hola, el gas fee de la red Ethereum depende de la congestión de la red y la complejidad de la transacción, no del monto de ETH que estés retirando en sí.","26/Oct/25 11:30 AM;qm:96e3bf0d-beea-4cd2-bca9-568ee30412d2:9700668d-bb18-4ce6-a136-d0d4eac1741d;entendido, gracias por la aclaracion"
quiero saber si hay descuento en comision si opero solo con stablecoins,"opero principalmente con usdt y usdc, hay alguna tarifa preferencial para operaciones exclusivamente con stablecoins?",Low,Resolved,qm:96e3bf0d-beea-4cd2-bca9-568ee30412d2:af30ed9d-7e74-4e4e-8304-5e91abcd1392,maximilianojavierjulio@gmail.com,Tokenia Email,General request,Tarifas y comisiones,13/Jun/25 2:10 PM,"13/Jun/25 2:30 PM;maximilianojavierjulio@gmail.com;Hola, la comisión del 1% aplica de igual forma para todas las criptomonedas, incluidas las stablecoins como USDT y USDC, sin descuentos preferenciales por tipo de moneda.","13/Jun/25 2:50 PM;qm:96e3bf0d-beea-4cd2-bca9-568ee30412d2:9700668d-bb18-4ce6-a136-d0d4eac1741d;entendido, gracias por confirmar"
quiero saber si el spread de las stablecoins suele ser menor al de otras criptos,"operando con usdt, note que el spread parece mas chico que con btc o eth. tiene sentido esa diferencia?",Low,Resolved,qm:96e3bf0d-beea-4cd2-bca9-568ee30412d2:9700668d-bb18-4ce6-a136-d0d4eac1741d,maxyjulio18@gmail.com,Tokenia App,Service Request,Tarifas y comisiones,7/Sep/25 3:40 PM,"7/Sep/25 4:00 PM;maxyjulio18@gmail.com;Hola, sí, tiene sentido, las stablecoins suelen tener menor volatilidad de precio comparadas con criptomonedas como BTC o ETH, lo que generalmente se traduce en un spread más ajustado.","7/Sep/25 4:20 PM;qm:96e3bf0d-beea-4cd2-bca9-568ee30412d2:9700668d-bb18-4ce6-a136-d0d4eac1741d;entendido, gracias por la explicacion"
"mi billetera de bch aparece pero nunca compre esa cripto, de donde salio","veo un pequeño saldo de bitcoin cash en mi cuenta que no recuerdo haber comprado nunca, de donde puede haber salido eso?",Medium,Resolved,qm:96e3bf0d-beea-4cd2-bca9-568ee30412d2:af30ed9d-7e74-4e4e-8304-5e91abcd1392,maximilianojavierjulio@gmail.com,Tokenia Web,Service Request,Billetera y direcciones,20/Nov/25 1:30 PM,"20/Nov/25 1:50 PM;maximilianojavierjulio@gmail.com;Hola, revisamos tu cuenta y ese saldo corresponde a un bono promocional acreditado por una campaña anterior. No es un error, es un beneficio que recibiste en su momento.","20/Nov/25 2:10 PM;qm:96e3bf0d-beea-4cd2-bca9-568ee30412d2:9700668d-bb18-4ce6-a136-d0d4eac1741d;ah entendido, gracias por la aclaracion"
la app no me deja rotar la pantalla ni siquiera en la seccion de comprobantes para verlos mejor,quiero ver un comprobante largo en horizontal para leerlo mejor pero ni en esa seccion especifica rota la pantalla.,Low,Resolved,qm:96e3bf0d-beea-4cd2-bca9-568ee30412d2:9700668d-bb18-4ce6-a136-d0d4eac1741d,maxi220julio@gmail.com,Tokenia App,Service Request,Problemas técnicos de la app/web,9/Jun/25 11:20 AM,"9/Jun/25 11:40 AM;maxi220julio@gmail.com;Hola, como te comentamos antes, la app está diseñada solo en modo vertical por el momento. Podés hacer zoom con los dedos para leer mejor el detalle del comprobante.","9/Jun/25 12:00 PM;qm:96e3bf0d-beea-4cd2-bca9-568ee30412d2:9700668d-bb18-4ce6-a136-d0d4eac1741d;con zoom se lee mejor, gracias"
la app no distingue bien entre mayusculas y minusculas al escribir la clave en algunos teclados,"con un teclado personalizado que uso, a veces la app no distingue bien las mayusculas al tipear la contraseña y me rechaza el acceso.",Medium,Resolved,qm:96e3bf0d-beea-4cd2-bca9-568ee30412d2:af30ed9d-7e74-4e4e-8304-5e91abcd1392,maximilianojavierjulio@gmail.com,Tokenia App,Service Request,Problemas técnicos de la app/web,23/Sep/25 2:00 PM,"23/Sep/25 2:20 PM;maximilianojavierjulio@gmail.com;Hola, gracias por avisarnos, te recomendamos probar con el teclado estándar de tu celular para descartar el problema del teclado personalizado al ingresar la clave.","23/Sep/25 2:40 PM;qm:96e3bf0d-beea-4cd2-bca9-568ee30412d2:9700668d-bb18-4ce6-a136-d0d4eac1741d;con el teclado estandar funciono bien, gracias"
"la seccion de notificaciones no se actualiza en tiempo real, hay que salir y entrar","cuando llega una notificacion nueva, tengo que salir de esa pantalla y volver a entrar para verla, no aparece sola.",Low,Resolved,qm:96e3bf0d-beea-4cd2-bca9-568ee30412d2:9700668d-bb18-4ce6-a136-d0d4eac1741d,maxyjulio18@gmail.com,Tokenia Web,Service Request,Problemas técnicos de la app/web,5/Dec/25 3:20 PM,"5/Dec/25 3:40 PM;maxyjulio18@gmail.com;Hola, gracias por reportarlo, vamos a derivarlo a nuestro equipo técnico para revisar la actualización en tiempo real de esa sección.",5/Dec/25 4:00 PM;qm:96e3bf0d-beea-4cd2-bca9-568ee30412d2:9700668d-bb18-4ce6-a136-d0d4eac1741d;gracias por tomarlo en cuenta
mi cuenta muestra dos sesiones activas identicas del mismo dispositivo,"en la lista de sesiones veo dos entradas exactamente iguales de mi propio celular, es un error de duplicado?",Low,Resolved,qm:96e3bf0d-beea-4cd2-bca9-568ee30412d2:af30ed9d-7e74-4e4e-8304-5e91abcd1392,maximilianojavierjulio@gmail.com,Tokenia App,Service Request,Acceso y autenticación,17/Oct/25 4:10 PM,"17/Oct/25 4:30 PM;maximilianojavierjulio@gmail.com;Hola, gracias por avisarnos, es un error de visualización que ya derivamos a nuestro equipo técnico. No representa ningún riesgo de seguridad, ambas corresponden a tu mismo dispositivo.",17/Oct/25 4:50 PM;qm:96e3bf0d-beea-4cd2-bca9-568ee30412d2:9700668d-bb18-4ce6-a136-d0d4eac1741d;gracias por confirmar que no es riesgo
quiero saber si tokenia permite iniciar sesion desde un navegador en modo incognito sin problemas,"prefiero usar siempre modo incognito por privacidad, eso genera algun inconveniente al operar en tokenia?",Low,Resolved,qm:96e3bf0d-beea-4cd2-bca9-568ee30412d2:9700668d-bb18-4ce6-a136-d0d4eac1741d,maxyjulio18@gmail.com,Tokenia Email,General request,Acceso y autenticación,30/Apr/25 10:40 AM,"30/Abr/25 11:00 AM;maxyjulio18@gmail.com;Hola, no hay ningún inconveniente en usar modo incógnito, aunque vas a tener que iniciar sesión cada vez que abras una nueva ventana ya que no se guardan las cookies entre sesiones.","30/Abr/25 11:20 AM;qm:96e3bf0d-beea-4cd2-bca9-568ee30412d2:9700668d-bb18-4ce6-a136-d0d4eac1741d;entendido, gracias por confirmar"
mi cuenta pide clave nueva cuando detecta que uso una vpn corporativa habitual,"uso siempre la misma vpn de mi trabajo y aun asi cada tanto me piden cambiar la clave, aunque sea la misma conexion de siempre.",Medium,Resolved,qm:96e3bf0d-beea-4cd2-bca9-568ee30412d2:af30ed9d-7e74-4e4e-8304-5e91abcd1392,maximilianojavierjulio@gmail.com,Tokenia Web,Service Request,Acceso y autenticación,11/Aug/25 1:50 PM,"11/Aug/25 2:10 PM;maximilianojavierjulio@gmail.com;Hola, gracias por avisarnos, no debería solicitarte cambio de clave solo por usar la misma VPN habitual. Vamos a revisar tu cuenta para entender qué está generando esos pedidos repetidos.",11/Aug/25 2:30 PM;qm:96e3bf0d-beea-4cd2-bca9-568ee30412d2:9700668d-bb18-4ce6-a136-d0d4eac1741d;gracias por revisarlo
quiero saber si puedo comprar cripto usando un monto minimo menor al que aparece por defecto,"el monto minimo por defecto me parece un poco alto, se puede ajustar a un minimo mas bajo para ciertas criptos?",Low,Resolved,qm:96e3bf0d-beea-4cd2-bca9-568ee30412d2:9700668d-bb18-4ce6-a136-d0d4eac1741d,maxyjulio18@gmail.com,Tokenia App,Service Request,Operaciones de compra/venta crypto,24/Sep/25 12:20 PM,"24/Sep/25 12:40 PM;maxyjulio18@gmail.com;Hola, el monto mínimo está definido por cada criptomoneda según nuestras políticas operativas, no es configurable de forma individual por el usuario.","24/Sep/25 1:00 PM;qm:96e3bf0d-beea-4cd2-bca9-568ee30412d2:9700668d-bb18-4ce6-a136-d0d4eac1741d;entendido, gracias por confirmar"
mi orden de compra fue rechazada porque el saldo quedo momentaneamente reservado por otra operacion,"intente comprar y me dijo que no tenia saldo, pero tenia plata disponible. puede ser que otra operacion mia lo haya reservado justo en ese momento?",Medium,Resolved,qm:96e3bf0d-beea-4cd2-bca9-568ee30412d2:af30ed9d-7e74-4e4e-8304-5e91abcd1392,maximilianojavierjulio@gmail.com,Tokenia Web,Service Request,Operaciones de compra/venta crypto,2/Dec/25 2:00 PM,"2/Dec/25 2:20 PM;maximilianojavierjulio@gmail.com;Hola, sí, si tenías otra operación pendiente en simultáneo, es posible que el saldo haya estado momentáneamente reservado, generando ese rechazo temporal. Una vez liberado, deberías poder operar con normalidad.","2/Dec/25 2:40 PM;qm:96e3bf0d-beea-4cd2-bca9-568ee30412d2:9700668d-bb18-4ce6-a136-d0d4eac1741d;entendido, ya pude comprar despues. gracias"
quiero saber si el precio de venta considera la comision antes o solo el spread,"cuando vendo, el precio final que veo ya incluye tanto la comision como el spread juntos, o solo uno de los dos?",Low,Resolved,qm:96e3bf0d-beea-4cd2-bca9-568ee30412d2:9700668d-bb18-4ce6-a136-d0d4eac1741d,maxyjulio18@gmail.com,Tokenia Email,General request,Operaciones de compra/venta crypto,16/Jan/26 10:10 AM,"16/Jan/26 10:30 AM;maxyjulio18@gmail.com;Hola, el monto final que ves antes de confirmar una venta ya incluye tanto la comisión de plataforma como el spread aplicado en ese momento.","16/Jan/26 10:50 AM;qm:96e3bf0d-beea-4cd2-bca9-568ee30412d2:9700668d-bb18-4ce6-a136-d0d4eac1741d;entendido, gracias por la aclaracion"
mi retiro en pesos fue etiquetado como sospechoso por coincidir con el limite exacto del mes,mi retiro coincidio justo con el monto que me quedaba disponible del mes y me lo marcaron para revision. es lo mismo que paso con el limite diario?,Medium,Resolved,qm:96e3bf0d-beea-4cd2-bca9-568ee30412d2:af30ed9d-7e74-4e4e-8304-5e91abcd1392,maximilianojavierjulio@gmail.com,Tokenia App,Service Request,Operaciones de compra/venta fiat,9/Jun/25 3:40 PM,"9/Jun/25 4:00 PM;maximilianojavierjulio@gmail.com;Hola, sí, como te comentamos antes, operar exactamente en el límite disponible puede activar una revisión automática. Ya verificamos tu caso y confirmamos que es legítimo.",9/Jun/25 4:20 PM;qm:96e3bf0d-beea-4cd2-bca9-568ee30412d2:9700668d-bb18-4ce6-a136-d0d4eac1741d;gracias por resolverlo rapido
quiero saber si puedo depositar pesos desde una cuenta sueldo de mi empleador,"mi sueldo se deposita en una cuenta sueldo especifica, se puede usar esa misma cuenta para transferir a tokenia sin problema?",Low,Resolved,qm:96e3bf0d-beea-4cd2-bca9-568ee30412d2:9700668d-bb18-4ce6-a136-d0d4eac1741d,maxyjulio18@gmail.com,Tokenia Web,Service Request,Operaciones de compra/venta fiat,20/Oct/25 11:50 AM,"20/Oct/25 12:10 PM;maxyjulio18@gmail.com;Hola, sí, podés usar tu cuenta sueldo sin problema, siempre que esté a tu nombre, funciona igual que cualquier otra cuenta bancaria para depositar en Tokenia.","20/Oct/25 12:30 PM;qm:96e3bf0d-beea-4cd2-bca9-568ee30412d2:9700668d-bb18-4ce6-a136-d0d4eac1741d;perfecto, gracias por confirmar"
mi retiro de dolares fue procesado pero con una demora que atribuyeron a compliance internacional,"me dijeron que mi retiro en dolares paso por una revision extra de compliance internacional, que implica exactamente ese proceso?",Medium,Resolved,qm:96e3bf0d-beea-4cd2-bca9-568ee30412d2:af30ed9d-7e74-4e4e-8304-5e91abcd1392,maximilianojavierjulio@gmail.com,Tokenia Email,General request,Operaciones de compra/venta fiat,3/Nov/25 1:20 PM,"3/Nov/25 1:40 PM;maximilianojavierjulio@gmail.com;Hola, las transferencias internacionales pasan por controles adicionales de cumplimiento normativo estándar de la industria financiera, lo que puede extender levemente el plazo de procesamiento respecto a transferencias locales.","3/Nov/25 2:00 PM;qm:96e3bf0d-beea-4cd2-bca9-568ee30412d2:9700668d-bb18-4ce6-a136-d0d4eac1741d;entendido, gracias por la explicacion"
quiero saber si puedo tener alertas de seguridad diferenciadas para movimientos grandes y chicos,"me gustaria un tono de alerta distinto segun si el movimiento es grande o chico, para identificarlo rapido. se puede configurar asi?",Low,Resolved,qm:96e3bf0d-beea-4cd2-bca9-568ee30412d2:9700668d-bb18-4ce6-a136-d0d4eac1741d,maxyjulio18@gmail.com,Tokenia App,Service Request,Seguridad de la cuenta,14/Aug/25 2:30 PM,"14/Aug/25 2:50 PM;maxyjulio18@gmail.com;Hola, por el momento las notificaciones no se pueden diferenciar por sonido según el monto del movimiento, todas usan la misma alerta estándar.","14/Aug/25 3:10 PM;qm:96e3bf0d-beea-4cd2-bca9-568ee30412d2:9700668d-bb18-4ce6-a136-d0d4eac1741d;entendido, gracias igual"
mi cuenta detecto acceso desde una red que uso regularmente pero desde otro dispositivo,"entre desde mi red wifi habitual pero con un celular prestado, y me llego una alerta de dispositivo nuevo. es esperable eso?",Low,Resolved,qm:96e3bf0d-beea-4cd2-bca9-568ee30412d2:af30ed9d-7e74-4e4e-8304-5e91abcd1392,maximilianojavierjulio@gmail.com,Tokenia Web,Service Request,Seguridad de la cuenta,27/Sep/25 4:20 PM,"27/Sep/25 4:40 PM;maximilianojavierjulio@gmail.com;Hola, sí, aunque la red sea la misma, el dispositivo distinto genera una alerta de seguridad independiente, ya que evaluamos ambos factores por separado.","27/Sep/25 5:00 PM;qm:96e3bf0d-beea-4cd2-bca9-568ee30412d2:9700668d-bb18-4ce6-a136-d0d4eac1741d;entendido, gracias por la aclaracion"
quiero saber si puedo compartir mi direccion de retiro guardada con otro usuario de tokenia,"un familiar tambien usa tokenia y quiero compartirle una direccion externa que tengo guardada, se puede exportar o compartir asi?",Low,Resolved,qm:96e3bf0d-beea-4cd2-bca9-568ee30412d2:9700668d-bb18-4ce6-a136-d0d4eac1741d,maxyjulio18@gmail.com,Tokenia Email,General request,Billetera y direcciones,6/Jul/25 10:20 AM,"6/Jul/25 10:40 AM;maxyjulio18@gmail.com;Hola, por el momento no contamos con una función para compartir directamente direcciones guardadas entre cuentas, pero podés copiar manualmente la dirección y enviársela por otro medio.","6/Jul/25 11:00 AM;qm:96e3bf0d-beea-4cd2-bca9-568ee30412d2:9700668d-bb18-4ce6-a136-d0d4eac1741d;entendido, la voy a copiar entonces. gracias"
mi billetera de link muestra un valor distinto al que espero segun otras fuentes,"el precio de chainlink que veo en tokenia difiere un poco de otras webs que consulto, es normal esa variacion entre plataformas?",Low,Resolved,qm:96e3bf0d-beea-4cd2-bca9-568ee30412d2:af30ed9d-7e74-4e4e-8304-5e91abcd1392,maximilianojavierjulio@gmail.com,Tokenia App,Service Request,Billetera y direcciones,19/Dec/25 3:00 PM,"19/Dec/25 3:20 PM;maximilianojavierjulio@gmail.com;Hola, como te comentamos antes, es normal que existan pequeñas diferencias de precio entre distintas plataformas según su propia liquidez y fuentes de referencia.","19/Dec/25 3:40 PM;qm:96e3bf0d-beea-4cd2-bca9-568ee30412d2:9700668d-bb18-4ce6-a136-d0d4eac1741d;entendido, gracias por la aclaracion"
quiero saber si el comprobante de mi cuenta incluye el hash completo o abreviado,"para mis propios registros, necesito el hash completo de la transaccion, el comprobante lo muestra entero o recortado?",Low,Resolved,qm:96e3bf0d-beea-4cd2-bca9-568ee30412d2:9700668d-bb18-4ce6-a136-d0d4eac1741d,maxyjulio18@gmail.com,Tokenia Web,Service Request,Tarifas y comisiones,11/Feb/26 1:40 PM,"11/Feb/26 2:00 PM;maxyjulio18@gmail.com;Hola, sí, el comprobante muestra el hash completo de la transacción, sin recortar, para que puedas usarlo en cualquier explorador de blockchain si lo necesitás.","11/Feb/26 2:20 PM;qm:96e3bf0d-beea-4cd2-bca9-568ee30412d2:9700668d-bb18-4ce6-a136-d0d4eac1741d;perfecto, gracias por confirmar"
mi verificacion aprobada tiene un identificador que cambio despues de una actualizacion del sistema,"note que el numero de referencia de mi kyc cambio despues de una actualizacion de la app, es normal que varie ese identificador?",Low,Resolved,qm:96e3bf0d-beea-4cd2-bca9-568ee30412d2:af30ed9d-7e74-4e4e-8304-5e91abcd1392,maximilianojavierjulio@gmail.com,Tokenia App,Service Request,Verificación de identidad,24/Jul/25 11:10 AM,"24/Jul/25 11:30 AM;maximilianojavierjulio@gmail.com;Hola, gracias por avisarnos, ese identificador no debería cambiar tras una actualización. Vamos a revisar tu cuenta para confirmar que tu verificación sigue estando correctamente asociada.",24/Jul/25 11:50 AM;qm:96e3bf0d-beea-4cd2-bca9-568ee30412d2:9700668d-bb18-4ce6-a136-d0d4eac1741d;gracias por revisarlo
quiero saber si tokenia solicita informacion adicional para usuarios con actividad internacional frecuente,"viajo mucho por trabajo y opero desde distintos paises seguido, eso genera pedidos de informacion adicional en el proceso de verificacion?",Medium,Resolved,qm:96e3bf0d-beea-4cd2-bca9-568ee30412d2:9700668d-bb18-4ce6-a136-d0d4eac1741d,maxyjulio18@gmail.com,Tokenia Email,General request,Verificación de identidad,8/Mar/26 10:30 AM,"8/Mar/26 10:50 AM;maxyjulio18@gmail.com;Hola, sí, un patrón de accesos frecuentes desde distintos países puede activar revisiones adicionales de seguridad, aunque no necesariamente afecta tu verificación de identidad ya aprobada.","8/Mar/26 11:10 AM;qm:96e3bf0d-beea-4cd2-bca9-568ee30412d2:9700668d-bb18-4ce6-a136-d0d4eac1741d;entendido, gracias por la info"
mi kyc fue aprobado pero recibi dos correos de confirmacion distintos con horarios diferentes,"me llegaron dos mails de aprobacion de mi verificacion con una hora de diferencia entre ellos, es normal recibir dos avisos asi?",Low,Resolved,qm:96e3bf0d-beea-4cd2-bca9-568ee30412d2:af30ed9d-7e74-4e4e-8304-5e91abcd1392,maximilianojavierjulio@gmail.com,Tokenia Web,Service Request,Verificación de identidad,15/May/25 2:20 PM,"15/May/25 2:40 PM;maximilianojavierjulio@gmail.com;Hola, gracias por avisarnos, no debería enviarse una notificación duplicada. Vamos a derivarlo a nuestro equipo técnico para revisar por qué se generaron dos correos en tu caso.",15/May/25 3:00 PM;qm:96e3bf0d-beea-4cd2-bca9-568ee30412d2:9700668d-bb18-4ce6-a136-d0d4eac1741d;gracias por tomarlo en cuenta
quiero saber si el limite de mi cuenta se ajusta automaticamente segun mi historial de operaciones,"opero seguido y sin problemas hace tiempo, eso influye para que mi limite suba solo con el tiempo o siempre depende del nivel de kyc?",Low,Resolved,qm:96e3bf0d-beea-4cd2-bca9-568ee30412d2:9700668d-bb18-4ce6-a136-d0d4eac1741d,maxi220julio@gmail.com,Tokenia Email,General request,Límites y restricciones,4/Jun/25 10:20 AM,"4/Jun/25 10:40 AM;maxi220julio@gmail.com;Hola, como te comentamos antes, los límites dependen exclusivamente de tu nivel de verificación, no se ajustan automáticamente por historial de buen comportamiento.","4/Jun/25 11:00 AM;qm:96e3bf0d-beea-4cd2-bca9-568ee30412d2:9700668d-bb18-4ce6-a136-d0d4eac1741d;entendido, gracias por confirmar"
"mi cuenta empresarial tiene un limite mensual pero no diario, es asi para ese tipo de cuenta","en mi cuenta empresarial solo veo el limite mensual reflejado, no hay un tope diario tambien como en las cuentas personales?",Medium,Resolved,qm:96e3bf0d-beea-4cd2-bca9-568ee30412d2:af30ed9d-7e74-4e4e-8304-5e91abcd1392,maximilianojavierjulio@gmail.com,Tokenia Web,Service Request,Límites y restricciones,17/Sep/25 2:50 PM,"17/Sep/25 3:10 PM;maximilianojavierjulio@gmail.com;Hola, las cuentas empresariales suelen manejarse con límites mensuales acordados según el volumen del negocio, sin un tope diario fijo como en las cuentas personales estándar.","17/Sep/25 3:30 PM;qm:96e3bf0d-beea-4cd2-bca9-568ee30412d2:9700668d-bb18-4ce6-a136-d0d4eac1741d;entendido, gracias por la aclaracion"
quiero saber si puedo pedir un aumento temporal de limite solo para una operacion puntual,"necesito hacer una compra grande una sola vez, se puede pedir un aumento de limite solo para esa ocasion sin cambiar mi nivel permanente?",Medium,Resolved,qm:96e3bf0d-beea-4cd2-bca9-568ee30412d2:9700668d-bb18-4ce6-a136-d0d4eac1741d,maxyjulio18@gmail.com,Tokenia Email,General request,Límites y restricciones,2/Nov/25 11:20 AM,"2/Nov/25 11:40 AM;maxyjulio18@gmail.com;Hola, en casos puntuales evaluamos excepciones temporales de límite. Escribinos con el detalle de la operación que necesitás realizar y lo revisamos con el equipo correspondiente.","2/Nov/25 12:00 PM;qm:96e3bf0d-beea-4cd2-bca9-568ee30412d2:9700668d-bb18-4ce6-a136-d0d4eac1741d;te paso los detalles ahora, gracias"
mi cuenta quedo con limite en cero por unos minutos sin ningun motivo aparente,"por un rato corto mi limite aparecio en cero y despues volvio a la normalidad solo, sin que yo hiciera nada. que pudo haber sido?",Low,Resolved,qm:96e3bf0d-beea-4cd2-bca9-568ee30412d2:af30ed9d-7e74-4e4e-8304-5e91abcd1392,maximilianojavierjulio@gmail.com,Tokenia App,Service Request,Límites y restricciones,28/Aug/25 4:10 PM,"28/Aug/25 4:30 PM;maximilianojavierjulio@gmail.com;Hola, puede haber sido un ajuste técnico momentáneo en nuestros sistemas que se normalizó automáticamente. Revisamos tu cuenta y todo figura correcto en este momento.","28/Aug/25 4:50 PM;qm:96e3bf0d-beea-4cd2-bca9-568ee30412d2:9700668d-bb18-4ce6-a136-d0d4eac1741d;que alivio, gracias por confirmar"
puedo saber si el spread minimo garantizado existe para operaciones grandes de btc,"para compras muy grandes de btc, hay algun spread minimo garantizado o siempre depende completamente del mercado en ese momento?",Low,Resolved,qm:96e3bf0d-beea-4cd2-bca9-568ee30412d2:9700668d-bb18-4ce6-a136-d0d4eac1741d,maxyjulio18@gmail.com,Tokenia Web,Service Request,Tarifas y comisiones,9/Dec/25 1:00 PM,"9/Dec/25 1:20 PM;maxyjulio18@gmail.com;Hola, no ofrecemos un spread mínimo garantizado, siempre depende de las condiciones de mercado y liquidez disponible al momento de la operación.","9/Dec/25 1:40 PM;qm:96e3bf0d-beea-4cd2-bca9-568ee30412d2:9700668d-bb18-4ce6-a136-d0d4eac1741d;entendido, gracias por confirmar"
quiero saber si la comision se descuenta en la misma cripto que estoy comprando o en otra,"cuando compro btc con pesos, la comision se descuenta de mi saldo en pesos o de una fraccion del btc que estoy comprando?",Low,Resolved,qm:96e3bf0d-beea-4cd2-bca9-568ee30412d2:af30ed9d-7e74-4e4e-8304-5e91abcd1392,maximilianojavierjulio@gmail.com,Tokenia App,Service Request,Tarifas y comisiones,21/Jul/25 3:30 PM,"21/Jul/25 3:50 PM;maximilianojavierjulio@gmail.com;Hola, la comisión se descuenta del monto en la moneda que estás usando para pagar la operación, en este caso pesos, no de una fracción del BTC que estás adquiriendo.","21/Jul/25 4:10 PM;qm:96e3bf0d-beea-4cd2-bca9-568ee30412d2:9700668d-bb18-4ce6-a136-d0d4eac1741d;entendido, gracias por la explicacion"
mi comprobante de venta no coincide exactamente con el 1% que esperaba por un centavo,"hice el calculo del 1% y me da un centavo distinto al que figura en el comprobante, es por redondeo nomas?",Low,Resolved,qm:96e3bf0d-beea-4cd2-bca9-568ee30412d2:9700668d-bb18-4ce6-a136-d0d4eac1741d,maxyjulio18@gmail.com,Tokenia Web,Service Request,Tarifas y comisiones,3/Feb/26 2:40 PM,"3/Feb/26 3:00 PM;maxyjulio18@gmail.com;Hola, sí, esa diferencia mínima corresponde al redondeo estándar aplicado en el cálculo, no representa ningún error en el cobro.","3/Feb/26 3:20 PM;qm:96e3bf0d-beea-4cd2-bca9-568ee30412d2:9700668d-bb18-4ce6-a136-d0d4eac1741d;entendido, gracias por confirmar"
quiero saber si el limite disponible se ve afectado por operaciones en estado pendiente,"tengo una orden pendiente de ejecutarse, eso resta de mi limite disponible aunque todavia no se haya completado?",Medium,Resolved,qm:96e3bf0d-beea-4cd2-bca9-568ee30412d2:af30ed9d-7e74-4e4e-8304-5e91abcd1392,maximilianojavierjulio@gmail.com,Tokenia Email,General request,Límites y restricciones,14/Oct/25 9:50 AM,"14/Oct/25 10:10 AM;maximilianojavierjulio@gmail.com;Hola, sí, mientras una orden esté pendiente de ejecutarse, el monto correspondiente se reserva de tu límite disponible hasta que se complete o se cancele.","14/Oct/25 10:30 AM;qm:96e3bf0d-beea-4cd2-bca9-568ee30412d2:9700668d-bb18-4ce6-a136-d0d4eac1741d;entendido, gracias por la aclaracion"
puedo saber si hay comision distinta para operaciones automatizadas via bot o api,"si en el futuro tokenia ofreciera api para bots, la comision seria la misma que la manual o distinta para ese tipo de uso?",Low,Resolved,qm:96e3bf0d-beea-4cd2-bca9-568ee30412d2:9700668d-bb18-4ce6-a136-d0d4eac1741d,maxyjulio18@gmail.com,Tokenia Email,General request,Tarifas y comisiones,27/May/25 11:40 AM,"27/May/25 12:00 PM;maxyjulio18@gmail.com;Hola, por el momento no contamos con una API pública para operaciones automatizadas, así que esa pregunta no aplica todavía a nuestra plataforma.","27/May/25 12:20 PM;qm:96e3bf0d-beea-4cd2-bca9-568ee30412d2:9700668d-bb18-4ce6-a136-d0d4eac1741d;entendido, gracias por la respuesta"
mi cuenta tiene limite reducido temporalmente por una verificacion de rutina programada,"me avisaron que estoy pasando por una verificacion de rutina que baja temporalmente mi limite, cuanto suele durar ese proceso?",Medium,Resolved,qm:96e3bf0d-beea-4cd2-bca9-568ee30412d2:af30ed9d-7e74-4e4e-8304-5e91abcd1392,maximilianojavierjulio@gmail.com,Tokenia App,Service Request,Límites y restricciones,6/Mar/26 1:10 PM,"6/Mar/26 1:30 PM;maximilianojavierjulio@gmail.com;Hola, las verificaciones de rutina suelen completarse en un plazo de 24 a 48 horas hábiles, después de lo cual tus límites habituales se restablecen automáticamente.","6/Mar/26 1:50 PM;qm:96e3bf0d-beea-4cd2-bca9-568ee30412d2:9700668d-bb18-4ce6-a136-d0d4eac1741d;entendido, voy a esperar ese plazo entonces"
quiero saber si el limite de retiro cripto se mide en la cripto misma o en su valor en dolares,"cuando dicen mi limite de retiro cripto, se refiere a una cantidad fija de btc por ejemplo, o al valor equivalente en dolares sin importar la cripto?",Low,Resolved,qm:96e3bf0d-beea-4cd2-bca9-568ee30412d2:9700668d-bb18-4ce6-a136-d0d4eac1741d,maxyjulio18@gmail.com,Tokenia Web,Service Request,Límites y restricciones,12/Sep/25 3:20 PM,"12/Sep/25 3:40 PM;maxyjulio18@gmail.com;Hola, como te comentamos antes, el límite se calcula en base al equivalente en dólares del monto de cripto que quieras retirar, sin importar cuál sea la criptomoneda específica.","12/Sep/25 4:00 PM;qm:96e3bf0d-beea-4cd2-bca9-568ee30412d2:9700668d-bb18-4ce6-a136-d0d4eac1741d;entendido, gracias por confirmar"
puedo saber si la comision aplicada a un swap se cobra en la moneda de entrada o de salida,"cuando hago un swap de btc a eth, la comision del 1% se cobra en btc o en eth?",Low,Resolved,qm:96e3bf0d-beea-4cd2-bca9-568ee30412d2:af30ed9d-7e74-4e4e-8304-5e91abcd1392,maximilianojavierjulio@gmail.com,Tokenia App,Service Request,Tarifas y comisiones,25/Nov/25 10:40 AM,"25/Nov/25 11:00 AM;maximilianojavierjulio@gmail.com;Hola, la comisión se descuenta de la moneda de origen, en tu ejemplo se descontaría del BTC antes de convertirlo a ETH.","25/Nov/25 11:20 AM;qm:96e3bf0d-beea-4cd2-bca9-568ee30412d2:9700668d-bb18-4ce6-a136-d0d4eac1741d;entendido, gracias por la aclaracion"
mi limite mensual se calcula por mes calendario o por 30 dias corridos desde mi primera operacion,quiero saber si el limite mensual se resetea el dia 1 de cada mes o es una ventana movil de 30 dias desde que empece a operar.,Low,Resolved,qm:96e3bf0d-beea-4cd2-bca9-568ee30412d2:9700668d-bb18-4ce6-a136-d0d4eac1741d,maxyjulio18@gmail.com,Tokenia Email,General request,Límites y restricciones,8/Apr/26 12:10 PM,"8/Abr/26 12:30 PM;maxyjulio18@gmail.com;Hola, el límite mensual se calcula por mes calendario, reseteándose el primer día de cada mes, no como ventana móvil desde tu primera operación.","8/Abr/26 12:50 PM;qm:96e3bf0d-beea-4cd2-bca9-568ee30412d2:9700668d-bb18-4ce6-a136-d0d4eac1741d;entendido, gracias por confirmar"
quiero saber si puedo comprar con descuento si pago la comision por adelantado,"hipoteticamente, si pagara la comision de forma anticipada de alguna manera, hay algun beneficio o descuento por eso?",Low,Resolved,qm:96e3bf0d-beea-4cd2-bca9-568ee30412d2:af30ed9d-7e74-4e4e-8304-5e91abcd1392,maximilianojavierjulio@gmail.com,Tokenia Email,General request,Tarifas y comisiones,1/Jul/25 2:20 PM,"1/Jul/25 2:40 PM;maximilianojavierjulio@gmail.com;Hola, no contamos con un esquema de pago anticipado de comisiones ni descuentos asociados a esa modalidad. La comisión siempre se calcula y cobra al momento de cada operación.","1/Jul/25 3:00 PM;qm:96e3bf0d-beea-4cd2-bca9-568ee30412d2:9700668d-bb18-4ce6-a136-d0d4eac1741d;entendido, gracias por confirmar"
mi cuenta tiene limite especial reducido porque soy menor a un año de antiguedad en argentina,"me mude a argentina hace menos de un año, eso afecta mis limites de alguna forma especifica en tokenia?",Medium,Resolved,qm:96e3bf0d-beea-4cd2-bca9-568ee30412d2:9700668d-bb18-4ce6-a136-d0d4eac1741d,maxyjulio18@gmail.com,Tokenia Email,General request,Límites y restricciones,19/Jun/25 11:00 AM,"19/Jun/25 11:20 AM;maxyjulio18@gmail.com;Hola, los límites dependen de tu nivel de verificación completado, no de tu tiempo de residencia en el país. Si tenés tu DNI argentino y documentación completa, los límites aplican igual que para cualquier otro usuario.","19/Jun/25 11:40 AM;qm:96e3bf0d-beea-4cd2-bca9-568ee30412d2:9700668d-bb18-4ce6-a136-d0d4eac1741d;entendido, gracias por la aclaracion"
quiero saber si el limite de mi cuenta cambia si opero desde distintos paises frecuentemente,"viajo seguido entre argentina y uruguay operando desde ambos, eso afecta mis limites de la cuenta argentina de alguna forma?",Medium,Resolved,qm:96e3bf0d-beea-4cd2-bca9-568ee30412d2:af30ed9d-7e74-4e4e-8304-5e91abcd1392,maximilianojavierjulio@gmail.com,Tokenia Web,Service Request,Límites y restricciones,26/Feb/26 4:00 PM,"26/Feb/26 4:20 PM;maximilianojavierjulio@gmail.com;Hola, tus límites de la cuenta argentina no cambian por operar ocasionalmente desde otro país cercano, aunque un patrón muy frecuente puede activar revisiones de seguridad puntuales como medida de precaución.","26/Feb/26 4:40 PM;qm:96e3bf0d-beea-4cd2-bca9-568ee30412d2:9700668d-bb18-4ce6-a136-d0d4eac1741d;entendido, gracias por la info"
puedo saber si tokenia aplica comision minima en pesos aunque la cripto valga muy poco,"si compro una cantidad muy chica de una cripto barata, hay una comision minima en pesos aunque el 1% de calculo/pare por debajo de eso?",Low,Resolved,qm:96e3bf0d-beea-4cd2-bca9-568ee30412d2:9700668d-bb18-4ce6-a136-d0d4eac1741d,maxyjulio18@gmail.com,Tokenia App,Service Request,Tarifas y comisiones,13/Oct/25 2:50 PM,"13/Oct/25 3:10 PM;maxyjulio18@gmail.com;Hola, como te comentamos antes, no aplicamos un mínimo fijo, la comisión siempre es el 1% exacto del monto de la operación, sin un piso mínimo adicional.","13/Oct/25 3:30 PM;qm:96e3bf0d-beea-4cd2-bca9-568ee30412d2:9700668d-bb18-4ce6-a136-d0d4eac1741d;entendido, gracias por confirmar"
quiero saber si el limite de operacion diaria incluye las cancelaciones dentro del calculo,"si hago una operacion y la cancelo, eso cuenta para mi limite diario de todas formas o se descuenta al cancelar?",Low,Resolved,qm:96e3bf0d-beea-4cd2-bca9-568ee30412d2:af30ed9d-7e74-4e4e-8304-5e91abcd1392,maximilianojavierjulio@gmail.com,Tokenia Email,General request,Límites y restricciones,7/Aug/25 10:10 AM,"7/Aug/25 10:30 AM;maximilianojavierjulio@gmail.com;Hola, como te comentamos antes, al cancelar una operación pendiente el monto correspondiente se libera nuevamente de tu límite diario, no queda consumido.","7/Aug/25 10:50 AM;qm:96e3bf0d-beea-4cd2-bca9-568ee30412d2:9700668d-bb18-4ce6-a136-d0d4eac1741d;entendido, gracias por confirmar"
mi comprobante de retiro cripto no muestra el valor equivalente en pesos al momento del retiro,"quiero saber a cuanto equivalia en pesos mi retiro de btc en el momento exacto que lo hice, el comprobante no lo muestra.",Low,Resolved,qm:96e3bf0d-beea-4cd2-bca9-568ee30412d2:9700668d-bb18-4ce6-a136-d0d4eac1741d,maxyjulio18@gmail.com,Tokenia Web,Service Request,Tarifas y comisiones,30/Dec/25 1:30 PM,"30/Dec/25 1:50 PM;maxyjulio18@gmail.com;Hola, gracias por la sugerencia, actualmente el comprobante de retiros cripto no incluye el valor equivalente en pesos al momento de la operación. Lo vamos a tener en cuenta para futuras mejoras.","30/Dec/25 2:10 PM;qm:96e3bf0d-beea-4cd2-bca9-568ee30412d2:9700668d-bb18-4ce6-a136-d0d4eac1741d;entendido, gracias por escuchar"
quiero saber si mi limite baja si tengo un ticket de soporte sin resolver hace tiempo,"tengo un ticket abierto hace un tiempo sin resolver, eso puede estar afectando mis limites de alguna forma indirecta?",Low,Resolved,qm:96e3bf0d-beea-4cd2-bca9-568ee30412d2:af30ed9d-7e74-4e4e-8304-5e91abcd1392,maximilianojavierjulio@gmail.com,Tokenia Email,General request,Límites y restricciones,22/Sep/25 3:00 PM,"22/Sep/25 3:20 PM;maximilianojavierjulio@gmail.com;Hola, un ticket de soporte sin resolver no afecta tus límites de operación, son sistemas completamente independientes. Si tenés un ticket pendiente, avisanos el número para darle seguimiento.","22/Sep/25 3:40 PM;qm:96e3bf0d-beea-4cd2-bca9-568ee30412d2:9700668d-bb18-4ce6-a136-d0d4eac1741d;que alivio, gracias por confirmar"
la app no me permite cambiar el orden de las columnas en el historial de actividad,"quiero ver primero la fecha y despues el monto en la lista de actividad, pero el orden de columnas parece fijo. se puede personalizar?",Low,Resolved,qm:96e3bf0d-beea-4cd2-bca9-568ee30412d2:9700668d-bb18-4ce6-a136-d0d4eac1741d,maxi220julio@gmail.com,Tokenia Web,Service Request,Problemas técnicos de la app/web,10/Jun/25 1:00 PM,"10/Jun/25 1:20 PM;maxi220julio@gmail.com;Hola, por el momento el orden de las columnas en el historial es fijo, no se puede personalizar. Tomamos en cuenta tu sugerencia para futuras mejoras.","10/Jun/25 1:40 PM;qm:96e3bf0d-beea-4cd2-bca9-568ee30412d2:9700668d-bb18-4ce6-a136-d0d4eac1741d;entendido, gracias igual"
la app tarda en responder cuando cambio rapido entre distintas monedas de referencia,"cuando cambio seguido entre ver mi saldo en pesos y en dolares, la app tarda un poco en responder cada cambio.",Low,Resolved,qm:96e3bf0d-beea-4cd2-bca9-568ee30412d2:af30ed9d-7e74-4e4e-8304-5e91abcd1392,maximilianojavierjulio@gmail.com,Tokenia App,Service Request,Problemas técnicos de la app/web,23/Sep/25 3:20 PM,"23/Sep/25 3:40 PM;maximilianojavierjulio@gmail.com;Hola, gracias por reportarlo, vamos a derivarlo a nuestro equipo técnico para optimizar ese cambio de vista.",23/Sep/25 4:00 PM;qm:96e3bf0d-beea-4cd2-bca9-568ee30412d2:9700668d-bb18-4ce6-a136-d0d4eac1741d;gracias por tomarlo en cuenta
la app no muestra correctamente los caracteres especiales de mi nombre en el perfil,"mi nombre tiene una letra con dieresis y en el perfil de tokenia se ve mal, como un simbolo raro en vez de la letra correcta.",Medium,Resolved,qm:96e3bf0d-beea-4cd2-bca9-568ee30412d2:9700668d-bb18-4ce6-a136-d0d4eac1741d,maxyjulio18@gmail.com,Tokenia Web,Service Request,Problemas técnicos de la app/web,5/Dec/25 2:10 PM,"5/Dec/25 2:30 PM;maxyjulio18@gmail.com;Hola, gracias por avisarnos, es un problema de codificación de caracteres especiales que ya derivamos a nuestro equipo técnico para corregir.",5/Dec/25 2:50 PM;qm:96e3bf0d-beea-4cd2-bca9-568ee30412d2:9700668d-bb18-4ce6-a136-d0d4eac1741d;gracias por revisarlo
la app se queda en blanco unos segundos al volver de segundo plano,"cuando minimizo tokenia y despues vuelvo a abrirla, la pantalla queda en blanco un rato antes de mostrar contenido.",Low,Resolved,qm:96e3bf0d-beea-4cd2-bca9-568ee30412d2:af30ed9d-7e74-4e4e-8304-5e91abcd1392,maximilianojavierjulio@gmail.com,Tokenia App,Service Request,Problemas técnicos de la app/web,17/Oct/25 4:40 PM,"17/Oct/25 5:00 PM;maximilianojavierjulio@gmail.com;Hola, gracias por reportarlo, vamos a derivarlo a nuestro equipo técnico para optimizar el tiempo de recarga al volver de segundo plano.",17/Oct/25 5:20 PM;qm:96e3bf0d-beea-4cd2-bca9-568ee30412d2:9700668d-bb18-4ce6-a136-d0d4eac1741d;gracias por tomarlo en cuenta
quiero saber si puedo revocar el acceso a un dispositivo antiguo aunque no tenga la sesion activa,un dispositivo viejo mio no aparece en sesiones activas pero igual quiero asegurarme de que no tenga ningun acceso residual guardado.,Low,Resolved,qm:96e3bf0d-beea-4cd2-bca9-568ee30412d2:9700668d-bb18-4ce6-a136-d0d4eac1741d,maxyjulio18@gmail.com,Tokenia Email,General request,Seguridad de la cuenta,30/Apr/25 11:20 AM,"30/Abr/25 11:40 AM;maxyjulio18@gmail.com;Hola, si el dispositivo no aparece en tu lista de sesiones activas, no tiene ningún acceso residual a tu cuenta. Podés estar tranquilo.","30/Abr/25 12:00 PM;qm:96e3bf0d-beea-4cd2-bca9-568ee30412d2:9700668d-bb18-4ce6-a136-d0d4eac1741d;que alivio, gracias por confirmar"
mi cuenta detecto un patron de escritura distinto en el chat de soporte como posible riesgo,"me dijeron que un sistema detecto un patron distinto en como escribo, eso puede pasar realmente por seguridad?",Low,Resolved,qm:96e3bf0d-beea-4cd2-bca9-568ee30412d2:af30ed9d-7e74-4e4e-8304-5e91abcd1392,maximilianojavierjulio@gmail.com,Tokenia App,Service Request,Seguridad de la cuenta,11/Aug/25 2:00 PM,"11/Aug/25 2:20 PM;maximilianojavierjulio@gmail.com;Hola, no contamos con análisis de patrones de escritura como parte de nuestra evaluación de seguridad. Puede que te hayan explicado mal algún otro tipo de verificación.","11/Aug/25 2:40 PM;qm:96e3bf0d-beea-4cd2-bca9-568ee30412d2:9700668d-bb18-4ce6-a136-d0d4eac1741d;entendido, gracias por aclarar"
quiero saber si puedo pedir que se me notifique por sms ademas de mail en alertas criticas,"para mayor seguridad, se puede agregar notificacion por sms en alertas de seguridad criticas, ademas del mail habitual?",Low,Resolved,qm:96e3bf0d-beea-4cd2-bca9-568ee30412d2:9700668d-bb18-4ce6-a136-d0d4eac1741d,maxyjulio18@gmail.com,Tokenia Email,General request,Seguridad de la cuenta,14/Dec/25 3:10 PM,"14/Dec/25 3:30 PM;maxyjulio18@gmail.com;Hola, por el momento las alertas de seguridad se envían únicamente por correo electrónico y notificación push, no contamos con la opción de SMS adicional para ese tipo de aviso.","14/Dec/25 3:50 PM;qm:96e3bf0d-beea-4cd2-bca9-568ee30412d2:9700668d-bb18-4ce6-a136-d0d4eac1741d;entendido, gracias igual"
mi cuenta fue verificada de seguridad tras cambiar el pin varias veces en poco tiempo,cambie mi pin de acceso rapido varias veces seguidas probando distintas combinaciones y me genero una revision de seguridad. es normal eso?,Low,Resolved,qm:96e3bf0d-beea-4cd2-bca9-568ee30412d2:af30ed9d-7e74-4e4e-8304-5e91abcd1392,maximilianojavierjulio@gmail.com,Tokenia App,Service Request,Seguridad de la cuenta,22/Aug/25 5:00 PM,"22/Aug/25 5:20 PM;maximilianojavierjulio@gmail.com;Hola, sí, cambios muy frecuentes de configuración de seguridad en poco tiempo pueden activar revisiones automáticas como medida de precaución adicional.","22/Aug/25 5:40 PM;qm:96e3bf0d-beea-4cd2-bca9-568ee30412d2:9700668d-bb18-4ce6-a136-d0d4eac1741d;entendido, gracias por la explicacion"
puedo saber si mi billetera de bnb muestra el saldo en la red correcta,tengo bnb y quiero confirmar que el saldo que veo corresponde a la red bep20 y no a otra red distinta por error.,Low,Resolved,qm:96e3bf0d-beea-4cd2-bca9-568ee30412d2:9700668d-bb18-4ce6-a136-d0d4eac1741d,maxyjulio18@gmail.com,Tokenia Web,Service Request,Billetera y direcciones,8/Sep/25 10:40 AM,"8/Sep/25 11:00 AM;maxyjulio18@gmail.com;Hola, sí, el saldo de BNB que ves en tu billetera corresponde correctamente a la red BEP-20, que es la red nativa de esa criptomoneda en nuestra plataforma.","8/Sep/25 11:20 AM;qm:96e3bf0d-beea-4cd2-bca9-568ee30412d2:9700668d-bb18-4ce6-a136-d0d4eac1741d;perfecto, gracias por confirmar"
quiero saber si puedo consultar el precio historico de una cripto que ya no tengo en mi cuenta,"vendi toda mi posicion de una cripto hace tiempo, todavia puedo ver el grafico historico de precio de esa moneda aunque no tenga saldo?",Low,Resolved,qm:96e3bf0d-beea-4cd2-bca9-568ee30412d2:af30ed9d-7e74-4e4e-8304-5e91abcd1392,maximilianojavierjulio@gmail.com,Tokenia App,Service Request,Billetera y direcciones,19/Nov/25 1:20 PM,"19/Nov/25 1:40 PM;maximilianojavierjulio@gmail.com;Hola, sí, podés consultar el gráfico de precio de cualquier criptomoneda disponible en Mercados, sin importar si tenés saldo de ella o no en tu cuenta.","19/Nov/25 2:00 PM;qm:96e3bf0d-beea-4cd2-bca9-568ee30412d2:9700668d-bb18-4ce6-a136-d0d4eac1741d;genial, gracias por confirmar"
"mi billetera no muestra el icono de una cripto correctamente, aparece generico",el icono de una altcoin que tengo aparece como un simbolo generico en vez del logo real de la moneda. es un error visual?,Low,Resolved,qm:96e3bf0d-beea-4cd2-bca9-568ee30412d2:9700668d-bb18-4ce6-a136-d0d4eac1741d,maxyjulio18@gmail.com,Tokenia App,Service Request,Billetera y direcciones,3/Feb/26 3:00 PM,"3/Feb/26 3:20 PM;maxyjulio18@gmail.com;Hola, gracias por avisarnos, puede ser un error puntual de carga del ícono para esa moneda específica. Vamos a derivarlo a nuestro equipo técnico para corregirlo.",3/Feb/26 3:40 PM;qm:96e3bf0d-beea-4cd2-bca9-568ee30412d2:9700668d-bb18-4ce6-a136-d0d4eac1741d;gracias por revisarlo
la app no reconoce mi firma biometrica de voz para operaciones de alto valor,"escuche que algunas apps usan reconocimiento de voz para operaciones grandes, tokenia tiene esa funcion tambien?",Low,Resolved,qm:96e3bf0d-beea-4cd2-bca9-568ee30412d2:af30ed9d-7e74-4e4e-8304-5e91abcd1392,maximilianojavierjulio@gmail.com,Tokenia Email,General request,Seguridad de la cuenta,16/Jul/25 11:00 AM,"16/Jul/25 11:20 AM;maximilianojavierjulio@gmail.com;Hola, por el momento no contamos con reconocimiento biométrico de voz, nuestras opciones de autenticación son clave, PIN, huella o reconocimiento facial.","16/Jul/25 11:40 AM;qm:96e3bf0d-beea-4cd2-bca9-568ee30412d2:9700668d-bb18-4ce6-a136-d0d4eac1741d;entendido, gracias por confirmar"
la app no permite deshacer el ocultamiento de saldos una vez activado desde cierta pantalla,active la opcion de ocultar saldos pero desde una pantalla especifica no encuentro como volver a mostrarlos.,Low,Resolved,qm:96e3bf0d-beea-4cd2-bca9-568ee30412d2:9700668d-bb18-4ce6-a136-d0d4eac1741d,maxyjulio18@gmail.com,Tokenia App,Service Request,Problemas técnicos de la app/web,26/Sep/25 4:10 PM,"26/Sep/25 4:30 PM;maxyjulio18@gmail.com;Hola, podés volver a mostrar los saldos tocando nuevamente el ícono del ojo en la pantalla principal, esa acción se aplica de forma general en toda la app.","26/Sep/25 4:50 PM;qm:96e3bf0d-beea-4cd2-bca9-568ee30412d2:9700668d-bb18-4ce6-a136-d0d4eac1741d;ahi lo encontre, gracias"
quiero saber si puedo generar una nueva direccion de deposito sin perder la anterior guardada,"cada vez que genero una direccion nueva, me preocupa perder el registro de la anterior. queda guardada en algun lado igual?",Low,Resolved,qm:96e3bf0d-beea-4cd2-bca9-568ee30412d2:af30ed9d-7e74-4e4e-8304-5e91abcd1392,maximilianojavierjulio@gmail.com,Tokenia Web,Service Request,Billetera y direcciones,9/Jan/26 2:30 PM,"9/Jan/26 2:50 PM;maximilianojavierjulio@gmail.com;Hola, como te comentamos antes, todas las direcciones que generás quedan asociadas a tu cuenta y siguen siendo válidas para recibir fondos, no se pierden al generar una nueva.","9/Jan/26 3:10 PM;qm:96e3bf0d-beea-4cd2-bca9-568ee30412d2:9700668d-bb18-4ce6-a136-d0d4eac1741d;entendido, gracias por la tranquilidad"
mi cuenta pide verificacion cada vez que uso una vpn distinta a la habitual,tengo varias vpn que uso segun el contexto y cada cambio genera una verificacion nueva en tokenia. es esperable eso?,Low,Resolved,qm:96e3bf0d-beea-4cd2-bca9-568ee30412d2:9700668d-bb18-4ce6-a136-d0d4eac1741d,maxyjulio18@gmail.com,Tokenia Web,Service Request,Seguridad de la cuenta,13/Mar/26 1:40 PM,"13/Mar/26 2:00 PM;maxyjulio18@gmail.com;Hola, sí, cada VPN distinta simula una ubicación diferente, por lo que cada cambio puede activar una nueva verificación de seguridad como medida preventiva.","13/Mar/26 2:20 PM;qm:96e3bf0d-beea-4cd2-bca9-568ee30412d2:9700668d-bb18-4ce6-a136-d0d4eac1741d;entendido, gracias por la explicacion"
la app no me deja copiar el texto de un mensaje del chat de soporte,"quiero copiar una respuesta del chat de soporte para guardarla, pero no puedo seleccionar el texto para copiar.",Low,Resolved,qm:96e3bf0d-beea-4cd2-bca9-568ee30412d2:af30ed9d-7e74-4e4e-8304-5e91abcd1392,maximilianojavierjulio@gmail.com,Tokenia App,Service Request,Problemas técnicos de la app/web,20/Jun/25 12:50 PM,"20/Jun/25 1:10 PM;maximilianojavierjulio@gmail.com;Hola, gracias por avisarnos, vamos a derivarlo a nuestro equipo técnico para habilitar la selección de texto en esa sección.",20/Jun/25 1:30 PM;qm:96e3bf0d-beea-4cd2-bca9-568ee30412d2:9700668d-bb18-4ce6-a136-d0d4eac1741d;gracias por tomarlo en cuenta
quiero saber si puedo generar direcciones de deposito distintas para cada categoria de gasto personal,"para organizar mejor mis finanzas personales, me gustaria tener direcciones distintas segun el proposito del deposito. se puede hacer eso?",Low,Resolved,qm:96e3bf0d-beea-4cd2-bca9-568ee30412d2:9700668d-bb18-4ce6-a136-d0d4eac1741d,maxyjulio18@gmail.com,Tokenia Email,General request,Billetera y direcciones,4/Oct/25 11:20 AM,"4/Oct/25 11:40 AM;maxyjulio18@gmail.com;Hola, todas las direcciones que generás se acreditan al mismo saldo consolidado de tu cuenta, no permiten segmentar fondos por categoría de forma independiente.","4/Oct/25 12:00 PM;qm:96e3bf0d-beea-4cd2-bca9-568ee30412d2:9700668d-bb18-4ce6-a136-d0d4eac1741d;entendido, gracias por la aclaracion"
mi cuenta muestra una alerta de seguridad al usar el navegador en modo desarrollador,estaba usando las herramientas de desarrollador del navegador para otra cosa y me salto una alerta de seguridad en tokenia. tiene relacion?,Medium,Resolved,qm:96e3bf0d-beea-4cd2-bca9-568ee30412d2:af30ed9d-7e74-4e4e-8304-5e91abcd1392,maximilianojavierjulio@gmail.com,Tokenia Web,Service Request,Seguridad de la cuenta,12/Nov/25 3:20 PM,"12/Nov/25 3:40 PM;maximilianojavierjulio@gmail.com;Hola, sí, el modo desarrollador puede activar nuestros sistemas de detección de manipulación del navegador como medida de seguridad preventiva, ya que ese entorno puede usarse para modificar el comportamiento de la página.","12/Nov/25 4:00 PM;qm:96e3bf0d-beea-4cd2-bca9-568ee30412d2:9700668d-bb18-4ce6-a136-d0d4eac1741d;entendido, gracias por la aclaracion"
quiero saber si puedo consultar el saldo total combinando varias cuentas de un mismo grupo familiar,"hipoteticamente si mi familia tuviera varias cuentas de tokenia, se puede ver un resumen combinado del saldo total de todas juntas?",Low,Resolved,qm:96e3bf0d-beea-4cd2-bca9-568ee30412d2:9700668d-bb18-4ce6-a136-d0d4eac1741d,maxyjulio18@gmail.com,Tokenia Email,General request,Billetera y direcciones,28/Apr/25 2:10 PM,"28/Abr/25 2:30 PM;maxyjulio18@gmail.com;Hola, por el momento no contamos con una función de consolidación de saldos entre distintas cuentas, aunque sean del mismo grupo familiar. Cada cuenta se maneja de forma independiente.","28/Abr/25 2:50 PM;qm:96e3bf0d-beea-4cd2-bca9-568ee30412d2:9700668d-bb18-4ce6-a136-d0d4eac1741d;entendido, gracias por confirmar"
la app no me permite cerrar la sesion desde la pantalla de configuracion en algunos casos,"quiero cerrar sesion desde el menu de configuracion pero el boton no responde a veces, tengo que hacerlo desde otra pantalla.",Low,Resolved,qm:96e3bf0d-beea-4cd2-bca9-568ee30412d2:af30ed9d-7e74-4e4e-8304-5e91abcd1392,maximilianojavierjulio@gmail.com,Tokenia App,Service Request,Problemas técnicos de la app/web,1/Dec/25 4:40 PM,"1/Dec/25 5:00 PM;maximilianojavierjulio@gmail.com;Hola, gracias por avisarnos, vamos a derivarlo a nuestro equipo técnico. Mientras tanto, podés cerrar sesión desde Perfil > Seguridad como alternativa confiable.","1/Dec/25 5:20 PM;qm:96e3bf0d-beea-4cd2-bca9-568ee30412d2:9700668d-bb18-4ce6-a136-d0d4eac1741d;gracias, voy a usar esa opcion"
quiero saber si puedo consultar el historial de tipo de cambio usado en mis ultimas 10 operaciones,"necesito ver rapido el tipo de cambio de mis ultimas operaciones sin entrar una por una, hay un resumen asi disponible?",Low,Resolved,qm:96e3bf0d-beea-4cd2-bca9-568ee30412d2:9700668d-bb18-4ce6-a136-d0d4eac1741d,maxi220julio@gmail.com,Tokenia App,Service Request,Depósitos y retiros,6/Jun/25 10:20 AM,"6/Jun/25 10:40 AM;maxi220julio@gmail.com;Hola, por el momento no contamos con un resumen consolidado de tipo de cambio, pero podés revisar cada comprobante individual en Actividad, donde figura el detalle exacto de cada operación.","6/Jun/25 11:00 AM;qm:96e3bf0d-beea-4cd2-bca9-568ee30412d2:9700668d-bb18-4ce6-a136-d0d4eac1741d;entendido, gracias por la info"
mi retiro de usdt trc20 se acredito en la wallet destino con una demora de 40 minutos,"el retiro tardo bastante mas de lo que suele tardar trc20 normalmente, hubo algun inconveniente puntual con esa red ese dia?",Medium,Resolved,qm:96e3bf0d-beea-4cd2-bca9-568ee30412d2:af30ed9d-7e74-4e4e-8304-5e91abcd1392,maximilianojavierjulio@gmail.com,Tokenia Web,Service Request,Depósitos y retiros,19/Sep/25 2:30 PM,"19/Sep/25 3:50 PM;maximilianojavierjulio@gmail.com;Hola, disculpá la demora en responder. Revisamos y confirmamos que hubo una congestión puntual de la red TRC-20 ese día, ya normalizada. Tu retiro se completó correctamente.","19/Sep/25 4:10 PM;qm:96e3bf0d-beea-4cd2-bca9-568ee30412d2:9700668d-bb18-4ce6-a136-d0d4eac1741d;entendido, gracias por confirmar"
quiero saber si tokenia soporta el estandar erc721 para coleccionables digitales,"aunque me dijeron que no soportan nfts, queria confirmar especificamente si el estandar erc721 esta contemplado de alguna forma.",Low,Resolved,qm:96e3bf0d-beea-4cd2-bca9-568ee30412d2:9700668d-bb18-4ce6-a136-d0d4eac1741d,maxyjulio18@gmail.com,Tokenia Email,General request,Billetera y direcciones,3/Nov/25 11:40 AM,"3/Nov/25 12:00 PM;maxyjulio18@gmail.com;Hola, como te comentamos antes, no soportamos NFTs ni el estándar ERC-721, únicamente operamos con criptomonedas fungibles.","3/Nov/25 12:20 PM;qm:96e3bf0d-beea-4cd2-bca9-568ee30412d2:9700668d-bb18-4ce6-a136-d0d4eac1741d;entendido, gracias por confirmar"
mi verificacion aprobada no incluye la fecha exacta de aprobacion visible en mi perfil,"quiero saber la fecha exacta en que aprobaron mi kyc, no la encuentro reflejada en ningun lado de mi perfil.",Low,Resolved,qm:96e3bf0d-beea-4cd2-bca9-568ee30412d2:af30ed9d-7e74-4e4e-8304-5e91abcd1392,maximilianojavierjulio@gmail.com,Tokenia Web,Service Request,Verificación de identidad,27/Jul/25 1:50 PM,"27/Jul/25 2:10 PM;maximilianojavierjulio@gmail.com;Hola, esa fecha específica no está visible en el perfil actualmente, pero deberías tener el mail de confirmación con la fecha de aprobación en tu bandeja de entrada.","27/Jul/25 2:30 PM;qm:96e3bf0d-beea-4cd2-bca9-568ee30412d2:9700668d-bb18-4ce6-a136-d0d4eac1741d;ya lo encontre en el mail, gracias"
quiero saber si el limite de mi cuenta se ve afectado si reporto un error de otro usuario,"reporte una cuenta sospechosa de otro usuario que intento contactarme, eso puede afectar de alguna forma mis propios limites?",Low,Resolved,qm:96e3bf0d-beea-4cd2-bca9-568ee30412d2:9700668d-bb18-4ce6-a136-d0d4eac1741d,maxyjulio18@gmail.com,Tokenia Email,General request,Límites y restricciones,14/Feb/26 10:10 AM,"14/Feb/26 10:30 AM;maxyjulio18@gmail.com;Hola, gracias por el reporte, reportar otra cuenta sospechosa no afecta de ninguna forma tus propios límites u operatoria en la plataforma.","14/Feb/26 10:50 AM;qm:96e3bf0d-beea-4cd2-bca9-568ee30412d2:9700668d-bb18-4ce6-a136-d0d4eac1741d;que alivio, gracias por confirmar"
mi comprobante de compra no incluye el numero de referencia bancaria de mi deposito original,"quiero rastrear que deposito especifico uso para esta compra, pero el comprobante no muestra ese vinculo con la transferencia original.",Medium,Resolved,qm:96e3bf0d-beea-4cd2-bca9-568ee30412d2:af30ed9d-7e74-4e4e-8304-5e91abcd1392,maximilianojavierjulio@gmail.com,Tokenia Web,Service Request,Tarifas y comisiones,10/Dec/25 3:20 PM,"10/Dec/25 3:40 PM;maximilianojavierjulio@gmail.com;Hola, el saldo en Tokenia se maneja de forma consolidada, así que las compras no quedan vinculadas a un depósito específico en particular, sino que se descuentan de tu saldo total disponible.","10/Dec/25 4:00 PM;qm:96e3bf0d-beea-4cd2-bca9-568ee30412d2:9700668d-bb18-4ce6-a136-d0d4eac1741d;entendido, gracias por la aclaracion"
quiero saber si puedo pedir asistencia personalizada para completar mi primera operacion,"soy nuevo y me da un poco de inseguridad hacer mi primera compra, hay alguna forma de que me guien paso a paso la primera vez?",Low,Resolved,qm:96e3bf0d-beea-4cd2-bca9-568ee30412d2:9700668d-bb18-4ce6-a136-d0d4eac1741d,maxyjulio18@gmail.com,Tokenia Email,General request,Información y consultas generales,23/Jun/25 11:30 AM,"23/Jun/25 11:50 AM;maxyjulio18@gmail.com;Hola, entendemos la duda, es normal al principio. Podés escribirnos por este medio con cualquier pregunta puntual sobre el proceso y te guiamos paso a paso encantados.","23/Jun/25 12:10 PM;qm:96e3bf0d-beea-4cd2-bca9-568ee30412d2:9700668d-bb18-4ce6-a136-d0d4eac1741d;genial, gracias por la buena disposicion"
mi cuenta tiene el nivel de verificacion correcto pero el limite mostrado no coincide con la tabla oficial,revise la tabla de limites oficial y mi nivel deberia tener un limite mas alto del que veo reflejado en mi cuenta.,High,Escalated,qm:96e3bf0d-beea-4cd2-bca9-568ee30412d2:af30ed9d-7e74-4e4e-8304-5e91abcd1392,maximilianojavierjulio@gmail.com,Tokenia Web,Service Request,Límites y restricciones,17/Oct/25 2:00 PM,"17/Oct/25 2:20 PM;maximilianojavierjulio@gmail.com;Hola, disculpá la discrepancia. Vamos a escalar tu caso para revisar el registro exacto de tu nivel de verificación y corregir el límite si corresponde.",
quiero saber si puedo pedir explicacion detallada de cada linea de mi comprobante de venta,"el comprobante tiene varias lineas de montos y no entiendo bien que representa cada una, se puede pedir una explicacion detallada?",Low,Resolved,qm:96e3bf0d-beea-4cd2-bca9-568ee30412d2:9700668d-bb18-4ce6-a136-d0d4eac1741d,maxyjulio18@gmail.com,Tokenia Email,General request,Tarifas y comisiones,5/Sep/25 1:40 PM,"5/Sep/25 2:00 PM;maxyjulio18@gmail.com;Hola, con gusto te explicamos. Pasanos el número de operación o una captura del comprobante y te detallamos cada concepto que aparece ahí.","5/Sep/25 2:20 PM;qm:96e3bf0d-beea-4cd2-bca9-568ee30412d2:9700668d-bb18-4ce6-a136-d0d4eac1741d;te la mando ahora, gracias"
mi cuenta esta al dia con la verificacion pero me gustaria confirmar que no tengo nada pendiente,"quiero un chequeo general para confirmar que mi cuenta esta completamente en regla, sin ningun paso pendiente que se me haya pasado.",Low,Resolved,qm:96e3bf0d-beea-4cd2-bca9-568ee30412d2:af30ed9d-7e74-4e4e-8304-5e91abcd1392,maximilianojavierjulio@gmail.com,Tokenia Web,Service Request,Verificación de identidad,1/Apr/26 10:00 AM,"1/Abr/26 10:20 AM;maximilianojavierjulio@gmail.com;Hola, revisamos tu cuenta y confirmamos que tu verificación está completa y al día, sin ningún paso pendiente.","1/Abr/26 10:40 AM;qm:96e3bf0d-beea-4cd2-bca9-568ee30412d2:9700668d-bb18-4ce6-a136-d0d4eac1741d;que tranquilidad, muchas gracias"
quiero saber si puedo agregar una alerta cuando el precio de una cripto caiga bruscamente,"me gustaria recibir un aviso si el precio de btc cae mucho en poco tiempo, no solo cuando llega a un valor especifico que yo elija.",Low,Resolved,qm:96e3bf0d-beea-4cd2-bca9-568ee30412d2:9700668d-bb18-4ce6-a136-d0d4eac1741d,maxyjulio18@gmail.com,Tokenia App,Service Request,Operaciones de compra/venta crypto,12/Nov/25 4:00 PM,"12/Nov/25 4:20 PM;maxyjulio18@gmail.com;Hola, por el momento las alertas solo se configuran con un valor de precio específico, no contamos con alertas de caída porcentual brusca. Tomamos en cuenta tu sugerencia.","12/Nov/25 4:40 PM;qm:96e3bf0d-beea-4cd2-bca9-568ee30412d2:9700668d-bb18-4ce6-a136-d0d4eac1741d;entendido, gracias igual"
mi retiro de ars fue procesado en menos tiempo del habitual y me sorprendio gratamente,"pedi un retiro y llego mucho mas rapido de lo que esperaba segun lo que me habian comentado antes. que bueno, solo queria confirmar que este bien.",Low,Resolved,qm:96e3bf0d-beea-4cd2-bca9-568ee30412d2:af30ed9d-7e74-4e4e-8304-5e91abcd1392,maximilianojavierjulio@gmail.com,Tokenia App,Service Request,Operaciones de compra/venta fiat,28/Jan/26 1:10 PM,"28/Jan/26 1:30 PM;maximilianojavierjulio@gmail.com;Hola, qué bueno escuchar eso. Sí, todo está en orden, a veces el procesamiento es más rápido de lo estimado dependiendo del banco receptor y el momento del día.","28/Jan/26 1:50 PM;qm:96e3bf0d-beea-4cd2-bca9-568ee30412d2:9700668d-bb18-4ce6-a136-d0d4eac1741d;genial, gracias por confirmar"
quiero saber si puedo consultar en que estado quedo mi cuenta tras resolver un ticket de seguridad,"tuve un ticket de seguridad hace tiempo que ya se resolvio, se puede confirmar que mi cuenta quedo completamente normalizada despues de eso?",Medium,Resolved,qm:96e3bf0d-beea-4cd2-bca9-568ee30412d2:9700668d-bb18-4ce6-a136-d0d4eac1741d,maxyjulio18@gmail.com,Tokenia Email,General request,Seguridad de la cuenta,9/Aug/25 10:40 AM,"9/Aug/25 11:00 AM;maxyjulio18@gmail.com;Hola, revisamos tu cuenta y confirmamos que quedó completamente normalizada tras la resolución de ese caso, sin ninguna restricción activa actualmente.","9/Aug/25 11:20 AM;qm:96e3bf0d-beea-4cd2-bca9-568ee30412d2:9700668d-bb18-4ce6-a136-d0d4eac1741d;perfecto, muchas gracias por confirmar"
mi billetera de matic muestra un saldo correcto pero el valor en pesos parece desactualizado,el saldo de polygon esta bien en cantidad pero el valor en pesos que calcula no coincide con el precio actual que veo en mercados.,Low,Resolved,qm:96e3bf0d-beea-4cd2-bca9-568ee30412d2:af30ed9d-7e74-4e4e-8304-5e91abcd1392,maximilianojavierjulio@gmail.com,Tokenia Web,Service Request,Billetera y direcciones,15/Jun/25 2:50 PM,"15/Jun/25 3:10 PM;maximilianojavierjulio@gmail.com;Hola, gracias por avisarnos, probá refrescar la pantalla principal deslizando hacia abajo para actualizar el cálculo con el precio más reciente.","15/Jun/25 3:30 PM;qm:96e3bf0d-beea-4cd2-bca9-568ee30412d2:9700668d-bb18-4ce6-a136-d0d4eac1741d;ya se actualizo, gracias"
quiero saber si puedo consultar cuanto tiempo llevo verificado en nivel 2,"me gustaria saber la antiguedad exacta de mi verificacion de nivel 2, para tener el dato a mano.",Low,Resolved,qm:96e3bf0d-beea-4cd2-bca9-568ee30412d2:9700668d-bb18-4ce6-a136-d0d4eac1741d,maxyjulio18@gmail.com,Tokenia App,Service Request,Verificación de identidad,21/Oct/25 3:40 PM,"21/Oct/25 4:00 PM;maxyjulio18@gmail.com;Hola, podés ver la fecha de tu verificación en el mail de aprobación que te enviamos en su momento. Dentro de la app no mostramos ese dato de forma directa por el momento.","21/Oct/25 4:20 PM;qm:96e3bf0d-beea-4cd2-bca9-568ee30412d2:9700668d-bb18-4ce6-a136-d0d4eac1741d;entendido, lo busco en el mail entonces. gracias"
mi operacion de compra se completo correctamente y quiero agradecer la buena atencion recibida,"solo queria comentar que la ultima vez que tuve un problema lo resolvieron muy rapido y bien, gracias por el buen servicio.",Low,Resolved,qm:96e3bf0d-beea-4cd2-bca9-568ee30412d2:af30ed9d-7e74-4e4e-8304-5e91abcd1392,maximilianojavierjulio@gmail.com,Tokenia Email,General request,Información y consultas generales,4/May/25 11:20 AM,"4/May/25 11:40 AM;maximilianojavierjulio@gmail.com;Hola, muchas gracias por tu comentario, lo valoramos mucho. Cualquier cosa que necesites, estamos para ayudarte.","4/May/25 12:00 PM;qm:96e3bf0d-beea-4cd2-bca9-568ee30412d2:9700668d-bb18-4ce6-a136-d0d4eac1741d;gracias a ustedes, saludos"
quiero saber si puedo pedir que revisen mi cuenta de forma preventiva antes de un viaje largo,"voy a viajar por varios meses y quiero pedir una revision preventiva de mi cuenta antes de irme, se puede solicitar eso?",Medium,Resolved,qm:96e3bf0d-beea-4cd2-bca9-568ee30412d2:9700668d-bb18-4ce6-a136-d0d4eac1741d,maxyjulio18@gmail.com,Tokenia Email,General request,Seguridad de la cuenta,18/Sep/25 2:10 PM,"18/Sep/25 2:30 PM;maxyjulio18@gmail.com;Hola, buena precaución. Revisamos tu cuenta y confirmamos que está en orden. Te recomendamos también activar el 2FA si no lo tenés y anotar tus datos de contacto por si necesitás asistencia durante el viaje.","18/Sep/25 2:50 PM;qm:96e3bf0d-beea-4cd2-bca9-568ee30412d2:9700668d-bb18-4ce6-a136-d0d4eac1741d;perfecto, muchas gracias por la ayuda"
mi cuenta tiene todo en orden y solo queria confirmar los pasos para dejar de operar temporalmente,"voy a dejar de operar por un tiempo pero no quiero cerrar la cuenta, solo pausar mi actividad. hay algun paso que deba seguir?",Low,Resolved,qm:96e3bf0d-beea-4cd2-bca9-568ee30412d2:af30ed9d-7e74-4e4e-8304-5e91abcd1392,maximilianojavierjulio@gmail.com,Tokenia Email,General request,Información y consultas generales,7/Dec/25 4:30 PM,"7/Dec/25 4:50 PM;maximilianojavierjulio@gmail.com;Hola, no hace falta ningún paso especial, tu cuenta se mantiene activa e intacta aunque no operes por un tiempo. Simplemente podés retomar cuando quieras.","7/Dec/25 5:10 PM;qm:96e3bf0d-beea-4cd2-bca9-568ee30412d2:9700668d-bb18-4ce6-a136-d0d4eac1741d;perfecto, muchas gracias por la claridad"