Summary,Description,Priority,Status,Reporter,Assignee,Request type,Issue Type,Categoría,Date Created,Comment,Comment,Comment,Comment,Comment,Comment
não consigo entrar na minha conta,"oi, tentei entrar hj de manha e fica dizendo que minha senha ta errada, mas eu sei que é a mesma de sempre. já tentei redefinir mas o email não chega",Medium,Resolved,qm:96e3bf0d-beea-4cd2-bca9-568ee30412d2:74b34d2b-8c7a-4390-a0d5-6fe51576bcc9,maxyjulio18@gmail.com,Portal Tokenia,Service Request,Acesso e autenticação,2/May/25 5:50 AM,"2/May/25 9:36 AM;maxyjulio18@gmail.com;Olá! Verificamos aqui e sua conta está ativa normalmente. Pode ser que o e-mail de redefinição tenha caído na caixa de spam ou lixo eletrônico. Você pode conferir essa pasta, por favor?",2/May/25 10:56 AM;qm:96e3bf0d-beea-4cd2-bca9-568ee30412d2:74b34d2b-8c7a-4390-a0d5-6fe51576bcc9;achei! tava na lixeira. mas o link diz que expirou,"2/May/25 11:55 AM;maxyjulio18@gmail.com;Entendido, o link de redefinição tem validade de 30 minutos. Vou gerar um novo agora — confira sua caixa de entrada nos próximos minutos, ok?","2/May/25 12:04 PM;qm:96e3bf0d-beea-4cd2-bca9-568ee30412d2:74b34d2b-8c7a-4390-a0d5-6fe51576bcc9;chegou! consegui trocar a senha, já entrei. valeu",,
perdi acesso ao authenticator e não consigo entrar,"troquei de celular ontem e não fiz backup do google authenticator, agora não tenho como gerar o código de 2FA pra entrar na conta",High,Resolved,qm:96e3bf0d-beea-4cd2-bca9-568ee30412d2:1007ee5e-c272-40ae-811d-eed78b3d4e7c,maxyjulio18@gmail.com,Tokenia App,Service Request,Acesso e autenticação,25/Apr/26 1:00 AM,"25/Apr/26 1:58 AM;maxyjulio18@gmail.com;Olá, entendo a situação. Para reativar o acesso sem o código 2FA precisamos confirmar sua identidade por outro meio. Vou te enviar um formulário de recuperação de conta — leva em torno de 24h úteis para ser analisado.","25/Apr/26 3:12 AM;qm:96e3bf0d-beea-4cd2-bca9-568ee30412d2:1007ee5e-c272-40ae-811d-eed78b3d4e7c;poxa, 24h é bastante tempo. tenho uma operação pendente","25/Apr/26 4:10 AM;maxyjulio18@gmail.com;Compreendo a urgência, mas esse prazo existe justamente para proteger sua conta contra acessos indevidos. Assim que o formulário for aprovado, o 2FA é resetado e você define um novo método.","25/Apr/26 4:43 AM;qm:96e3bf0d-beea-4cd2-bca9-568ee30412d2:1007ee5e-c272-40ae-811d-eed78b3d4e7c;ok, vou preencher agora entao",,
ordem de compra de bitcoin ficou pendente,"fiz uma ordem de compra de 0.01 BTC as 14h e até agora (16h) continua como pendente, o preço do bitcoin já mudou bastante desde então",Medium,Resolved,qm:96e3bf0d-beea-4cd2-bca9-568ee30412d2:90ddc072-98d5-472a-8bd1-0e91d161e3ed,maxi220julio@gmail.com,Portal Tokenia,Service Request,Operações de compra/venda cripto,4/Nov/24 12:31 AM,"4/Nov/24 2:06 AM;maxi220julio@gmail.com;Olá! Verificamos sua ordem e ela ficou pendente porque foi criada como ordem limite, com um preço abaixo do valor de mercado no momento. Ela só executa quando o preço do BTC cair até o valor definido.","4/Nov/24 2:54 AM;qm:96e3bf0d-beea-4cd2-bca9-568ee30412d2:90ddc072-98d5-472a-8bd1-0e91d161e3ed;ah não sabia que tinha diferença, pensei que era tudo igual","4/Nov/24 3:12 AM;maxi220julio@gmail.com;Sem problemas! Se preferir comprar no preço atual, você pode cancelar essa ordem e criar uma nova como ordem a mercado, que executa na hora pelo preço vigente.","4/Nov/24 3:28 AM;qm:96e3bf0d-beea-4cd2-bca9-568ee30412d2:90ddc072-98d5-472a-8bd1-0e91d161e3ed;entendi, vou cancelar e fazer a mercado. obrigado pela explicação",,
quero cancelar uma ordem de venda de ETH,"coloquei uma ordem de venda de ETH ontem à noite e mudei de ideia, quero cancelar antes que execute",Low,Canceled,qm:96e3bf0d-beea-4cd2-bca9-568ee30412d2:ed04d6ae-f36e-4f44-ba75-dad36ede95b7,maxi220julio@gmail.com,Tokenia Email,General request,Operações de compra/venda cripto,15/Apr/25 10:03 PM,"16/Apr/25 5:18 AM;maxi220julio@gmail.com;Olá! Verifiquei sua conta e a ordem ainda estava pendente, então já realizamos o cancelamento para você. O saldo em ETH foi liberado novamente na sua carteira.","16/Apr/25 6:11 AM;qm:96e3bf0d-beea-4cd2-bca9-568ee30412d2:ed04d6ae-f36e-4f44-ba75-dad36ede95b7;perfeito, obrigada",,,,
não consigo comprar cripto com saldo em reais,"tenho saldo em BRL na conta mas quando tento comprar USDT da erro dizendo saldo insuficiente, mas o saldo ta la",Medium,Resolved,qm:96e3bf0d-beea-4cd2-bca9-568ee30412d2:eb9cbe24-105c-40ed-844a-c2c2ea40c29f,maxi220julio@gmail.com,Tokenia Email,General request,Operações de compra/venda fiat,24/Dec/24 5:02 PM,24/Dec/24 6:01 PM;maxi220julio@gmail.com;Olá! Pode ser que parte do seu saldo esteja reservado em uma ordem aberta. Você pode verificar na seção 'Ordens abertas' se existe algo pendente que esteja usando esse valor?,"24/Dec/24 6:43 PM;qm:96e3bf0d-beea-4cd2-bca9-568ee30412d2:eb9cbe24-105c-40ed-844a-c2c2ea40c29f;verdade, tinha uma ordem antiga aberta que eu tinha esquecido","24/Dec/24 6:58 PM;maxi220julio@gmail.com;Isso explica! Assim que cancelar essa ordem antiga, o saldo reservado volta a ficar disponível para novas compras.","24/Dec/24 7:32 PM;qm:96e3bf0d-beea-4cd2-bca9-568ee30412d2:eb9cbe24-105c-40ed-844a-c2c2ea40c29f;cancelei e agora deu certo, valeu pela ajuda",,
PIX que fiz pra comprar cripto não caiu na Tokenia,"fiz um PIX de R$500 pra minha conta na Tokenia as 10h pra comprar cripto e até agora não apareceu o saldo, já foi debitado do meu banco",High,Resolved,qm:96e3bf0d-beea-4cd2-bca9-568ee30412d2:98550bc5-9bb9-469f-b7d4-4756a5f09e88,maxi220julio@gmail.com,Tokenia Web,Service Request,Operações de compra/venda fiat,18/Sep/25 5:55 PM,"18/Sep/25 6:21 PM;maxi220julio@gmail.com;Olá, sinto pela demora. Poderia me enviar o comprovante do PIX com o horário exato e a chave utilizada, por favor?","18/Sep/25 7:48 PM;qm:96e3bf0d-beea-4cd2-bca9-568ee30412d2:98550bc5-9bb9-469f-b7d4-4756a5f09e88;envio aqui, a chave que usei foi a chave CPF que ta no app de voces","18/Sep/25 8:02 PM;maxi220julio@gmail.com;Recebido, obrigado. PIX normalmente é creditado em minutos, mas em horários de instabilidade bancária pode levar até algumas horas. Vou acompanhar seu caso com prioridade e te aviso assim que localizarmos a transação.","18/Sep/25 9:24 PM;qm:96e3bf0d-beea-4cd2-bca9-568ee30412d2:98550bc5-9bb9-469f-b7d4-4756a5f09e88;ok, fico no aguardo entao","18/Sep/25 10:50 PM;maxi220julio@gmail.com;Localizamos o PIX e o saldo já foi creditado na sua conta. Pode conferir, por favor?","18/Sep/25 11:16 PM;qm:96e3bf0d-beea-4cd2-bca9-568ee30412d2:98550bc5-9bb9-469f-b7d4-4756a5f09e88;apareceu sim, muito obrigado pela atenção"
deposito de USDT não caiu ainda,enviei 100 USDT rede TRC20 pro meu endereço de deposito na Tokenia ha 2 horas e ainda não apareceu na minha carteira,Medium,Resolved,qm:96e3bf0d-beea-4cd2-bca9-568ee30412d2:dcd8d81d-4933-40c2-b3f2-7d9c8757ab99,maxyjulio18@gmail.com,Tokenia App,Service Request,Depósitos e saques,17/Feb/26 2:18 AM,"17/Feb/26 4:47 AM;maxyjulio18@gmail.com;Olá! Depósitos em rede TRC20 costumam ser creditados após algumas confirmações na blockchain, geralmente rápido. Você pode me passar o hash da transação (TxID) para verificarmos?","17/Feb/26 4:59 AM;qm:96e3bf0d-beea-4cd2-bca9-568ee30412d2:dcd8d81d-4933-40c2-b3f2-7d9c8757ab99;claro, o hash é abc123xyz","17/Feb/26 5:33 AM;maxyjulio18@gmail.com;Localizei sua transação, ela já tem confirmações suficientes na rede. O saldo já deve estar disponível na sua conta, pode conferir?",17/Feb/26 5:42 AM;qm:96e3bf0d-beea-4cd2-bca9-568ee30412d2:dcd8d81d-4933-40c2-b3f2-7d9c8757ab99;apareceu agora! obrigado,,
saque de reais não foi processado depois de 3 dias,"pedi um saque de R$2000 pra minha conta bancaria faz 3 dias uteis e o status continua 'processando', minha agencia nao recebeu nada ainda",High,Escalated,qm:96e3bf0d-beea-4cd2-bca9-568ee30412d2:98550bc5-9bb9-469f-b7d4-4756a5f09e88,maxi220julio@gmail.com,Portal Tokenia,Service Request,Depósitos e saques,22/Jan/25 6:00 PM,"22/Jan/25 6:59 PM;maxi220julio@gmail.com;Olá, peço desculpas pela demora nesse processo. Vou escalar seu caso para o time financeiro fazer uma verificação mais detalhada, pois esse prazo está acima do esperado.","22/Jan/25 7:31 PM;qm:96e3bf0d-beea-4cd2-bca9-568ee30412d2:98550bc5-9bb9-469f-b7d4-4756a5f09e88;por favor, é um valor importante pra mim","22/Jan/25 8:59 PM;maxi220julio@gmail.com;Entendo perfeitamente. Já registrei seu caso como prioritário junto ao time responsável. Assim que tivermos uma posição, entramos em contato por aqui.",,,
recebi alerta de login suspeito,"recebi um email dizendo que teve um acesso a minha conta de um lugar que eu nunca estive, fiquei preocupado",Highest,Resolved,qm:96e3bf0d-beea-4cd2-bca9-568ee30412d2:98550bc5-9bb9-469f-b7d4-4756a5f09e88,maximilianojavierjulio@gmail.com,Tokenia Web,Service Request,Segurança da conta,8/Oct/24 10:38 PM,"8/Oct/24 10:45 PM;maximilianojavierjulio@gmail.com;Olá! Agradecemos por nos avisar rapidamente. Por segurança, já bloqueamos temporariamente sua conta e forçamos o encerramento de todas as sessões ativas. Você consegue confirmar se ainda tem acesso ao seu e-mail e ao 2FA?","8/Oct/24 11:23 PM;qm:96e3bf0d-beea-4cd2-bca9-568ee30412d2:98550bc5-9bb9-469f-b7d4-4756a5f09e88;sim, tenho acesso aos dois normalmente",9/Oct/24 12:42 AM;maximilianojavierjulio@gmail.com;Ótimo. Nesse caso recomendamos trocar sua senha agora e ativar a verificação em duas etapas caso ainda não esteja ativa. Vou liberar novamente o acesso da sua conta.,"9/Oct/24 1:41 AM;qm:96e3bf0d-beea-4cd2-bca9-568ee30412d2:98550bc5-9bb9-469f-b7d4-4756a5f09e88;já troquei a senha e ativei o 2FA, muito obrigado pela agilidade",,
quero ativar autenticação de dois fatores,"vi que tem opção de 2FA no app mas não sei como configurar, pode me ajudar?",High,Resolved,qm:96e3bf0d-beea-4cd2-bca9-568ee30412d2:98550bc5-9bb9-469f-b7d4-4756a5f09e88,maxi220julio@gmail.com,Tokenia App,Service Request,Segurança da conta,1/Oct/24 9:22 PM,"1/Oct/24 9:34 PM;maxi220julio@gmail.com;Olá! Claro, é bem simples. Vá em Configurações > Segurança > Autenticação em duas etapas, e escolha o app Google Authenticator ou Authy. Vai aparecer um QR code para escanear no app escolhido.","1/Oct/24 10:33 PM;qm:96e3bf0d-beea-4cd2-bca9-568ee30412d2:98550bc5-9bb9-469f-b7d4-4756a5f09e88;escaneei e apareceu um codigo de 6 digitos, é isso que eu coloco?","1/Oct/24 11:54 PM;maxi220julio@gmail.com;Isso mesmo! Digite esse código na tela para confirmar a ativação. A partir daí, toda vez que você entrar vai precisar desse código além da senha.","2/Oct/24 12:07 AM;qm:96e3bf0d-beea-4cd2-bca9-568ee30412d2:98550bc5-9bb9-469f-b7d4-4756a5f09e88;funcionou, ativado com sucesso. obrigado!",,
endereço de deposito de bitcoin mudou?,"gerei um endereço pra depositar BTC semana passada e hoje quando fui olhar de novo apareceu um endereço diferente, isso é normal?",Medium,Resolved,qm:96e3bf0d-beea-4cd2-bca9-568ee30412d2:98550bc5-9bb9-469f-b7d4-4756a5f09e88,maximilianojavierjulio@gmail.com,Tokenia Web,Service Request,Carteira e endereços,31/May/26 10:48 PM,"1/Jun/26 4:52 AM;maximilianojavierjulio@gmail.com;Olá! Sim, isso é normal. Nossa plataforma gera um novo endereço a cada certo tempo por questões de segurança e organização interna, mas o endereço anterior continua válido e qualquer depósito feito nele também será creditado corretamente.","1/Jun/26 5:11 AM;qm:96e3bf0d-beea-4cd2-bca9-568ee30412d2:98550bc5-9bb9-469f-b7d4-4756a5f09e88;ah que bom, fiquei com medo de ter perdido o dinheiro","1/Jun/26 6:24 AM;maximilianojavierjulio@gmail.com;Fique tranquilo, nenhum valor se perde. Se quiser, pode continuar usando o endereço mais recente para os próximos depósitos.","1/Jun/26 7:03 AM;qm:96e3bf0d-beea-4cd2-bca9-568ee30412d2:98550bc5-9bb9-469f-b7d4-4756a5f09e88;combinado, obrigado pela explicação",,
coloquei endereço errado pra sacar USDT,"fiz um saque de USDT pra um endereço que eu digitei errado, um caractere a menos, e o valor sumiu da minha carteira",High,Resolved,qm:96e3bf0d-beea-4cd2-bca9-568ee30412d2:cf6bd68c-2cf4-4fa6-93ba-fc96a0e57143,maxyjulio18@gmail.com,Tokenia Email,General request,Carteira e endereços,5/Jan/26 9:13 AM,"5/Jan/26 10:38 AM;maxyjulio18@gmail.com;Olá, entendo a preocupação. Infelizmente, transações na blockchain enviadas para um endereço inválido ou incorreto geralmente não podem ser revertidas, já que a rede não reconhece o endereço como um destino válido. Pode me confirmar se a transação chegou a ser confirmada na blockchain ou se ficou com erro?","5/Jan/26 10:56 AM;qm:96e3bf0d-beea-4cd2-bca9-568ee30412d2:cf6bd68c-2cf4-4fa6-93ba-fc96a0e57143;olhei no explorador e diz que a transação falhou, não foi confirmada","5/Jan/26 12:21 PM;maxyjulio18@gmail.com;Nesse caso é uma boa notícia: como a transação falhou por completo, o saldo não foi transferido e deve retornar automaticamente para sua carteira em até algumas horas. Vamos acompanhar e te avisamos se precisar de algo mais.","5/Jan/26 1:04 PM;qm:96e3bf0d-beea-4cd2-bca9-568ee30412d2:cf6bd68c-2cf4-4fa6-93ba-fc96a0e57143;que alívio, muito obrigado pela ajuda",,
quais moedas a Tokenia oferece,"sou novo por aqui, queria saber quais criptomoedas dá pra comprar e vender na plataforma",Low,Resolved,qm:96e3bf0d-beea-4cd2-bca9-568ee30412d2:c76e25ce-1103-4288-a853-a756f7dcaabf,maximilianojavierjulio@gmail.com,Tokenia App,Service Request,Informações e dúvidas gerais,24/Oct/24 10:15 AM,"24/Oct/24 3:17 PM;maximilianojavierjulio@gmail.com;Olá, seja bem-vindo à Tokenia! Atualmente oferecemos Bitcoin, Ethereum, Solana, USDT, USDC e outras criptomoedas populares, com novidades sendo adicionadas periodicamente. Você pode ver a lista completa na seção 'Mercados' do app.","24/Oct/24 3:36 PM;qm:96e3bf0d-beea-4cd2-bca9-568ee30412d2:c76e25ce-1103-4288-a853-a756f7dcaabf;legal, e tem algum valor minimo pra comecar a operar?","24/Oct/24 4:27 PM;maximilianojavierjulio@gmail.com;O valor mínimo é bem acessível, a partir de R$10 já é possível fazer sua primeira operação.","24/Oct/24 5:11 PM;qm:96e3bf0d-beea-4cd2-bca9-568ee30412d2:c76e25ce-1103-4288-a853-a756f7dcaabf;otimo, vou comecar por ai. obrigado!",,
como funciona o programa de indicação,"vi que tem um programa de indicar amigos, queria entender como funciona antes de compartilhar meu link",Low,Resolved,qm:96e3bf0d-beea-4cd2-bca9-568ee30412d2:1c6c8f3c-0b42-4193-b8f6-814150c2f7da,maxyjulio18@gmail.com,Portal Tokenia,Service Request,Informações e dúvidas gerais,12/Jul/24 1:23 AM,"12/Jul/24 5:34 AM;maxyjulio18@gmail.com;Olá! O programa funciona assim: você compartilha seu código pessoal, disponível na seção 'Indique e Ganhe'. Quando um amigo se cadastra com esse código e realiza a primeira operação, vocês dois recebem um bônus em USDT direto na carteira.",12/Jul/24 7:03 AM;qm:96e3bf0d-beea-4cd2-bca9-568ee30412d2:1c6c8f3c-0b42-4193-b8f6-814150c2f7da;tem limite de quantas pessoas posso indicar?,"12/Jul/24 8:08 AM;maxyjulio18@gmail.com;Não há limite de indicações, você pode convidar quantos amigos quiser.","12/Jul/24 9:23 AM;qm:96e3bf0d-beea-4cd2-bca9-568ee30412d2:1c6c8f3c-0b42-4193-b8f6-814150c2f7da;perfeito, vou compartilhar agora mesmo. obrigada",,
quanto cobram de taxa pra comprar cripto,"queria saber exatamente quanto é cobrado de taxa quando compro cripto com reais, vi algo de 1% mas não sei se tem taxa adicional",Low,Resolved,qm:96e3bf0d-beea-4cd2-bca9-568ee30412d2:b9908a88-c7cb-48d9-b10c-f21b473a87ee,maximilianojavierjulio@gmail.com,Tokenia Web,Service Request,Tarifas e comissões,24/Jan/25 12:24 AM,"24/Jan/25 11:08 AM;maximilianojavierjulio@gmail.com;Olá! A taxa padrão para compra de criptomoedas com reais é de 1% sobre o valor da operação, já incluído no preço exibido antes de confirmar. Não há taxas ocultas adicionais.",24/Jan/25 11:52 AM;qm:96e3bf0d-beea-4cd2-bca9-568ee30412d2:b9908a88-c7cb-48d9-b10c-f21b473a87ee;e pra sacar cripto pra outra carteira tem taxa tambem?,"24/Jan/25 12:48 PM;maximilianojavierjulio@gmail.com;Sim, existe uma taxa de rede que varia conforme a criptomoeda e a congestão da blockchain no momento, que é exibida antes de você confirmar o saque.","24/Jan/25 2:18 PM;qm:96e3bf0d-beea-4cd2-bca9-568ee30412d2:b9908a88-c7cb-48d9-b10c-f21b473a87ee;entendi, obrigado pela explicação clara",,
cobraram mais do que eu esperava numa compra,"comprei R$1000 em ETH e o total debitado foi R$1015, achei estranho porque pensei que a taxa era de 1%",Medium,Resolved,qm:96e3bf0d-beea-4cd2-bca9-568ee30412d2:8a99a275-7ced-4af7-bae8-9d134b24be3e,maxi220julio@gmail.com,Tokenia Web,Service Request,Tarifas e comissões,4/Sep/24 11:21 PM,"5/Sep/24 1:41 AM;maxi220julio@gmail.com;Olá! Verificamos sua operação e o valor está correto. Além da taxa de 1%, o preço final também inclui o spread do mercado no momento da execução, que é a pequena diferença entre o preço de compra e venda naquele instante.","5/Sep/24 1:46 AM;qm:96e3bf0d-beea-4cd2-bca9-568ee30412d2:8a99a275-7ced-4af7-bae8-9d134b24be3e;ah nao sabia que existia esse spread, pensei que era só a taxa","5/Sep/24 2:00 AM;maxi220julio@gmail.com;Sem problemas! É comum essa dúvida. O spread costuma variar bem pouco, mas influencia o valor final junto com a taxa fixa.","5/Sep/24 3:25 AM;qm:96e3bf0d-beea-4cd2-bca9-568ee30412d2:8a99a275-7ced-4af7-bae8-9d134b24be3e;entendi agora, obrigado pela paciência",,
app fecha sozinho quando abro o grafico,"toda vez que tento abrir o grafico de precos do bitcoin no app ele fecha sozinho, ja tentei abrir e fechar varias vezes",Medium,Resolved,qm:96e3bf0d-beea-4cd2-bca9-568ee30412d2:4d958f1b-e893-41fe-b2c5-f0f6163cdd67,maxyjulio18@gmail.com,Portal Tokenia,Service Request,Problemas técnicos do app/site,27/Jul/25 7:16 AM,28/Jul/25 5:30 AM;maxyjulio18@gmail.com;Olá! Sentimos pelo transtorno. Você pode me informar qual o modelo do seu celular e a versão do app instalada? Isso costuma ajudar a identificar o problema.,"28/Jul/25 6:10 AM;qm:96e3bf0d-beea-4cd2-bca9-568ee30412d2:4d958f1b-e893-41fe-b2c5-f0f6163cdd67;é um moto g23, e o app ta na versao mais recente que tinha na play store","28/Jul/25 7:40 AM;maxyjulio18@gmail.com;Obrigado pela informação. Já identificamos instabilidade nessa versão para alguns modelos, e nosso time técnico já está trabalhando na correção. Como alternativa, você pode acompanhar os gráficos pela versão web enquanto isso.","28/Jul/25 8:47 AM;qm:96e3bf0d-beea-4cd2-bca9-568ee30412d2:4d958f1b-e893-41fe-b2c5-f0f6163cdd67;consegui abrir pelo site, obrigado pela dica",,
site fica travando na hora de confirmar operação,"toda vez que tento confirmar uma compra pelo site, a pagina trava e fica carregando pra sempre, ja tentei em dois navegadores diferentes",High,Work in Progress,qm:96e3bf0d-beea-4cd2-bca9-568ee30412d2:eb9cbe24-105c-40ed-844a-c2c2ea40c29f,maxyjulio18@gmail.com,Tokenia Web,Service Request,Problemas técnicos do app/site,13/Mar/25 11:35 AM,"13/Mar/25 12:46 PM;maxyjulio18@gmail.com;Olá, obrigado por reportar. Já estamos com outros relatos parecidos e nosso time técnico está investigando a causa. Enquanto isso, você conseguiria tentar realizar a operação pelo aplicativo mobile como alternativa?",13/Mar/25 1:03 PM;qm:96e3bf0d-beea-4cd2-bca9-568ee30412d2:eb9cbe24-105c-40ed-844a-c2c2ea40c29f;vou tentar pelo app agora e te aviso,,,,
qual o limite de saque diario,"queria saber qual é o limite diario de saque em reais da minha conta, pra planejar um saque maior",Medium,Resolved,qm:96e3bf0d-beea-4cd2-bca9-568ee30412d2:3b3304dc-2f4a-4a0c-94fd-cfc9d201d002,maxi220julio@gmail.com,Tokenia Web,Service Request,Limites e restrições,29/Nov/25 3:00 PM,"29/Nov/25 7:38 PM;maxi220julio@gmail.com;Olá! O limite diário de saque para contas verificadas é de R$50.000. Caso precise sacar um valor maior, é possível solicitar um aumento de limite mediante análise adicional de verificação.",29/Nov/25 9:05 PM;qm:96e3bf0d-beea-4cd2-bca9-568ee30412d2:3b3304dc-2f4a-4a0c-94fd-cfc9d201d002;e como faço pra solicitar esse aumento?,"29/Nov/25 9:22 PM;maxi220julio@gmail.com;Basta acessar a seção 'Limites' no seu perfil e clicar em 'Solicitar aumento', enviando a documentação complementar que for pedida.","29/Nov/25 9:34 PM;qm:96e3bf0d-beea-4cd2-bca9-568ee30412d2:3b3304dc-2f4a-4a0c-94fd-cfc9d201d002;perfeito, vou solicitar. obrigado",,
documento de verificação foi recusado,"enviei minha CNH pra verificação e recebi um email dizendo que foi recusada, mas não entendi o motivo",Medium,Waiting for Customer,qm:96e3bf0d-beea-4cd2-bca9-568ee30412d2:dcd8d81d-4933-40c2-b3f2-7d9c8757ab99,maxi220julio@gmail.com,Portal Tokenia,Service Request,Verificação de identidade,22/Mar/25 6:34 AM,"22/Mar/25 8:40 AM;maxi220julio@gmail.com;Olá! Verificamos aqui e o motivo da recusa foi que a foto do documento estava com reflexo de luz, dificultando a leitura de alguns dados. Poderia reenviar uma nova foto em um ambiente bem iluminado e sem reflexos?","22/Mar/25 9:08 AM;qm:96e3bf0d-beea-4cd2-bca9-568ee30412d2:dcd8d81d-4933-40c2-b3f2-7d9c8757ab99;ah entendi, vou tirar outra foto com mais cuidado e reenviar",,,,
minha conta ficou limitada depois de um deposito grande,"fiz um deposito bem maior que o normal essa semana e agora minha conta esta com algumas funções restritas, nao consigo sacar",Medium,Resolved,qm:96e3bf0d-beea-4cd2-bca9-568ee30412d2:74b34d2b-8c7a-4390-a0d5-6fe51576bcc9,maxyjulio18@gmail.com,Portal Tokenia,Service Request,Limites e restrições,2/May/25 5:50 AM,"2/May/25 9:36 AM;maxyjulio18@gmail.com;Olá! Isso costuma acontecer como medida de segurança padrão quando identificamos uma movimentação fora do seu padrão habitual. Vamos revisar sua conta e, caso esteja tudo certo, a restrição é removida rapidamente.","2/May/25 10:56 AM;qm:96e3bf0d-beea-4cd2-bca9-568ee30412d2:74b34d2b-8c7a-4390-a0d5-6fe51576bcc9;entendi, é só um deposito normal mesmo, nada demais","2/May/25 11:55 AM;maxyjulio18@gmail.com;Perfeito, já concluímos a análise e não identificamos nenhuma irregularidade. A restrição foi removida e sua conta está com todas as funções liberadas novamente.","2/May/25 12:04 PM;qm:96e3bf0d-beea-4cd2-bca9-568ee30412d2:74b34d2b-8c7a-4390-a0d5-6fe51576bcc9;show, já consigo sacar de novo. obrigado",,
quero aumentar meu limite mensal de compra,"opero bastante na plataforma e o limite mensal de compra ta ficando curto pra mim, como faço pra aumentar?",High,Waiting for Agent,qm:96e3bf0d-beea-4cd2-bca9-568ee30412d2:1007ee5e-c272-40ae-811d-eed78b3d4e7c,maxyjulio18@gmail.com,Tokenia App,Service Request,Limites e restrições,25/Apr/26 1:00 AM,"25/Apr/26 1:58 AM;qm:96e3bf0d-beea-4cd2-bca9-568ee30412d2:1007ee5e-c272-40ae-811d-eed78b3d4e7c;boa tarde, gostaria de saber como aumento meu limite mensal, ja bati o teto duas vezes esse mes",,,,,
existe limite pra saque de criptomoedas,"queria saber se tem algum limite diario ou mensal pra saque de cripto pra outras carteiras, ou só existe limite pra reais",Low,Resolved,qm:96e3bf0d-beea-4cd2-bca9-568ee30412d2:3b3304dc-2f4a-4a0c-94fd-cfc9d201d002,maxyjulio18@gmail.com,Tokenia Web,Service Request,Limites e restrições,7/May/25 3:42 AM,"7/May/25 9:26 AM;maxyjulio18@gmail.com;Olá! Sim, também existe um limite diário para saques de criptomoedas, que varia conforme o ativo. Você pode consultar o valor específico na seção 'Limites' do seu perfil, junto com o limite em reais.","7/May/25 9:50 AM;qm:96e3bf0d-beea-4cd2-bca9-568ee30412d2:3b3304dc-2f4a-4a0c-94fd-cfc9d201d002;ah nao sabia, vou olhar la. obrigado pela informação",,,,
verificação de identidade demorando muito,"enviei meus documentos pra verificação faz 4 dias e ainda ta como 'em analise', achei que era mais rapido",Medium,Resolved,qm:96e3bf0d-beea-4cd2-bca9-568ee30412d2:ebdc7d4f-7a89-4bb1-a131-b652ee3ba99b,maxi220julio@gmail.com,Portal Tokenia,Service Request,Verificação de identidade,23/Jul/24 1:48 AM,"23/Jul/24 3:20 AM;maxi220julio@gmail.com;Olá! Peço desculpas pela demora. O prazo padrão é de até 48 horas úteis, mas em períodos de maior volume pode se estender um pouco. Verifiquei aqui e seu caso já está na fila final de análise.","23/Jul/24 3:58 AM;qm:96e3bf0d-beea-4cd2-bca9-568ee30412d2:ebdc7d4f-7a89-4bb1-a131-b652ee3ba99b;ah que bom, achei que tinha dado algum problema com meus documentos","23/Jul/24 4:08 AM;maxi220julio@gmail.com;Não há nenhum problema identificado até o momento, é só uma questão de fila mesmo. Você deve receber a confirmação em breve por e-mail.","23/Jul/24 5:11 AM;qm:96e3bf0d-beea-4cd2-bca9-568ee30412d2:ebdc7d4f-7a89-4bb1-a131-b652ee3ba99b;beleza, vou aguardar entao. obrigado",,
meu CPF já está em uso em outra conta,"tentei fazer a verificação e apareceu uma mensagem dizendo que meu CPF já está cadastrado em outra conta, mas essa é a unica conta que eu tenho aqui",High,Escalated,qm:96e3bf0d-beea-4cd2-bca9-568ee30412d2:ed04d6ae-f36e-4f44-ba75-dad36ede95b7,maxi220julio@gmail.com,Portal Tokenia,Service Request,Verificação de identidade,6/Jul/26 1:33 PM,"6/Jul/26 4:26 PM;maxi220julio@gmail.com;Olá, entendo a situação e peço desculpas pelo transtorno. Esse tipo de caso precisa de uma análise mais detalhada do nosso time de compliance para identificar o que ocorreu. Vou escalar seu atendimento agora.","6/Jul/26 5:17 PM;qm:96e3bf0d-beea-4cd2-bca9-568ee30412d2:ed04d6ae-f36e-4f44-ba75-dad36ede95b7;por favor, preciso urgente verificar minha conta pra poder sacar","6/Jul/26 6:35 PM;maxi220julio@gmail.com;Compreendo a urgência. Já marquei seu caso como prioritário. Nosso time especializado vai entrar em contato assim que tiver uma resposta, geralmente em até 24 horas úteis para esse tipo de situação.",,,
quais documentos são aceitos pra verificação,"vou fazer minha verificação de identidade hoje, queria saber quais documentos voces aceitam antes de tentar",Low,Resolved,qm:96e3bf0d-beea-4cd2-bca9-568ee30412d2:7c253ab9-2d35-4a94-8bdc-a3901c3156f8,maxyjulio18@gmail.com,Portal Tokenia,Service Request,Verificação de identidade,18/Feb/25 12:39 AM,"18/Feb/25 8:47 AM;maxyjulio18@gmail.com;Olá! Aceitamos RG, CNH ou passaporte válido, junto com uma selfie segurando o documento para confirmação. O documento precisa estar legível e dentro da validade.","18/Feb/25 9:50 AM;qm:96e3bf0d-beea-4cd2-bca9-568ee30412d2:7c253ab9-2d35-4a94-8bdc-a3901c3156f8;perfeito, vou usar minha CNH entao. obrigado",,,,
conta bloqueada por varias tentativas de login erradas,"minha conta foi bloqueada, acho que errei a senha varias vezes sem querer tentando lembrar. preciso urgente acessar",Highest,Resolved,qm:96e3bf0d-beea-4cd2-bca9-568ee30412d2:b12e56d5-73d2-49e3-b5e3-60b23bef9f3b,maxi220julio@gmail.com,Tokenia App,Service Request,Acesso e autenticação,27/Sep/25 1:20 AM,"27/Sep/25 1:49 AM;maxi220julio@gmail.com;Olá! Confirmamos que sua conta foi bloqueada automaticamente por segurança após múltiplas tentativas de login incorretas. Para desbloquear, vou te enviar um link de redefinição de senha agora mesmo.","27/Sep/25 3:16 AM;qm:96e3bf0d-beea-4cd2-bca9-568ee30412d2:b12e56d5-73d2-49e3-b5e3-60b23bef9f3b;recebi, ja troquei a senha",27/Sep/25 3:30 AM;maxi220julio@gmail.com;Ótimo! Já removemos o bloqueio da sua conta. Você já consegue acessar normalmente com a nova senha.,"27/Sep/25 4:52 AM;qm:96e3bf0d-beea-4cd2-bca9-568ee30412d2:b12e56d5-73d2-49e3-b5e3-60b23bef9f3b;consegui entrar, muito obrigado pela rapidez",,
erro ao tentar vender solana,toda vez que tento vender minha solana da uma mensagem de erro generico e a operação não vai pra frente,Medium,Resolved,qm:96e3bf0d-beea-4cd2-bca9-568ee30412d2:ab026cd4-acd4-434b-90e5-109ffdddfa44,maximilianojavierjulio@gmail.com,Tokenia App,Service Request,Operações de compra/venda cripto,9/Nov/24 8:05 PM,9/Nov/24 10:45 PM;maximilianojavierjulio@gmail.com;Olá! Pode me informar o horário aproximado em que tentou realizar a operação e o valor de SOL que estava tentando vender?,"9/Nov/24 11:31 PM;qm:96e3bf0d-beea-4cd2-bca9-568ee30412d2:ab026cd4-acd4-434b-90e5-109ffdddfa44;foi por volta das 15h, tentei vender uns 5 SOL","9/Nov/24 11:43 PM;maximilianojavierjulio@gmail.com;Identificamos uma instabilidade pontual no mercado de SOL nesse horário, já normalizada. Pode tentar novamente agora?","10/Nov/24 12:17 AM;qm:96e3bf0d-beea-4cd2-bca9-568ee30412d2:ab026cd4-acd4-434b-90e5-109ffdddfa44;tentei de novo e funcionou dessa vez, valeu",,
quero cancelar uma compra programada recorrente,"configurei uma compra recorrente semanal de bitcoin mas mudei de ideia, como cancelo?",Low,Canceled,qm:96e3bf0d-beea-4cd2-bca9-568ee30412d2:9e1ed28d-2f8a-4bda-a163-752da5ee08d8,maxi220julio@gmail.com,Tokenia Web,Service Request,Operações de compra/venda cripto,20/Apr/25 10:06 PM,22/Apr/25 6:49 PM;maxi220julio@gmail.com;Olá! Localizei sua compra recorrente configurada e já realizamos o cancelamento para você. Nenhuma nova cobrança será feita a partir de agora.,"22/Apr/25 7:34 PM;qm:96e3bf0d-beea-4cd2-bca9-568ee30412d2:9e1ed28d-2f8a-4bda-a163-752da5ee08d8;perfeito, era só isso mesmo. obrigado",,,,
taxa de conversão de reais pra dolares muito diferente do mercado,"fui converter reais pra usdt e a cotação mostrada estava bem diferente do dolar comercial que vi em outros sites, isso ta certo?",High,Resolved,qm:96e3bf0d-beea-4cd2-bca9-568ee30412d2:74b34d2b-8c7a-4390-a0d5-6fe51576bcc9,maxi220julio@gmail.com,Tokenia Web,Service Request,Operações de compra/venda fiat,11/Feb/26 7:14 PM,"11/Feb/26 8:08 PM;maxi220julio@gmail.com;Olá! A cotação exibida na plataforma reflete o preço de mercado das criptomoedas no momento, que pode variar levemente em relação ao câmbio comercial tradicional, já que USDT segue o mercado de criptoativos e não o câmbio bancário direto.","11/Feb/26 9:07 PM;qm:96e3bf0d-beea-4cd2-bca9-568ee30412d2:74b34d2b-8c7a-4390-a0d5-6fe51576bcc9;ah entendi, pensei que era atrelado direto ao dolar comercial","11/Feb/26 10:26 PM;maxi220julio@gmail.com;É uma dúvida comum! O USDT busca acompanhar o valor do dólar, mas pequenas variações no mercado cripto são normais ao longo do dia.","11/Feb/26 11:22 PM;qm:96e3bf0d-beea-4cd2-bca9-568ee30412d2:74b34d2b-8c7a-4390-a0d5-6fe51576bcc9;entendi agora, obrigado pela explicação",,
TED que fiz não foi processado,"fiz uma TED de R$3000 pra minha conta na Tokenia ontem a tarde e até agora não caiu, meu banco confirma que foi enviada",Medium,Work in Progress,qm:96e3bf0d-beea-4cd2-bca9-568ee30412d2:4d958f1b-e893-41fe-b2c5-f0f6163cdd67,maxyjulio18@gmail.com,Tokenia Web,Service Request,Operações de compra/venda fiat,20/Jul/24 5:20 AM,20/Jul/24 8:40 AM;maxyjulio18@gmail.com;Olá! TEDs enviadas após determinado horário costumam ser processadas apenas no próximo dia útil bancário. Poderia me confirmar o horário exato do envio para verificarmos junto ao nosso setor financeiro?,20/Jul/24 9:05 AM;qm:96e3bf0d-beea-4cd2-bca9-568ee30412d2:4d958f1b-e893-41fe-b2c5-f0f6163cdd67;enviei por volta das 16h30 de ontem,"20/Jul/24 10:04 AM;maxyjulio18@gmail.com;Obrigado pela informação. Esse horário já está fora do prazo de compensação do dia, então o crédito deve ocorrer ainda hoje. Estamos acompanhando o processamento e te avisamos assim que confirmado.",,,
posso sacar via PIX pra conta de outra pessoa,"queria saber se posso fazer um saque via PIX direto pra conta bancaria de outra pessoa, tipo um familiar",Medium,Resolved,qm:96e3bf0d-beea-4cd2-bca9-568ee30412d2:1007ee5e-c272-40ae-811d-eed78b3d4e7c,maxi220julio@gmail.com,Tokenia Web,Service Request,Depósitos e saques,26/Feb/26 2:09 AM,"26/Feb/26 5:21 AM;maxi220julio@gmail.com;Olá! Por questões de segurança e prevenção à lavagem de dinheiro, os saques via PIX só podem ser feitos para uma chave cadastrada no seu próprio CPF, com a mesma titularidade da conta na Tokenia.","26/Feb/26 6:00 AM;qm:96e3bf0d-beea-4cd2-bca9-568ee30412d2:1007ee5e-c272-40ae-811d-eed78b3d4e7c;ah entendi, faz sentido. vou sacar pra minha propria conta entao","26/Feb/26 7:27 AM;maxi220julio@gmail.com;Perfeito! Qualquer dúvida na hora de fazer o saque, estamos à disposição.",,,
pediram verificação de origem dos fundos pra um saque grande,"tentei sacar um valor alto de reais e apareceu uma solicitação pra comprovar a origem do dinheiro, nao sei o que enviar",High,Waiting for Customer,qm:96e3bf0d-beea-4cd2-bca9-568ee30412d2:ed04d6ae-f36e-4f44-ba75-dad36ede95b7,maxi220julio@gmail.com,Tokenia Web,Service Request,Depósitos e saques,1/Nov/24 4:32 PM,"1/Nov/24 4:57 PM;maxi220julio@gmail.com;Olá! Para saques de valores mais elevados, solicitamos comprovação da origem dos fundos como medida de conformidade regulatória. Você pode enviar um extrato bancário recente ou comprovante de renda que justifique o valor movimentado.","1/Nov/24 5:24 PM;qm:96e3bf0d-beea-4cd2-bca9-568ee30412d2:ed04d6ae-f36e-4f44-ba75-dad36ede95b7;entendi, vou providenciar o extrato e envio em breve",,,,
quero trocar o email cadastrado na conta,"nao tenho mais acesso ao email que usei pra me cadastrar, preciso trocar pro meu email novo",High,Resolved,qm:96e3bf0d-beea-4cd2-bca9-568ee30412d2:8a0ee7d5-029c-4a08-a42f-b06768b64927,maxyjulio18@gmail.com,Tokenia Email,General request,Segurança da conta,28/Apr/26 3:02 PM,"28/Apr/26 3:57 PM;maxyjulio18@gmail.com;Olá! Por segurança, a troca de e-mail cadastrado exige uma verificação adicional de identidade. Vou te enviar um formulário específico para essa solicitação — leva em torno de 24 a 48 horas para ser processada.","28/Apr/26 5:09 PM;qm:96e3bf0d-beea-4cd2-bca9-568ee30412d2:8a0ee7d5-029c-4a08-a42f-b06768b64927;tudo bem, vou preencher agora","28/Apr/26 5:14 PM;maxyjulio18@gmail.com;Perfeito, assim que recebermos vamos validar e confirmar a troca por aqui mesmo.",,,
gerei endereço da rede errada pra depositar,"acho que gerei um endereço de deposito na rede errada, queria depositar USDT via TRC20 mas nao sei se peguei o endereço certo",Medium,Resolved,qm:96e3bf0d-beea-4cd2-bca9-568ee30412d2:cf6bd68c-2cf4-4fa6-93ba-fc96a0e57143,maxi220julio@gmail.com,Portal Tokenia,Service Request,Carteira e endereços,21/Aug/24 6:43 PM,"21/Aug/24 8:16 PM;maxi220julio@gmail.com;Olá! Antes de fazer o depósito, é importante confirmar: cada rede (TRC20, ERC20, BEP20) tem um endereço diferente dentro da plataforma. Você já verificou na tela de depósito qual rede está selecionada?","21/Aug/24 9:33 PM;qm:96e3bf0d-beea-4cd2-bca9-568ee30412d2:cf6bd68c-2cf4-4fa6-93ba-fc96a0e57143;agora que vi, tava selecionado ERC20 sem eu perceber",21/Aug/24 9:48 PM;maxi220julio@gmail.com;Ainda bem que percebeu antes de enviar! Basta trocar a seleção para TRC20 na tela de depósito para gerar o endereço correto dessa rede.,"21/Aug/24 10:03 PM;qm:96e3bf0d-beea-4cd2-bca9-568ee30412d2:cf6bd68c-2cf4-4fa6-93ba-fc96a0e57143;troquei e peguei o endereço certo agora, obrigado por avisar",,
enviei USDT pela rede errada e não apareceu,"enviei USDT via rede ERC20 pra um endereço que era da rede TRC20 aqui da Tokenia, o valor saiu da minha carteira externa mas nunca chegou",Highest,Escalated,qm:96e3bf0d-beea-4cd2-bca9-568ee30412d2:b12e56d5-73d2-49e3-b5e3-60b23bef9f3b,maxyjulio18@gmail.com,Tokenia App,Service Request,Carteira e endereços,16/Sep/24 10:46 AM,"16/Sep/24 11:02 AM;maxyjulio18@gmail.com;Olá, entendo a gravidade da situação. Envios entre redes incompatíveis geralmente não são reconhecidos automaticamente pela blockchain de destino, mas em alguns casos é possível uma recuperação manual. Vou escalar seu caso para nosso time técnico especializado analisar a transação.","16/Sep/24 11:34 AM;qm:96e3bf0d-beea-4cd2-bca9-568ee30412d2:b12e56d5-73d2-49e3-b5e3-60b23bef9f3b;por favor, é um valor bem significativo pra mim",16/Sep/24 12:48 PM;maxyjulio18@gmail.com;Compreendo totalmente. Poderia me enviar o hash (TxID) da transação enviada e o endereço de destino utilizado? Nosso time vai analisar com prioridade se a recuperação é possível.,"16/Sep/24 1:18 PM;qm:96e3bf0d-beea-4cd2-bca9-568ee30412d2:b12e56d5-73d2-49e3-b5e3-60b23bef9f3b;claro, te mando os dados agora mesmo",,
Tokenia é regulamentada no Brasil,antes de investir mais queria saber se a Tokenia tem algum tipo de regulamentação ou registro no Brasil,Low,Resolved,qm:96e3bf0d-beea-4cd2-bca9-568ee30412d2:98550bc5-9bb9-469f-b7d4-4756a5f09e88,maximilianojavierjulio@gmail.com,Tokenia Email,General request,Informações e dúvidas gerais,10/Jan/26 1:33 PM,"10/Jan/26 5:15 PM;maximilianojavierjulio@gmail.com;Olá! A Tokenia opera seguindo as normas aplicáveis do mercado de ativos digitais nas jurisdições em que atua, incluindo o Brasil. Recomendamos consultar nossa página de Termos de Uso para mais detalhes sobre nossa estrutura regulatória.","10/Jan/26 5:28 PM;qm:96e3bf0d-beea-4cd2-bca9-568ee30412d2:98550bc5-9bb9-469f-b7d4-4756a5f09e88;beleza, vou dar uma olhada la. obrigado",,,,
qual a taxa de saque em reais via PIX,queria saber se tem alguma taxa cobrada quando eu saco reais via PIX pra minha conta bancaria,Medium,Resolved,qm:96e3bf0d-beea-4cd2-bca9-568ee30412d2:9c34e718-8ff6-4bf1-b378-04f3dfd6d4b6,maximilianojavierjulio@gmail.com,Tokenia App,Service Request,Tarifas e comissões,6/Feb/25 2:17 AM,6/Feb/25 12:18 PM;maximilianojavierjulio@gmail.com;Olá! Saques via PIX não possuem taxa cobrada pela Tokenia. O valor solicitado é transferido integralmente para sua conta bancária cadastrada.,"6/Feb/25 12:52 PM;qm:96e3bf0d-beea-4cd2-bca9-568ee30412d2:9c34e718-8ff6-4bf1-b378-04f3dfd6d4b6;que bom, nao sabia que era gratuito. obrigado",,,,
parei de receber notificações push do app,"de uns dias pra ca parei de receber notificação quando minha ordem executa, antes chegava normal",Medium,Resolved,qm:96e3bf0d-beea-4cd2-bca9-568ee30412d2:bc0cf60c-4d7c-44c5-b1c0-9ddfc9a18eb2,maxyjulio18@gmail.com,Tokenia Email,General request,Problemas técnicos do app/site,19/Jun/24 1:45 AM,19/Jun/24 2:56 AM;maxyjulio18@gmail.com;Olá! Isso pode acontecer quando as permissões de notificação do app foram desativadas no celular após uma atualização do sistema. Você pode conferir nas configurações do seu aparelho se as notificações do app da Tokenia estão permitidas?,"19/Jun/24 4:10 AM;qm:96e3bf0d-beea-4cd2-bca9-568ee30412d2:bc0cf60c-4d7c-44c5-b1c0-9ddfc9a18eb2;olhei aqui e realmente tava desativado, ativei de novo",19/Jun/24 4:31 AM;maxyjulio18@gmail.com;Perfeito! A partir de agora as notificações devem voltar a chegar normalmente.,"19/Jun/24 5:49 AM;qm:96e3bf0d-beea-4cd2-bca9-568ee30412d2:bc0cf60c-4d7c-44c5-b1c0-9ddfc9a18eb2;recebi uma agora ha pouco, funcionou. obrigado",,
extrato de operações não atualiza corretamente,"fiz varias operações hoje mas no extrato só aparecem as de ontem, os valores mais recentes não estão sendo exibidos",High,Work in Progress,qm:96e3bf0d-beea-4cd2-bca9-568ee30412d2:b7a06e76-4e6b-48b6-a6c2-1f5297504226,maxyjulio18@gmail.com,Tokenia Web,Service Request,Problemas técnicos do app/site,23/Nov/25 8:17 AM,"23/Nov/25 8:36 AM;maxyjulio18@gmail.com;Olá, obrigado por reportar. Identificamos uma instabilidade pontual na atualização do extrato para alguns usuários e nosso time técnico já está trabalhando na correção. Suas operações mais recentes foram processadas normalmente, apenas a exibição está com atraso.","23/Nov/25 9:35 AM;qm:96e3bf0d-beea-4cd2-bca9-568ee30412d2:b7a06e76-4e6b-48b6-a6c2-1f5297504226;que bom que o dinheiro nao sumiu pelo menos, fico no aguardo entao",,,,
não recebo o codigo de verificação por email,"toda vez que tento entrar pede um codigo que chega por email, mas o email nunca chega, ja tentei varias vezes",Medium,Resolved,qm:96e3bf0d-beea-4cd2-bca9-568ee30412d2:74b34d2b-8c7a-4390-a0d5-6fe51576bcc9,maxyjulio18@gmail.com,Portal Tokenia,Service Request,Acesso e autenticação,2/May/25 5:50 AM,2/May/25 9:36 AM;maxyjulio18@gmail.com;Olá! Pode verificar se o e-mail não está sendo bloqueado pelo seu provedor ou caindo na pasta de spam? Também é importante confirmar se o e-mail cadastrado está correto e sem erros de digitação.,"2/May/25 10:56 AM;qm:96e3bf0d-beea-4cd2-bca9-568ee30412d2:74b34d2b-8c7a-4390-a0d5-6fe51576bcc9;olhei o spam e não tinha nada, mas o email cadastrado ta certo sim",2/May/25 11:55 AM;maxyjulio18@gmail.com;Entendido. Vamos reenviar manualmente o código agora pelo nosso sistema — pode levar alguns minutos a mais que o normal para chegar.,"2/May/25 12:04 PM;qm:96e3bf0d-beea-4cd2-bca9-568ee30412d2:74b34d2b-8c7a-4390-a0d5-6fe51576bcc9;chegou agora, obrigado pela paciência",,
como troco a senha da minha conta,queria trocar minha senha por segurança mas não sei achar essa opção no app,Low,Resolved,qm:96e3bf0d-beea-4cd2-bca9-568ee30412d2:1007ee5e-c272-40ae-811d-eed78b3d4e7c,maxyjulio18@gmail.com,Tokenia App,Service Request,Acesso e autenticação,25/Apr/26 1:00 AM,25/Apr/26 6:10 AM;maxyjulio18@gmail.com;Olá! Você pode trocar sua senha em Configurações > Segurança > Alterar senha. Vai pedir sua senha atual e depois a nova senha desejada.,"25/Apr/26 7:24 AM;qm:96e3bf0d-beea-4cd2-bca9-568ee30412d2:1007ee5e-c272-40ae-811d-eed78b3d4e7c;achei, era só isso mesmo. obrigada",,,,
preço executado foi diferente do que eu vi na hora de confirmar,"quando fui confirmar a compra de bitcoin o preço mudou pro valor final, achei estranho essa diferença",High,Resolved,qm:96e3bf0d-beea-4cd2-bca9-568ee30412d2:4d958f1b-e893-41fe-b2c5-f0f6163cdd67,maxi220julio@gmail.com,Tokenia Email,General request,Operações de compra/venda cripto,11/Mar/24 2:17 AM,"11/Mar/24 2:39 AM;maxi220julio@gmail.com;Olá! Isso pode acontecer porque o preço de criptomoedas se atualiza em tempo real, e entre a tela de confirmação e o clique final pode haver uma pequena variação de mercado, principalmente em momentos de maior volatilidade.","11/Mar/24 3:19 AM;qm:96e3bf0d-beea-4cd2-bca9-568ee30412d2:4d958f1b-e893-41fe-b2c5-f0f6163cdd67;ah entendi, achei que era erro do sistema","11/Mar/24 3:43 AM;maxi220julio@gmail.com;Não é um erro, é o comportamento normal do mercado. Costuma ser uma diferença bem pequena na maioria dos casos.","11/Mar/24 4:15 AM;qm:96e3bf0d-beea-4cd2-bca9-568ee30412d2:4d958f1b-e893-41fe-b2c5-f0f6163cdd67;entendi, valeu pela explicação",,
como faço pra ver o historico de todas minhas operações,"queria ver todas as compras e vendas que ja fiz desde que abri minha conta, onde encontro isso",Medium,Resolved,qm:96e3bf0d-beea-4cd2-bca9-568ee30412d2:ed04d6ae-f36e-4f44-ba75-dad36ede95b7,maxyjulio18@gmail.com,Tokenia Web,Service Request,Operações de compra/venda cripto,29/Jul/24 5:50 AM,"29/Jul/24 7:23 AM;maxyjulio18@gmail.com;Olá! Você encontra o histórico completo na seção 'Atividade' do app, com filtros por tipo de operação e período. Lá aparecem compras, vendas, depósitos e saques.","29/Jul/24 7:33 AM;qm:96e3bf0d-beea-4cd2-bca9-568ee30412d2:ed04d6ae-f36e-4f44-ba75-dad36ede95b7;achei, muito bom. obrigado",,,,
posso comprar cripto direto com cartão de credito,"vi em outros exchanges que da pra comprar com cartão de credito direto, aqui na Tokenia tem essa opção?",Medium,Resolved,qm:96e3bf0d-beea-4cd2-bca9-568ee30412d2:eb9cbe24-105c-40ed-844a-c2c2ea40c29f,maxyjulio18@gmail.com,Tokenia Web,Service Request,Operações de compra/venda fiat,1/Jul/24 9:53 AM,"1/Jul/24 3:31 PM;maxyjulio18@gmail.com;Olá! No momento, a Tokenia não oferece compra direta com cartão de crédito. As formas de depósito disponíveis são PIX, TED e transferência bancária, que depois podem ser usadas para comprar criptomoedas dentro da plataforma.","1/Jul/24 4:22 PM;qm:96e3bf0d-beea-4cd2-bca9-568ee30412d2:eb9cbe24-105c-40ed-844a-c2c2ea40c29f;ah que pena, mas tudo bem, vou usar PIX entao","1/Jul/24 5:40 PM;maxyjulio18@gmail.com;Ótima escolha, o PIX costuma ser o meio mais rápido para depositar!",,,
vendi cripto e o valor em reais não caiu no saldo,vendi 200 dolares em USDT e o valor em reais deveria ter caido no meu saldo mas continua zerado,High,Resolved,qm:96e3bf0d-beea-4cd2-bca9-568ee30412d2:7c253ab9-2d35-4a94-8bdc-a3901c3156f8,maxyjulio18@gmail.com,Portal Tokenia,Service Request,Operações de compra/venda fiat,18/Feb/25 12:39 AM,18/Feb/25 2:10 AM;maxyjulio18@gmail.com;Olá! Verificamos aqui e sua venda foi processada com sucesso. Pode ser que o saldo em reais esteja em uma outra aba dentro da carteira. Você pode conferir na seção 'Saldo em reais' separada da carteira cripto?,"18/Feb/25 3:13 AM;qm:96e3bf0d-beea-4cd2-bca9-568ee30412d2:7c253ab9-2d35-4a94-8bdc-a3901c3156f8;achei! tava numa aba separada mesmo, nao tinha visto",18/Feb/25 4:39 AM;maxyjulio18@gmail.com;Que bom que encontrou! Esse saldo já fica disponível para saque ou para novas compras.,"18/Feb/25 5:30 AM;qm:96e3bf0d-beea-4cd2-bca9-568ee30412d2:7c253ab9-2d35-4a94-8bdc-a3901c3156f8;perfeito, obrigado pela ajuda",,
qual o valor minimo pra depositar via PIX,queria saber se tem um valor minimo pra fazer deposito via PIX na plataforma,Low,Resolved,qm:96e3bf0d-beea-4cd2-bca9-568ee30412d2:8a99a275-7ced-4af7-bae8-9d134b24be3e,maxi220julio@gmail.com,Tokenia App,Service Request,Depósitos e saques,19/Apr/25 5:39 PM,"19/Apr/25 10:43 PM;maxi220julio@gmail.com;Olá! O valor mínimo para depósito via PIX é de R$10. Não há valor máximo por operação, mas os limites diários da sua conta continuam se aplicando normalmente.","20/Apr/25 12:09 AM;qm:96e3bf0d-beea-4cd2-bca9-568ee30412d2:8a99a275-7ced-4af7-bae8-9d134b24be3e;entendi, obrigado pela informação",,,,
deposito de ethereum apareceu com valor menor,"depositei 1 ETH e no meu saldo apareceu um valor um pouco menor que 1, achei estranho",Medium,Resolved,qm:96e3bf0d-beea-4cd2-bca9-568ee30412d2:eb9cbe24-105c-40ed-844a-c2c2ea40c29f,maximilianojavierjulio@gmail.com,Tokenia App,Service Request,Depósitos e saques,9/Nov/24 8:05 PM,"9/Nov/24 10:45 PM;maximilianojavierjulio@gmail.com;Olá! Essa pequena diferença costuma ocorrer por conta da taxa de rede (gas fee) cobrada pela própria blockchain Ethereum no momento do envio, que é descontada antes da confirmação, e não pela Tokenia.","9/Nov/24 11:31 PM;qm:96e3bf0d-beea-4cd2-bca9-568ee30412d2:eb9cbe24-105c-40ed-844a-c2c2ea40c29f;ah entendi, pensei que era algum erro daqui","9/Nov/24 11:43 PM;maximilianojavierjulio@gmail.com;Sem problemas, é uma dúvida comum! Essa taxa de rede varia conforme o congestionamento da blockchain no momento da transação.","10/Nov/24 12:17 AM;qm:96e3bf0d-beea-4cd2-bca9-568ee30412d2:eb9cbe24-105c-40ed-844a-c2c2ea40c29f;entendi, obrigado pela explicação",,
saque via PIX foi devolvido pro meu saldo,pedi um saque de R$800 via PIX e depois de umas horas o dinheiro voltou pro meu saldo na Tokenia sem eu ter cancelado nada,High,Resolved,qm:96e3bf0d-beea-4cd2-bca9-568ee30412d2:9e1ed28d-2f8a-4bda-a163-752da5ee08d8,maxi220julio@gmail.com,Tokenia Web,Service Request,Depósitos e saques,20/Apr/25 10:06 PM,"22/Apr/25 6:49 PM;maxi220julio@gmail.com;Olá! Isso geralmente acontece quando a chave PIX cadastrada não corresponde exatamente ao CPF titular da conta na Tokenia, e o banco recebedor recusa a transação automaticamente.","22/Apr/25 7:34 PM;qm:96e3bf0d-beea-4cd2-bca9-568ee30412d2:9e1ed28d-2f8a-4bda-a163-752da5ee08d8;ah pode ser, acho que troquei de chave recentemente","22/Apr/25 8:06 PM;maxi220julio@gmail.com;Recomendamos verificar se a chave PIX cadastrada no seu perfil ainda está ativa e vinculada ao seu CPF. Depois disso, pode tentar solicitar o saque novamente.","22/Apr/25 9:34 PM;qm:96e3bf0d-beea-4cd2-bca9-568ee30412d2:9e1ed28d-2f8a-4bda-a163-752da5ee08d8;vou verificar e tentar de novo, obrigado",,
quero saber quais dispositivos estão logados na minha conta,"queria ver se tem algum jeito de ver quais aparelhos estão conectados na minha conta, por segurança",Medium,Resolved,qm:96e3bf0d-beea-4cd2-bca9-568ee30412d2:98550bc5-9bb9-469f-b7d4-4756a5f09e88,maximilianojavierjulio@gmail.com,Tokenia Web,Service Request,Segurança da conta,8/Oct/24 10:38 PM,"8/Oct/24 11:37 PM;maximilianojavierjulio@gmail.com;Olá! Sim, você pode conferir em Configurações > Segurança > Sessões ativas. Lá aparece uma lista com os dispositivos conectados e você pode encerrar qualquer sessão que não reconheça.","9/Oct/24 12:15 AM;qm:96e3bf0d-beea-4cd2-bca9-568ee30412d2:98550bc5-9bb9-469f-b7d4-4756a5f09e88;otimo, vou verificar agora. obrigado",,,,
acho que minha conta foi acessada por outra pessoa,"notei operações que eu não fiz na minha conta, uma venda de cripto que eu nunca autorizei",Highest,Escalated,qm:96e3bf0d-beea-4cd2-bca9-568ee30412d2:3b3304dc-2f4a-4a0c-94fd-cfc9d201d002,maximilianojavierjulio@gmail.com,Tokenia Web,Service Request,Segurança da conta,14/Sep/25 8:12 AM,"14/Sep/25 8:17 AM;maximilianojavierjulio@gmail.com;Olá, agradecemos muito por nos avisar imediatamente. Já bloqueamos sua conta preventivamente e vou escalar seu caso agora mesmo para nosso time de segurança investigar a fundo essa movimentação.","14/Sep/25 9:16 AM;qm:96e3bf0d-beea-4cd2-bca9-568ee30412d2:3b3304dc-2f4a-4a0c-94fd-cfc9d201d002;por favor, preciso saber o que aconteceu o quanto antes","14/Sep/25 10:37 AM;maximilianojavierjulio@gmail.com;Entendemos totalmente a urgência. Nosso time especializado vai analisar os logs de acesso e a operação em questão, e entramos em contato assim que tivermos informações, normalmente em até 24 horas.",,,
posso ter mais de um endereço de deposito da mesma cripto,"gerei um endereço de bitcoin, mas queria saber se posso gerar outro diferente pra usar em outra carteira minha",Low,Resolved,qm:96e3bf0d-beea-4cd2-bca9-568ee30412d2:98550bc5-9bb9-469f-b7d4-4756a5f09e88,maxi220julio@gmail.com,Tokenia Web,Service Request,Carteira e endereços,31/May/26 10:48 PM,"1/Jun/26 10:56 AM;maxi220julio@gmail.com;Olá! Sim, você pode gerar múltiplos endereços para a mesma criptomoeda quando necessário. Todos eles ficam vinculados à sua conta e qualquer depósito feito neles é creditado corretamente.","1/Jun/26 11:15 AM;qm:96e3bf0d-beea-4cd2-bca9-568ee30412d2:98550bc5-9bb9-469f-b7d4-4756a5f09e88;perfeito, era isso que eu queria saber. obrigado",,,,
como faço pra transferir cripto pra outra pessoa dentro da Tokenia,"um amigo tambem usa a Tokenia, tem como eu mandar cripto direto pra conta dele sem precisar sacar pra fora?",Medium,Resolved,qm:96e3bf0d-beea-4cd2-bca9-568ee30412d2:ebdc7d4f-7a89-4bb1-a131-b652ee3ba99b,maxi220julio@gmail.com,Tokenia Email,General request,Carteira e endereços,21/Aug/24 6:57 AM,"21/Aug/24 12:07 PM;maxi220julio@gmail.com;Olá! Sim, é possível. Na tela de envio, escolha a opção 'Enviar para usuário Tokenia' e informe o e-mail ou nome de usuário dele. Esse tipo de transferência é instantânea e sem taxa de rede.","21/Aug/24 1:16 PM;qm:96e3bf0d-beea-4cd2-bca9-568ee30412d2:ebdc7d4f-7a89-4bb1-a131-b652ee3ba99b;que bom, vai ser bem mais pratico assim. obrigado",,,,
qual o horario de atendimento do suporte,queria saber se tem horario especifico de atendimento ou se é 24 horas,Low,Resolved,qm:96e3bf0d-beea-4cd2-bca9-568ee30412d2:c76e25ce-1103-4288-a853-a756f7dcaabf,maxyjulio18@gmail.com,Tokenia Email,General request,Informações e dúvidas gerais,28/Apr/26 3:02 PM,"28/Apr/26 7:59 PM;maxyjulio18@gmail.com;Olá! Nosso suporte funciona de segunda a sexta, das 9h às 20h, e aos sábados das 9h às 14h, horário de Brasília. Fora desse período, você ainda pode abrir um chamado que será respondido assim que reabrirmos.","28/Apr/26 9:11 PM;qm:96e3bf0d-beea-4cd2-bca9-568ee30412d2:c76e25ce-1103-4288-a853-a756f7dcaabf;entendi, obrigado pela informação",,,,
como faço pra excluir minha conta,não pretendo mais usar a plataforma e queria saber o processo pra encerrar minha conta definitivamente,Low,Resolved,qm:96e3bf0d-beea-4cd2-bca9-568ee30412d2:5705c77d-869a-4f2d-b789-7fe84a892889,maxi220julio@gmail.com,Tokenia Web,Service Request,Informações e dúvidas gerais,31/Mar/24 6:08 AM,"1/Apr/24 12:54 PM;maxi220julio@gmail.com;Olá! Para encerrar sua conta, é necessário primeiro sacar todo o saldo disponível, tanto em reais quanto em criptomoedas. Depois disso, você pode solicitar o encerramento pela seção 'Configurações > Encerrar conta', ou nos avisar por aqui que providenciamos manualmente.","1/Apr/24 1:38 PM;qm:96e3bf0d-beea-4cd2-bca9-568ee30412d2:5705c77d-869a-4f2d-b789-7fe84a892889;entendi, vou sacar tudo primeiro e depois volto aqui pra confirmar","1/Apr/24 2:13 PM;maxi220julio@gmail.com;Perfeito, ficamos à disposição quando precisar.",,,
existe alguma mensalidade pra ter conta na Tokenia,"queria saber se tem alguma taxa mensal só por ter a conta, mesmo sem operar",Low,Resolved,qm:96e3bf0d-beea-4cd2-bca9-568ee30412d2:4d958f1b-e893-41fe-b2c5-f0f6163cdd67,maximilianojavierjulio@gmail.com,Portal Tokenia,Service Request,Tarifas e comissões,12/Jul/24 1:23 AM,"12/Jul/24 5:34 AM;maximilianojavierjulio@gmail.com;Olá! Não, a Tokenia não cobra nenhuma mensalidade ou taxa de manutenção de conta. As únicas taxas cobradas são sobre as operações realizadas, como compra, venda e saque.","12/Jul/24 7:03 AM;qm:96e3bf0d-beea-4cd2-bca9-568ee30412d2:4d958f1b-e893-41fe-b2c5-f0f6163cdd67;que bom, achei que fosse cobrar algo parado. obrigado",,,,
quero contestar uma taxa cobrada numa operação cancelada,"minha operação foi cancelada por instabilidade mas mesmo assim vi uma taxa cobrada no extrato, queria entender o motivo",Medium,Waiting for Customer,qm:96e3bf0d-beea-4cd2-bca9-568ee30412d2:eb9cbe24-105c-40ed-844a-c2c2ea40c29f,maxyjulio18@gmail.com,Tokenia Email,General request,Tarifas e comissões,29/May/26 5:06 PM,"29/May/26 6:52 PM;maxyjulio18@gmail.com;Olá! Sentimos pelo ocorrido. Para analisarmos corretamente, você poderia nos enviar o número ou horário exato dessa operação que aparece com a taxa cobrada indevidamente?",29/May/26 8:06 PM;qm:96e3bf0d-beea-4cd2-bca9-568ee30412d2:eb9cbe24-105c-40ed-844a-c2c2ea40c29f;vou verificar aqui no meu extrato e te mando o horário certinho,,,,
app demora muito pra carregar a tela inicial,"toda vez que abro o app demora uns bons segundos pra carregar a tela inicial com meu saldo, antes era bem mais rapido",Low,Resolved,qm:96e3bf0d-beea-4cd2-bca9-568ee30412d2:7c253ab9-2d35-4a94-8bdc-a3901c3156f8,maxi220julio@gmail.com,Tokenia Web,Service Request,Problemas técnicos do app/site,2/Oct/25 2:07 AM,"2/Oct/25 6:12 AM;maxi220julio@gmail.com;Olá! Isso pode ocorrer por conta de cache acumulado no aplicativo. Você pode tentar limpar o cache do app nas configurações do seu celular, ou reinstalar o aplicativo se preferir?","2/Oct/25 6:45 AM;qm:96e3bf0d-beea-4cd2-bca9-568ee30412d2:7c253ab9-2d35-4a94-8bdc-a3901c3156f8;limpei o cache e melhorou bastante, obrigado pela dica",,,,
não consigo fazer login pelo navegador Firefox,"pelo chrome funciona normal mas pelo firefox a pagina de login fica em branco, ja tentei atualizar o navegador",Medium,Resolved,qm:96e3bf0d-beea-4cd2-bca9-568ee30412d2:cf6bd68c-2cf4-4fa6-93ba-fc96a0e57143,maxyjulio18@gmail.com,Tokenia App,Service Request,Problemas técnicos do app/site,6/Feb/25 2:17 AM,6/Feb/25 12:18 PM;maxyjulio18@gmail.com;Olá! Obrigado por reportar. Você poderia tentar limpar o cache e os cookies do Firefox e testar novamente? Às vezes dados antigos armazenados no navegador causam esse tipo de comportamento.,"6/Feb/25 12:52 PM;qm:96e3bf0d-beea-4cd2-bca9-568ee30412d2:cf6bd68c-2cf4-4fa6-93ba-fc96a0e57143;limpei o cache e agora carregou normal, obrigado",,,,
app pede pra atualizar mas não atualiza,"toda vez que abro o app aparece um aviso pra atualizar pra ultima versão, mas quando vou na loja diz que ja ta atualizado",Medium,Resolved,qm:96e3bf0d-beea-4cd2-bca9-568ee30412d2:74b34d2b-8c7a-4390-a0d5-6fe51576bcc9,maxyjulio18@gmail.com,Portal Tokenia,Service Request,Acesso e autenticação,2/May/25 5:50 AM,"2/May/25 9:36 AM;maxyjulio18@gmail.com;Olá! Isso pode acontecer por conta de um cache desatualizado do app. Você pode tentar forçar o fechamento do aplicativo e abrir novamente, ou reinstalar caso o aviso persista.","2/May/25 10:56 AM;qm:96e3bf0d-beea-4cd2-bca9-568ee30412d2:74b34d2b-8c7a-4390-a0d5-6fe51576bcc9;reinstalei e sumiu o aviso, obrigado",,,,
não recebo o SMS de verificação,"configurei verificação por SMS mas o codigo nunca chega no meu celular, ja tentei reenviar varias vezes",High,Resolved,qm:96e3bf0d-beea-4cd2-bca9-568ee30412d2:1c6c8f3c-0b42-4193-b8f6-814150c2f7da,maxyjulio18@gmail.com,Portal Tokenia,Service Request,Acesso e autenticação,3/Feb/25 3:24 PM,3/Feb/25 4:23 PM;maxyjulio18@gmail.com;Olá! Pode confirmar se o número de celular cadastrado na sua conta está correto e ativo? Às vezes uma troca de operadora ou DDD desatualizado impede o recebimento.,"3/Feb/25 5:51 PM;qm:96e3bf0d-beea-4cd2-bca9-568ee30412d2:1c6c8f3c-0b42-4193-b8f6-814150c2f7da;verifiquei e o numero ta certo, mas mesmo assim nao chega","3/Feb/25 7:05 PM;maxyjulio18@gmail.com;Entendido. Nesse caso recomendamos trocar o método de verificação para um aplicativo autenticador, que costuma ser mais estável que SMS. Posso te orientar nesse processo?","3/Feb/25 8:03 PM;qm:96e3bf0d-beea-4cd2-bca9-568ee30412d2:1c6c8f3c-0b42-4193-b8f6-814150c2f7da;pode sim, vamos trocar entao",,
diferença entre ordem a mercado e ordem limite,vi essas duas opções na hora de comprar mas não entendi bem a diferença entre elas,Medium,Resolved,qm:96e3bf0d-beea-4cd2-bca9-568ee30412d2:3aac0f08-6d3d-4bb7-adb0-090a0412c60a,maximilianojavierjulio@gmail.com,Tokenia Email,General request,Operações de compra/venda cripto,11/Mar/24 2:17 AM,"11/Mar/24 3:16 AM;maximilianojavierjulio@gmail.com;Olá! A ordem a mercado executa imediatamente pelo melhor preço disponível no momento. Já a ordem limite só executa quando o preço da criptomoeda atingir o valor que você definiu, podendo demorar minutos, horas ou nem chegar a executar.","11/Mar/24 3:56 AM;qm:96e3bf0d-beea-4cd2-bca9-568ee30412d2:3aac0f08-6d3d-4bb7-adb0-090a0412c60a;entendi, entao se eu quiser comprar na hora uso a mercado","11/Mar/24 4:20 AM;maximilianojavierjulio@gmail.com;Exatamente! E se quiser esperar um preço específico mais vantajoso, a ordem limite é a mais indicada.","11/Mar/24 4:52 AM;qm:96e3bf0d-beea-4cd2-bca9-568ee30412d2:3aac0f08-6d3d-4bb7-adb0-090a0412c60a;perfeito, ficou claro agora. obrigado",,
ordem stop loss não executou como esperado,configurei uma stop loss pro bitcoin mas o preço passou do valor que eu defini e a ordem não executou,High,Resolved,qm:96e3bf0d-beea-4cd2-bca9-568ee30412d2:ed04d6ae-f36e-4f44-ba75-dad36ede95b7,maxyjulio18@gmail.com,Tokenia Web,Service Request,Operações de compra/venda cripto,29/Jul/24 5:50 AM,"29/Jul/24 6:24 AM;maxyjulio18@gmail.com;Olá! Vamos verificar o horário exato da sua ordem para confirmar o que ocorreu. Em movimentos muito rápidos de mercado, é possível que o preço tenha passado pelo seu valor de stop de forma tão veloz que a execução ficou marginalmente diferente do esperado, fenômeno conhecido como slippage.","29/Jul/24 6:34 AM;qm:96e3bf0d-beea-4cd2-bca9-568ee30412d2:ed04d6ae-f36e-4f44-ba75-dad36ede95b7;ah entendi, pensei que era garantido no valor exato","29/Jul/24 7:37 AM;maxyjulio18@gmail.com;Esse tipo de ordem busca o valor definido, mas em alta volatilidade pode haver uma pequena diferença na execução final. É uma característica do mercado, não um erro da plataforma.","29/Jul/24 8:50 AM;qm:96e3bf0d-beea-4cd2-bca9-568ee30412d2:ed04d6ae-f36e-4f44-ba75-dad36ede95b7;entendi, vou ficar de olho nisso da proxima vez. obrigado",,
posso comprar cripto usando saldo de outra moeda,"tenho saldo em dolares na conta, da pra usar direto pra comprar cripto ou preciso converter pra real primeiro",Low,Resolved,qm:96e3bf0d-beea-4cd2-bca9-568ee30412d2:8a0ee7d5-029c-4a08-a42f-b06768b64927,maxi220julio@gmail.com,Portal Tokenia,Service Request,Operações de compra/venda fiat,6/Jul/26 1:33 PM,"7/Jul/26 4:57 AM;maxi220julio@gmail.com;Olá! Você pode usar seu saldo em dólares diretamente para comprar criptomoedas, sem precisar converter para reais antes. A conversão é feita automaticamente na hora da operação.","7/Jul/26 5:48 AM;qm:96e3bf0d-beea-4cd2-bca9-568ee30412d2:8a0ee7d5-029c-4a08-a42f-b06768b64927;que pratico, obrigado pela informação",,,,
erro ao tentar cadastrar minha chave PIX,"toda vez que tento cadastrar minha chave PIX pra deposito da erro dizendo chave invalida, mas é uma chave que uso normalmente em outros apps",Medium,Resolved,qm:96e3bf0d-beea-4cd2-bca9-568ee30412d2:e145fbce-fd98-4ca0-8b5b-23769ae5f2ad,maximilianojavierjulio@gmail.com,Portal Tokenia,Service Request,Operações de compra/venda fiat,11/May/24 4:27 AM,"11/May/24 5:59 AM;maximilianojavierjulio@gmail.com;Olá! Poderia me informar qual tipo de chave está tentando cadastrar (CPF, e-mail, celular ou aleatória) e se ela está vinculada ao mesmo CPF da sua conta na Tokenia?","11/May/24 6:50 AM;qm:96e3bf0d-beea-4cd2-bca9-568ee30412d2:e145fbce-fd98-4ca0-8b5b-23769ae5f2ad;é a chave celular, e sim, ta no meu cpf",11/May/24 7:15 AM;maximilianojavierjulio@gmail.com;Entendido. Às vezes a formatação do número precisa incluir o DDI +55 antes do DDD. Pode tentar cadastrar assim: +55 seguido do seu número completo?,"11/May/24 8:07 AM;qm:96e3bf0d-beea-4cd2-bca9-568ee30412d2:e145fbce-fd98-4ca0-8b5b-23769ae5f2ad;funcionou dessa forma, obrigado pela dica",,
posso cancelar um saque depois de solicitado,"pedi um saque em reais mas queria cancelar porque decidi usar o valor pra comprar mais cripto, ainda da tempo?",Medium,Resolved,qm:96e3bf0d-beea-4cd2-bca9-568ee30412d2:e145fbce-fd98-4ca0-8b5b-23769ae5f2ad,maximilianojavierjulio@gmail.com,Tokenia Email,General request,Depósitos e saques,19/Jun/24 10:04 PM,"19/Jun/24 10:31 PM;maximilianojavierjulio@gmail.com;Olá! Verificamos que seu saque ainda está na fase de processamento inicial, então conseguimos cancelá-lo para você agora. O valor volta a ficar disponível no seu saldo em reais.","19/Jun/24 10:56 PM;qm:96e3bf0d-beea-4cd2-bca9-568ee30412d2:e145fbce-fd98-4ca0-8b5b-23769ae5f2ad;perfeito, era isso que eu precisava. obrigado",,,,
quanto tempo demora um saque via TED,"prefiro sacar via TED em vez de PIX, queria saber quanto tempo costuma demorar",Low,Resolved,qm:96e3bf0d-beea-4cd2-bca9-568ee30412d2:98550bc5-9bb9-469f-b7d4-4756a5f09e88,maxi220julio@gmail.com,Tokenia App,Service Request,Depósitos e saques,17/Jul/25 6:08 PM,"18/Jul/25 12:16 AM;maxi220julio@gmail.com;Olá! Saques via TED costumam ser processados em até 1 dia útil, dependendo do horário da solicitação e do banco de destino. O PIX costuma ser bem mais rápido, geralmente em minutos, caso prefira agilidade.","18/Jul/25 12:25 AM;qm:96e3bf0d-beea-4cd2-bca9-568ee30412d2:98550bc5-9bb9-469f-b7d4-4756a5f09e88;entendi, acho que vou de PIX entao. obrigado",,,,
deposito de USDC não foi reconhecido,"depositei 50 USDC via rede polygon mas o saldo nao apareceu, ja tem mais de uma hora",High,Resolved,qm:96e3bf0d-beea-4cd2-bca9-568ee30412d2:98550bc5-9bb9-469f-b7d4-4756a5f09e88,maxi220julio@gmail.com,Portal Tokenia,Service Request,Depósitos e saques,22/Jan/25 6:00 PM,"22/Jan/25 6:59 PM;maxi220julio@gmail.com;Olá! Poderia me confirmar se a rede Polygon é suportada para depósitos de USDC na sua tela, e me enviar o hash da transação para verificarmos?","22/Jan/25 7:31 PM;qm:96e3bf0d-beea-4cd2-bca9-568ee30412d2:98550bc5-9bb9-469f-b7d4-4756a5f09e88;aqui só tinha ERC20 e TRC20 pra USDC, acho que enviei pela rede errada entao","22/Jan/25 8:59 PM;maxi220julio@gmail.com;Entendido, isso explica o ocorrido. Vamos verificar se é possível localizar e recuperar essa transação manualmente. Pode me confirmar o hash e o endereço de destino que usou?","22/Jan/25 10:07 PM;qm:96e3bf0d-beea-4cd2-bca9-568ee30412d2:98550bc5-9bb9-469f-b7d4-4756a5f09e88;claro, te mando agora",,
quero desativar notificações de login por email,"toda vez que entro na conta recebo um email avisando, queria desativar isso porque acho desnecessario",Medium,Resolved,qm:96e3bf0d-beea-4cd2-bca9-568ee30412d2:bc0cf60c-4d7c-44c5-b1c0-9ddfc9a18eb2,maximilianojavierjulio@gmail.com,Tokenia Web,Service Request,Segurança da conta,8/Oct/24 10:38 PM,"8/Oct/24 11:37 PM;maximilianojavierjulio@gmail.com;Olá! Entendo, mas por questões de segurança recomendamos manter essa notificação ativa, já que ela ajuda a identificar acessos não autorizados rapidamente. Ainda assim, é possível desativar em Configurações > Notificações > Alertas de login, se preferir.","9/Oct/24 12:15 AM;qm:96e3bf0d-beea-4cd2-bca9-568ee30412d2:bc0cf60c-4d7c-44c5-b1c0-9ddfc9a18eb2;entendi o motivo, mas vou desativar mesmo assim. obrigado",,,,
recebi email suspeito pedindo pra confirmar meus dados,"recebi um email meio estranho da tokenia pedindo pra eu confirmar senha e dados do cartão, isso é real?",High,Resolved,qm:96e3bf0d-beea-4cd2-bca9-568ee30412d2:3b3304dc-2f4a-4a0c-94fd-cfc9d201d002,maximilianojavierjulio@gmail.com,Tokenia Web,Service Request,Segurança da conta,14/Sep/25 8:12 AM,"14/Sep/25 8:24 AM;maximilianojavierjulio@gmail.com;Olá! Que bom que nos procurou antes de clicar em qualquer link. Esse e-mail não é da Tokenia — nós nunca solicitamos senha, código de verificação ou dados de cartão por e-mail. Recomendamos não clicar em nenhum link e apagar essa mensagem.","14/Sep/25 9:23 AM;qm:96e3bf0d-beea-4cd2-bca9-568ee30412d2:3b3304dc-2f4a-4a0c-94fd-cfc9d201d002;que bom que perguntei entao, ia quase clicar","14/Sep/25 10:44 AM;maximilianojavierjulio@gmail.com;Fez muito bem em checar! Se quiser, pode encaminhar esse e-mail pra nós para registrarmos o caso e ajudar a alertar outros usuários.","14/Sep/25 10:57 AM;qm:96e3bf0d-beea-4cd2-bca9-568ee30412d2:3b3304dc-2f4a-4a0c-94fd-cfc9d201d002;vou encaminhar sim, obrigado pela atenção",,
endereço de deposito expira depois de um tempo,"gerei um endereço de deposito de bitcoin faz uns meses, ele ainda é valido ou preciso gerar um novo",Medium,Resolved,qm:96e3bf0d-beea-4cd2-bca9-568ee30412d2:98550bc5-9bb9-469f-b7d4-4756a5f09e88,maximilianojavierjulio@gmail.com,Tokenia Web,Service Request,Carteira e endereços,31/May/26 10:48 PM,"1/Jun/26 4:52 AM;maximilianojavierjulio@gmail.com;Olá! Endereços de depósito gerados na Tokenia não expiram, então esse mesmo endereço continua válido para novos depósitos a qualquer momento.","1/Jun/26 5:11 AM;qm:96e3bf0d-beea-4cd2-bca9-568ee30412d2:98550bc5-9bb9-469f-b7d4-4756a5f09e88;que bom, nao vou precisar gerar outro entao. obrigado",,,,
a Tokenia tem programa de afiliados pra criadores de conteudo,"sou criador de conteudo sobre criptomoedas, queria saber se voces tem algum programa de parceria alem do indique e ganhe normal",Low,Resolved,qm:96e3bf0d-beea-4cd2-bca9-568ee30412d2:ebdc7d4f-7a89-4bb1-a131-b652ee3ba99b,maxi220julio@gmail.com,Tokenia Email,General request,Informações e dúvidas gerais,21/Aug/24 6:57 AM,"21/Aug/24 5:18 PM;maxi220julio@gmail.com;Olá! Temos sim um programa de parcerias voltado para criadores de conteúdo, com condições diferenciadas. Para participar, você pode preencher o formulário disponível na seção 'Parcerias' do nosso site institucional.","21/Aug/24 6:27 PM;qm:96e3bf0d-beea-4cd2-bca9-568ee30412d2:ebdc7d4f-7a89-4bb1-a131-b652ee3ba99b;legal, vou preencher o formulario. obrigado pela informação",,,,
existe desconto na taxa pra quem opera muito volume,"opero um volume razoavel todo mes, tem algum desconto na taxa pra usuarios mais ativos",Medium,Resolved,qm:96e3bf0d-beea-4cd2-bca9-568ee30412d2:c76e25ce-1103-4288-a853-a756f7dcaabf,maxyjulio18@gmail.com,Tokenia Email,General request,Tarifas e comissões,28/Apr/26 3:02 PM,"28/Apr/26 5:30 PM;maxyjulio18@gmail.com;Olá! Sim, temos um programa de taxas escalonadas por volume mensal negociado. Usuários com maior volume de operações podem solicitar uma análise para taxas reduzidas através do nosso time de relacionamento.","28/Apr/26 6:42 PM;qm:96e3bf0d-beea-4cd2-bca9-568ee30412d2:c76e25ce-1103-4288-a853-a756f7dcaabf;legal, como faço pra solicitar essa analise",28/Apr/26 6:47 PM;maxyjulio18@gmail.com;Basta enviar um e-mail para o setor de relacionamento com seu volume médio mensal que eles avaliam a elegibilidade e retornam com uma proposta.,"28/Apr/26 8:08 PM;qm:96e3bf0d-beea-4cd2-bca9-568ee30412d2:c76e25ce-1103-4288-a853-a756f7dcaabf;vou enviar entao, obrigado pela orientação",,
app trava toda vez que tento fazer login,"desde a ultima atualização o app trava e fecha assim que eu coloco email e senha, nao consigo nem entrar",High,Escalated,qm:96e3bf0d-beea-4cd2-bca9-568ee30412d2:b7a06e76-4e6b-48b6-a6c2-1f5297504226,maxyjulio18@gmail.com,Portal Tokenia,Service Request,Problemas técnicos do app/site,15/Sep/25 8:54 PM,"15/Sep/25 10:13 PM;maxyjulio18@gmail.com;Olá, sentimos muito pelo transtorno. Já identificamos relatos parecidos após a última atualização e vou escalar seu caso para nosso time técnico priorizar uma correção. Enquanto isso, você consegue acessar sua conta pela versão web?","15/Sep/25 10:25 PM;qm:96e3bf0d-beea-4cd2-bca9-568ee30412d2:b7a06e76-4e6b-48b6-a6c2-1f5297504226;consegui pelo site, mas prefiro usar o app no dia a dia","15/Sep/25 11:00 PM;maxyjulio18@gmail.com;Entendemos a preferência. Assim que o time técnico lançar a correção, vamos te avisar por aqui para atualizar o aplicativo.",,,
minha conta esta marcada como restrita sem eu saber o motivo,"entrei hoje e vi um aviso de conta restrita no topo do app, nao fiz nada de diferente do normal",Medium,Resolved,qm:96e3bf0d-beea-4cd2-bca9-568ee30412d2:74b34d2b-8c7a-4390-a0d5-6fe51576bcc9,maxyjulio18@gmail.com,Portal Tokenia,Service Request,Limites e restrições,2/May/25 5:50 AM,"2/May/25 9:36 AM;maxyjulio18@gmail.com;Olá! Verificamos aqui e a restrição foi aplicada por um padrão de segurança automático, sem indício de irregularidade na sua conta. Já removemos a restrição.","2/May/25 10:56 AM;qm:96e3bf0d-beea-4cd2-bca9-568ee30412d2:74b34d2b-8c7a-4390-a0d5-6fe51576bcc9;que bom, ja sumiu o aviso aqui tambem. obrigado",,,,
preciso de limite maior pra uma operação pontual,vou receber uma quantia grande em cripto de um cliente meu e preciso que meu limite de deposito seja maior por um tempo,High,Waiting for Customer,qm:96e3bf0d-beea-4cd2-bca9-568ee30412d2:1c6c8f3c-0b42-4193-b8f6-814150c2f7da,maxyjulio18@gmail.com,Portal Tokenia,Service Request,Limites e restrições,3/Feb/25 3:24 PM,"3/Feb/25 4:23 PM;maxyjulio18@gmail.com;Olá! Para liberar um limite temporário maior, precisamos que você envie uma justificativa da operação junto com algum documento que comprove a origem do valor. Pode nos enviar isso?","3/Feb/25 5:51 PM;qm:96e3bf0d-beea-4cd2-bca9-568ee30412d2:1c6c8f3c-0b42-4193-b8f6-814150c2f7da;posso enviar o contrato que fiz com esse cliente, serve?","3/Feb/25 7:05 PM;maxyjulio18@gmail.com;Perfeito, esse documento serve. Pode enviar quando puder que já damos andamento na análise.",,,
limite de operações por dia é o mesmo pra todos os usuarios,queria saber se o limite diario de operações muda dependendo do tempo de conta ou é sempre igual,Low,Resolved,qm:96e3bf0d-beea-4cd2-bca9-568ee30412d2:4d958f1b-e893-41fe-b2c5-f0f6163cdd67,maxi220julio@gmail.com,Tokenia Email,General request,Limites e restrições,11/Mar/24 2:17 AM,"11/Mar/24 4:15 AM;maxi220julio@gmail.com;Olá! O limite inicial é o mesmo para todos os usuários verificados. Conforme o histórico de uso da conta se consolida, é possível solicitar aumentos progressivos, mas isso depende de solicitação, não é automático.","11/Mar/24 4:55 AM;qm:96e3bf0d-beea-4cd2-bca9-568ee30412d2:4d958f1b-e893-41fe-b2c5-f0f6163cdd67;entendi, obrigado pela explicação",,,,
conta suspensa completamente sem aviso previo,"de repente minha conta ficou totalmente suspensa, nao consigo nem ver meu saldo, e eu nao fiz nada estranho",Highest,Escalated,qm:96e3bf0d-beea-4cd2-bca9-568ee30412d2:e145fbce-fd98-4ca0-8b5b-23769ae5f2ad,maxi220julio@gmail.com,Portal Tokenia,Service Request,Limites e restrições,23/Jul/24 1:48 AM,"23/Jul/24 1:59 AM;maxi220julio@gmail.com;Olá, entendo sua preocupação. Suspensões completas geralmente exigem uma análise específica do nosso time de compliance. Vou escalar seu caso imediatamente para que revisem o motivo com prioridade.","23/Jul/24 2:37 AM;qm:96e3bf0d-beea-4cd2-bca9-568ee30412d2:e145fbce-fd98-4ca0-8b5b-23769ae5f2ad;por favor, tenho um valor considerável parado ai, preciso de uma resposta","23/Jul/24 2:47 AM;maxi220julio@gmail.com;Compreendo totalmente a urgência da situação. Já sinalizei seu caso como prioritário. Assim que tivermos um retorno do time responsável, entramos em contato por aqui o quanto antes.",,,
solicitei aumento de limite e nao teve resposta,preenchi o formulario de aumento de limite semana passada e ate agora nao recebi retorno nenhum,Medium,Work in Progress,qm:96e3bf0d-beea-4cd2-bca9-568ee30412d2:eb9cbe24-105c-40ed-844a-c2c2ea40c29f,maxyjulio18@gmail.com,Tokenia Web,Service Request,Limites e restrições,1/Jul/24 9:53 AM,1/Jul/24 3:31 PM;maxyjulio18@gmail.com;Olá! Peço desculpas pela demora. Vou verificar o status da sua solicitação junto ao time responsável e te retorno assim que tivermos uma posição.,"1/Jul/24 4:22 PM;qm:96e3bf0d-beea-4cd2-bca9-568ee30412d2:eb9cbe24-105c-40ed-844a-c2c2ea40c29f;ok, fico no aguardo entao",,,,
limite de saque muda conforme o nivel de verificação,"vi que tem niveis diferentes de verificação, isso influencia no limite de saque que eu tenho?",Low,Resolved,qm:96e3bf0d-beea-4cd2-bca9-568ee30412d2:e145fbce-fd98-4ca0-8b5b-23769ae5f2ad,maximilianojavierjulio@gmail.com,Portal Tokenia,Service Request,Limites e restrições,11/May/24 4:27 AM,"11/May/24 7:31 AM;maximilianojavierjulio@gmail.com;Olá! Sim, exatamente. Contas com verificação básica têm limites menores, enquanto verificações mais completas, com comprovação de renda por exemplo, liberam limites maiores de saque.","11/May/24 8:22 AM;qm:96e3bf0d-beea-4cd2-bca9-568ee30412d2:e145fbce-fd98-4ca0-8b5b-23769ae5f2ad;entendi, vou completar minha verificação entao. obrigado",,,,
posso usar passaporte em vez de RG pra verificação,"meu RG esta vencido, posso usar o passaporte pra fazer a verificação de identidade",Medium,Resolved,qm:96e3bf0d-beea-4cd2-bca9-568ee30412d2:8a99a275-7ced-4af7-bae8-9d134b24be3e,maxi220julio@gmail.com,Tokenia App,Service Request,Verificação de identidade,19/Apr/25 5:39 PM,"19/Apr/25 8:11 PM;maxi220julio@gmail.com;Olá! Sim, o passaporte válido é um dos documentos aceitos para verificação, sem problema algum.","19/Apr/25 9:37 PM;qm:96e3bf0d-beea-4cd2-bca9-568ee30412d2:8a99a275-7ced-4af7-bae8-9d134b24be3e;otimo, vou usar ele entao. obrigado",,,,
selfie de verificação sendo recusada repetidamente,"ja tentei tirar a selfie de verificação umas 4 vezes e sempre é recusada, nao sei mais o que fazer",High,Waiting for Customer,qm:96e3bf0d-beea-4cd2-bca9-568ee30412d2:eb9cbe24-105c-40ed-844a-c2c2ea40c29f,maximilianojavierjulio@gmail.com,Tokenia App,Service Request,Verificação de identidade,9/Nov/24 8:05 PM,"9/Nov/24 9:05 PM;maximilianojavierjulio@gmail.com;Olá! Sentimos pela dificuldade. Alguns motivos comuns de recusa são iluminação inadequada, óculos escuros ou o documento não estar totalmente legível na foto. Pode tentar novamente em um ambiente bem iluminado, sem acessórios no rosto e segurando o documento próximo ao peito?",9/Nov/24 9:51 PM;qm:96e3bf0d-beea-4cd2-bca9-568ee30412d2:eb9cbe24-105c-40ed-844a-c2c2ea40c29f;vou tentar seguindo essas dicas e te aviso se der certo,,,,
quanto tempo leva a verificação completa,"vou comecar o processo de verificação agora, queria saber uma estimativa de prazo",Low,Resolved,qm:96e3bf0d-beea-4cd2-bca9-568ee30412d2:4d958f1b-e893-41fe-b2c5-f0f6163cdd67,maxyjulio18@gmail.com,Tokenia Email,General request,Verificação de identidade,14/Nov/25 4:30 AM,"14/Nov/25 12:14 PM;maxyjulio18@gmail.com;Olá! O prazo padrão é de até 48 horas úteis após o envio de todos os documentos solicitados, mas muitas vezes é aprovado bem antes disso.","14/Nov/25 1:42 PM;qm:96e3bf0d-beea-4cd2-bca9-568ee30412d2:4d958f1b-e893-41fe-b2c5-f0f6163cdd67;otimo, vou comecar agora entao. obrigado",,,,
verificação recusada mesmo com documentos corretos,"enviei RG e selfie corretos, tudo legivel, mas mesmo assim foi recusado sem explicação clara",High,Escalated,qm:96e3bf0d-beea-4cd2-bca9-568ee30412d2:98550bc5-9bb9-469f-b7d4-4756a5f09e88,maximilianojavierjulio@gmail.com,Tokenia Web,Service Request,Verificação de identidade,8/Oct/24 10:38 PM,"8/Oct/24 11:00 PM;maximilianojavierjulio@gmail.com;Olá, peço desculpas pelo transtorno. Como os documentos aparentam estar corretos, vou escalar seu caso para uma revisão manual mais detalhada pela nossa equipe de compliance.","8/Oct/24 11:38 PM;qm:96e3bf0d-beea-4cd2-bca9-568ee30412d2:98550bc5-9bb9-469f-b7d4-4756a5f09e88;por favor, ja é a segunda vez que tento e nao entendo o motivo",9/Oct/24 12:57 AM;maximilianojavierjulio@gmail.com;Compreendo a frustração. Nosso time especializado vai analisar seu caso individualmente e retornar com uma explicação clara em até 24 horas úteis.,,,
preciso atualizar meu endereço cadastrado,me mudei recentemente e queria atualizar o endereço que ta no meu cadastro de verificação,Medium,Work in Progress,qm:96e3bf0d-beea-4cd2-bca9-568ee30412d2:bc0cf60c-4d7c-44c5-b1c0-9ddfc9a18eb2,maximilianojavierjulio@gmail.com,Tokenia Web,Service Request,Verificação de identidade,14/Sep/25 8:12 AM,"14/Sep/25 8:46 AM;maximilianojavierjulio@gmail.com;Olá! Para atualizar o endereço, é necessário enviar um comprovante de residência recente em nome do titular da conta. Você pode nos enviar esse documento?",14/Sep/25 9:45 AM;qm:96e3bf0d-beea-4cd2-bca9-568ee30412d2:bc0cf60c-4d7c-44c5-b1c0-9ddfc9a18eb2;vou providenciar e envio em breve,,,,
minha verificação foi aprovada mas ainda aparece pendente no app,recebi email dizendo que fui aprovado na verificação mas no app continua aparecendo como pendente,Medium,Resolved,qm:96e3bf0d-beea-4cd2-bca9-568ee30412d2:1007ee5e-c272-40ae-811d-eed78b3d4e7c,maxi220julio@gmail.com,Tokenia Web,Service Request,Verificação de identidade,26/Feb/26 2:09 AM,26/Feb/26 5:21 AM;maxi220julio@gmail.com;Olá! Verificamos aqui e sua conta já consta como totalmente verificada em nosso sistema. Pode ser um pequeno atraso na atualização visual do app. Você pode tentar fazer logout e login novamente para atualizar?,"26/Feb/26 6:00 AM;qm:96e3bf0d-beea-4cd2-bca9-568ee30412d2:1007ee5e-c272-40ae-811d-eed78b3d4e7c;fiz isso e agora ja aparece verificado, obrigado",,,,
tem aplicativo pra iphone e android,queria saber se o app da tokenia esta disponivel tanto pra iphone quanto pra android,Low,Resolved,qm:96e3bf0d-beea-4cd2-bca9-568ee30412d2:cf6bd68c-2cf4-4fa6-93ba-fc96a0e57143,maxyjulio18@gmail.com,Tokenia Email,General request,Informações e dúvidas gerais,5/Jan/26 9:13 AM,"5/Jan/26 4:47 PM;maxyjulio18@gmail.com;Olá! Sim, temos o aplicativo disponível tanto na App Store para iPhone quanto na Play Store para Android.","5/Jan/26 5:05 PM;qm:96e3bf0d-beea-4cd2-bca9-568ee30412d2:cf6bd68c-2cf4-4fa6-93ba-fc96a0e57143;otimo, vou baixar no meu iphone entao. obrigado",,,,
posso ter mais de uma conta na Tokenia,"queria saber se é permitido ter mais de uma conta, uma pessoal e uma pra investimentos separados",Low,Resolved,qm:96e3bf0d-beea-4cd2-bca9-568ee30412d2:82ce44fa-76c2-43f3-bf42-64a209d1fd28,maximilianojavierjulio@gmail.com,Tokenia App,Service Request,Informações e dúvidas gerais,24/Oct/24 10:15 AM,"24/Oct/24 3:17 PM;maximilianojavierjulio@gmail.com;Olá! Nossa política permite apenas uma conta por CPF, por questões de segurança e conformidade. Mas você pode organizar seus investimentos usando carteiras ou categorias separadas dentro da mesma conta.","24/Oct/24 3:36 PM;qm:96e3bf0d-beea-4cd2-bca9-568ee30412d2:82ce44fa-76c2-43f3-bf42-64a209d1fd28;entendi, vou organizar por dentro entao. obrigado",,,,
como funciona a declaração de imposto de renda das operações,opero bastante na plataforma e queria entender se voces fornecem algum relatorio pra declaração de imposto de renda,Medium,Resolved,qm:96e3bf0d-beea-4cd2-bca9-568ee30412d2:bc0cf60c-4d7c-44c5-b1c0-9ddfc9a18eb2,maxi220julio@gmail.com,Tokenia App,Service Request,Informações e dúvidas gerais,29/May/24 11:36 PM,"30/May/24 1:47 AM;maxi220julio@gmail.com;Olá! Sim, disponibilizamos um relatório anual consolidado de operações na seção 'Relatórios' do seu perfil, que pode ser usado como base para sua declaração. Recomendamos consultar um contador para orientação específica sobre tributação de criptoativos.","30/May/24 2:54 AM;qm:96e3bf0d-beea-4cd2-bca9-568ee30412d2:bc0cf60c-4d7c-44c5-b1c0-9ddfc9a18eb2;perfeito, vou baixar esse relatorio. obrigado pela informação",,,,
queria sugerir a inclusão de uma nova criptomoeda,"uso bastante uma cripto que nao ta disponivel na plataforma de voces, tem como sugerir a inclusão dela",Low,Waiting for Agent,qm:96e3bf0d-beea-4cd2-bca9-568ee30412d2:ebdc7d4f-7a89-4bb1-a131-b652ee3ba99b,maximilianojavierjulio@gmail.com,Tokenia App,Service Request,Informações e dúvidas gerais,16/Sep/24 10:46 AM,"16/Sep/24 3:07 PM;qm:96e3bf0d-beea-4cd2-bca9-568ee30412d2:ebdc7d4f-7a89-4bb1-a131-b652ee3ba99b;boa tarde, gostaria de sugerir a listagem de uma criptomoeda que nao encontrei na plataforma, como faço isso",,,,,
onde encontro os termos de uso atualizados,queria ler os termos de uso completos da plataforma antes de continuar operando,Low,Resolved,qm:96e3bf0d-beea-4cd2-bca9-568ee30412d2:8a0ee7d5-029c-4a08-a42f-b06768b64927,maximilianojavierjulio@gmail.com,Tokenia App,Service Request,Informações e dúvidas gerais,28/Jun/25 5:37 AM,"28/Jun/25 11:10 AM;maximilianojavierjulio@gmail.com;Olá! Os termos de uso atualizados estão disponíveis no rodapé do nosso site institucional, na seção 'Termos e Políticas'.","28/Jun/25 12:21 PM;qm:96e3bf0d-beea-4cd2-bca9-568ee30412d2:8a0ee7d5-029c-4a08-a42f-b06768b64927;achei, obrigado pela indicação",,,,
a taxa muda dependendo do valor da operação,queria saber se a taxa de 1% é fixa ou se muda conforme eu opero valores maiores,Medium,Resolved,qm:96e3bf0d-beea-4cd2-bca9-568ee30412d2:ed04d6ae-f36e-4f44-ba75-dad36ede95b7,maxyjulio18@gmail.com,Tokenia App,Service Request,Tarifas e comissões,8/Jun/24 11:03 AM,"8/Jun/24 1:20 PM;maxyjulio18@gmail.com;Olá! Para a maioria dos usuários a taxa é fixa em 1%, independente do valor. Reduções são aplicadas apenas em casos de alto volume mensal negociado com nosso time de relacionamento.","8/Jun/24 1:53 PM;qm:96e3bf0d-beea-4cd2-bca9-568ee30412d2:ed04d6ae-f36e-4f44-ba75-dad36ede95b7;entendi, obrigado pela explicação",,,,
fui cobrado duas vezes pela mesma operação,fiz uma compra de ETH e no extrato apareceu a taxa cobrada duas vezes pro mesmo horario e valor,High,Escalated,qm:96e3bf0d-beea-4cd2-bca9-568ee30412d2:1007ee5e-c272-40ae-811d-eed78b3d4e7c,maximilianojavierjulio@gmail.com,Portal Tokenia,Service Request,Tarifas e comissões,19/Feb/25 3:34 PM,"19/Feb/25 11:42 PM;maximilianojavierjulio@gmail.com;Olá, obrigado por reportar. Uma cobrança duplicada é uma situação séria que precisa de análise financeira detalhada. Vou escalar seu caso agora mesmo para o time responsável verificar.","20/Feb/25 12:29 AM;qm:96e3bf0d-beea-4cd2-bca9-568ee30412d2:1007ee5e-c272-40ae-811d-eed78b3d4e7c;por favor, preciso do reembolso caso confirme o erro","20/Feb/25 12:43 AM;maximilianojavierjulio@gmail.com;Entendido. Caso a duplicidade seja confirmada, o valor cobrado indevidamente será estornado integralmente. Vamos te atualizar assim que a análise for concluída.",,,
tem taxa pra transferir cripto entre usuarios da Tokenia,queria saber se tem alguma taxa quando mando cripto pra outro usuario que tambem tem conta na Tokenia,Low,Resolved,qm:96e3bf0d-beea-4cd2-bca9-568ee30412d2:4d958f1b-e893-41fe-b2c5-f0f6163cdd67,maxi220julio@gmail.com,Tokenia Web,Service Request,Tarifas e comissões,27/Jan/25 7:19 PM,"27/Jan/25 11:49 PM;maxi220julio@gmail.com;Olá! Transferências entre usuários dentro da Tokenia são gratuitas, sem taxa de rede nem taxa de serviço.","28/Jan/25 12:54 AM;qm:96e3bf0d-beea-4cd2-bca9-568ee30412d2:4d958f1b-e893-41fe-b2c5-f0f6163cdd67;que bom, obrigado pela informação",,,,
acho que a taxa de saque em cripto esta muito alta hoje,"fui sacar USDT e a taxa de rede sugerida estava bem mais alta que o normal, isso é a Tokenia cobrando mais",Medium,Work in Progress,qm:96e3bf0d-beea-4cd2-bca9-568ee30412d2:e145fbce-fd98-4ca0-8b5b-23769ae5f2ad,maxyjulio18@gmail.com,Portal Tokenia,Service Request,Tarifas e comissões,30/Dec/25 2:45 PM,"30/Dec/25 3:39 PM;maxyjulio18@gmail.com;Olá! A taxa de rede exibida reflete o valor cobrado pela própria blockchain no momento, que pode variar bastante conforme o congestionamento da rede, e não é definida pela Tokenia. Vamos verificar o horário que você tentou pra confirmar se estava dentro do esperado.",30/Dec/25 3:50 PM;qm:96e3bf0d-beea-4cd2-bca9-568ee30412d2:e145fbce-fd98-4ca0-8b5b-23769ae5f2ad;foi por volta das 19h de hoje,,,,
qual a taxa de saque de bitcoin pra carteira externa,queria saber quanto custa em media sacar bitcoin pra uma carteira fora da Tokenia,Low,Resolved,qm:96e3bf0d-beea-4cd2-bca9-568ee30412d2:74b34d2b-8c7a-4390-a0d5-6fe51576bcc9,maxyjulio18@gmail.com,Portal Tokenia,Service Request,Tarifas e comissões,16/Nov/25 10:48 AM,"16/Nov/25 4:47 PM;maxyjulio18@gmail.com;Olá! A taxa de saque de Bitcoin corresponde à taxa de rede vigente no momento da transação, exibida antes de você confirmar o saque, então pode variar um pouco ao longo do dia.","16/Nov/25 5:16 PM;qm:96e3bf0d-beea-4cd2-bca9-568ee30412d2:74b34d2b-8c7a-4390-a0d5-6fe51576bcc9;entendi, obrigado pela explicação",,,,
posso acessar a conta de mais de um dispositivo ao mesmo tempo,"uso a conta no celular e no computador, isso pode dar algum problema de acesso",Medium,Resolved,qm:96e3bf0d-beea-4cd2-bca9-568ee30412d2:eb9cbe24-105c-40ed-844a-c2c2ea40c29f,maxi220julio@gmail.com,Tokenia App,Service Request,Acesso e autenticação,16/Dec/25 8:53 AM,16/Dec/25 10:16 AM;maxi220julio@gmail.com;Olá! Não há problema em acessar sua conta de múltiplos dispositivos simultaneamente. Você pode acompanhar todas as sessões ativas na seção de segurança do seu perfil.,"16/Dec/25 10:30 AM;qm:96e3bf0d-beea-4cd2-bca9-568ee30412d2:eb9cbe24-105c-40ed-844a-c2c2ea40c29f;que bom, obrigado pela informação",,,,
queria trocar o metodo de 2FA mas desisti,ia trocar meu metodo de autenticação de dois fatores mas percebi que nao precisava mais,Low,Canceled,qm:96e3bf0d-beea-4cd2-bca9-568ee30412d2:9e1ed28d-2f8a-4bda-a163-752da5ee08d8,maximilianojavierjulio@gmail.com,Portal Tokenia,Service Request,Acesso e autenticação,18/May/24 2:04 PM,"18/May/24 6:16 PM;maximilianojavierjulio@gmail.com;Olá! Sem problemas, ficamos à disposição caso mude de ideia no futuro.",,,,,
"não consigo entrar de jeito nenhum, ja tentei tudo","ja tentei redefinir senha, tentei o 2FA, nada funciona, minha conta parece completamente travada",Highest,Escalated,qm:96e3bf0d-beea-4cd2-bca9-568ee30412d2:8a0ee7d5-029c-4a08-a42f-b06768b64927,maxyjulio18@gmail.com,Tokenia App,Service Request,Acesso e autenticação,22/Nov/25 8:12 AM,"22/Nov/25 8:20 AM;maxyjulio18@gmail.com;Olá, sentimos muito pela situação. Como já tentou os procedimentos padrão sem sucesso, vou escalar seu caso para nosso time técnico especializado investigar o que está impedindo o acesso.","22/Nov/25 8:32 AM;qm:96e3bf0d-beea-4cd2-bca9-568ee30412d2:8a0ee7d5-029c-4a08-a42f-b06768b64927;por favor, preciso urgente entrar na minha conta","22/Nov/25 8:58 AM;maxyjulio18@gmail.com;Entendemos a urgência. Já priorizei seu atendimento. Nosso time vai analisar os logs da sua conta e retornar com uma solução o quanto antes, normalmente em algumas horas.",,,
posso comprar fração de bitcoin,"nao tenho dinheiro pra comprar um bitcoin inteiro, da pra comprar so uma fração dele",Medium,Resolved,qm:96e3bf0d-beea-4cd2-bca9-568ee30412d2:9c34e718-8ff6-4bf1-b378-04f3dfd6d4b6,maxi220julio@gmail.com,Tokenia Email,General request,Operações de compra/venda cripto,5/Feb/26 7:56 PM,"6/Feb/26 12:44 AM;maxi220julio@gmail.com;Olá! Sim, você pode comprar frações de Bitcoin, a partir do valor mínimo de R$10 por operação. Não é necessário comprar a unidade inteira.","6/Feb/26 2:00 AM;qm:96e3bf0d-beea-4cd2-bca9-568ee30412d2:9c34e718-8ff6-4bf1-b378-04f3dfd6d4b6;que bom, vou comecar comprando um valor pequeno entao. obrigado",,,,
minha ordem ficou presa em processando por horas,fiz uma ordem de compra de ethereum e ela ficou travada em status processando ha mais de 3 horas,High,Work in Progress,qm:96e3bf0d-beea-4cd2-bca9-568ee30412d2:7c253ab9-2d35-4a94-8bdc-a3901c3156f8,maxi220julio@gmail.com,Tokenia App,Service Request,Operações de compra/venda cripto,20/Dec/24 11:54 PM,"21/Dec/24 12:49 AM;maxi220julio@gmail.com;Olá, obrigado por reportar. Identificamos uma lentidão pontual no processamento de algumas ordens hoje e nosso time técnico já está atuando na correção. Vamos acompanhar sua ordem especificamente e te atualizar em breve.","21/Dec/24 1:01 AM;qm:96e3bf0d-beea-4cd2-bca9-568ee30412d2:7c253ab9-2d35-4a94-8bdc-a3901c3156f8;ok, fico no aguardo entao",,,,
existe valor maximo pra uma unica compra,"queria fazer uma compra grande de uma vez, tem algum teto maximo por operação",Low,Resolved,qm:96e3bf0d-beea-4cd2-bca9-568ee30412d2:90ddc072-98d5-472a-8bd1-0e91d161e3ed,maxi220julio@gmail.com,Tokenia App,Service Request,Operações de compra/venda cripto,28/May/24 8:37 AM,"28/May/24 10:46 AM;maxi220julio@gmail.com;Olá! Não existe um valor máximo fixo por operação individual, mas seu limite diário total continua se aplicando normalmente.","28/May/24 12:07 PM;qm:96e3bf0d-beea-4cd2-bca9-568ee30412d2:90ddc072-98d5-472a-8bd1-0e91d161e3ed;entendi, obrigado pela informação",,,,
conversão de dolar pra real ficou travada,tentei converter um saldo em dolar pra reais e a operação ficou parada em andamento por bastante tempo,High,Resolved,qm:96e3bf0d-beea-4cd2-bca9-568ee30412d2:806cb782-ea88-4c57-b1ad-9d5a2e5efab3,maxyjulio18@gmail.com,Tokenia Web,Service Request,Operações de compra/venda fiat,3/Sep/24 5:41 AM,3/Sep/24 6:35 AM;maxyjulio18@gmail.com;Olá! Verificamos sua operação e identificamos uma instabilidade pontual no serviço de câmbio interno naquele horário. Já foi normalizado e sua conversão foi concluída com sucesso.,"3/Sep/24 6:45 AM;qm:96e3bf0d-beea-4cd2-bca9-568ee30412d2:806cb782-ea88-4c57-b1ad-9d5a2e5efab3;confirmei aqui, ja apareceu o saldo em reais. obrigado",,,,
quero entender a diferença entre saldo fiat e saldo cripto,vi que tenho duas abas separadas de saldo e nao entendi bem a diferença entre elas,Medium,Waiting for Customer,qm:96e3bf0d-beea-4cd2-bca9-568ee30412d2:1007ee5e-c272-40ae-811d-eed78b3d4e7c,maxi220julio@gmail.com,Tokenia Email,General request,Operações de compra/venda fiat,10/Apr/25 2:02 AM,"10/Apr/25 4:50 AM;maxi220julio@gmail.com;Olá! O saldo fiat corresponde ao dinheiro em reais (ou outras moedas fiduciárias) disponível na sua conta, enquanto o saldo cripto reúne suas criptomoedas. Você poderia me dizer qual ação específica está tentando fazer para eu te orientar melhor?","10/Apr/25 5:45 AM;qm:96e3bf0d-beea-4cd2-bca9-568ee30412d2:1007ee5e-c272-40ae-811d-eed78b3d4e7c;queria fazer um saque, vou verificar em qual aba ta o valor certo",,,,
posso agendar uma compra recorrente em reais,"queria configurar uma compra automatica toda semana usando meu saldo em reais, isso é possivel",Medium,Resolved,qm:96e3bf0d-beea-4cd2-bca9-568ee30412d2:806cb782-ea88-4c57-b1ad-9d5a2e5efab3,maximilianojavierjulio@gmail.com,Tokenia Email,General request,Operações de compra/venda fiat,9/Feb/26 6:34 AM,"9/Feb/26 9:20 AM;maximilianojavierjulio@gmail.com;Olá! Sim, é possível configurar compras recorrentes na seção 'Investimento programado', escolhendo a criptomoeda, o valor e a frequência desejada.","9/Feb/26 10:23 AM;qm:96e3bf0d-beea-4cd2-bca9-568ee30412d2:806cb782-ea88-4c57-b1ad-9d5a2e5efab3;perfeito, vou configurar agora. obrigado",,,,
saque de cripto não chegou na carteira externa,"saquei 0.05 BTC pra minha carteira externa ha 5 horas e ainda nao apareceu, o status continua processando",High,Escalated,qm:96e3bf0d-beea-4cd2-bca9-568ee30412d2:90ddc072-98d5-472a-8bd1-0e91d161e3ed,maxyjulio18@gmail.com,Portal Tokenia,Service Request,Depósitos e saques,14/Jun/26 4:27 AM,"14/Jun/26 5:04 AM;maxyjulio18@gmail.com;Olá, entendo a preocupação com esse tempo de espera. Vou escalar seu caso para nosso time técnico verificar o status da transação diretamente na blockchain.","14/Jun/26 6:18 AM;qm:96e3bf0d-beea-4cd2-bca9-568ee30412d2:90ddc072-98d5-472a-8bd1-0e91d161e3ed;por favor, é um valor importante pra mim","14/Jun/26 7:01 AM;maxyjulio18@gmail.com;Compreendo totalmente. Já priorizamos a análise. Assim que localizarmos informações sobre a transação, entramos em contato com você.",,,
posso fazer varios depositos no mesmo dia,"queria fazer alguns depositos pequenos ao longo do dia em vez de um so grande, isso é permitido",Medium,Resolved,qm:96e3bf0d-beea-4cd2-bca9-568ee30412d2:9e1ed28d-2f8a-4bda-a163-752da5ee08d8,maximilianojavierjulio@gmail.com,Portal Tokenia,Service Request,Depósitos e saques,10/Jul/26 1:04 PM,"10/Jul/26 1:45 PM;maximilianojavierjulio@gmail.com;Olá! Sim, você pode realizar quantos depósitos quiser ao longo do dia, respeitando apenas o limite diário total da sua conta.","10/Jul/26 2:24 PM;qm:96e3bf0d-beea-4cd2-bca9-568ee30412d2:9e1ed28d-2f8a-4bda-a163-752da5ee08d8;entendi, obrigado pela confirmação",,,,
quero configurar uma senha adicional so pra saques,"vi em outro app que da pra colocar uma senha extra so pra confirmar saques, aqui na Tokenia tem isso",High,Resolved,qm:96e3bf0d-beea-4cd2-bca9-568ee30412d2:5705c77d-869a-4f2d-b789-7fe84a892889,maxyjulio18@gmail.com,Tokenia Email,General request,Segurança da conta,11/Jan/25 6:39 AM,"11/Jan/25 8:25 AM;maxyjulio18@gmail.com;Olá! Sim, você pode ativar a confirmação adicional para saques em Configurações > Segurança > Confirmação de saque, que vai pedir uma verificação extra sempre que uma solicitação de saque for feita.","11/Jan/25 9:02 AM;qm:96e3bf0d-beea-4cd2-bca9-568ee30412d2:5705c77d-869a-4f2d-b789-7fe84a892889;otimo, vou ativar agora mesmo. obrigado",,,,
quero entender melhor as opções de segurança disponiveis,vi que tem varias opções na aba de segurança e queria uma explicação geral de cada uma antes de configurar,Medium,Waiting for Agent,qm:96e3bf0d-beea-4cd2-bca9-568ee30412d2:1007ee5e-c272-40ae-811d-eed78b3d4e7c,maximilianojavierjulio@gmail.com,Tokenia Web,Service Request,Segurança da conta,4/May/25 7:23 PM,"6/May/25 12:09 AM;qm:96e3bf0d-beea-4cd2-bca9-568ee30412d2:1007ee5e-c272-40ae-811d-eed78b3d4e7c;boa tarde, vi varias opções na aba de segurança do app e queria entender melhor cada uma antes de mexer",,,,,
como sei qual é a rede correta pra sacar minha cripto,"vou sacar USDT pra uma carteira externa mas nao sei qual rede escolher, tem varias opções",Medium,Resolved,qm:96e3bf0d-beea-4cd2-bca9-568ee30412d2:74b34d2b-8c7a-4390-a0d5-6fe51576bcc9,maxi220julio@gmail.com,Tokenia App,Service Request,Carteira e endereços,16/Jan/26 8:49 AM,16/Jan/26 10:38 AM;maxi220julio@gmail.com;Olá! A rede escolhida no saque precisa ser exatamente a mesma suportada pela sua carteira de destino. Você pode verificar isso diretamente no aplicativo da sua carteira externa antes de confirmar o saque aqui.,16/Jan/26 10:52 AM;qm:96e3bf0d-beea-4cd2-bca9-568ee30412d2:74b34d2b-8c7a-4390-a0d5-6fe51576bcc9;vou verificar la e volto pra fazer o saque certo. obrigado,,,,
queria gerar um novo endereço mas desisti,ia gerar um novo endereço de deposito mas percebi que ja tinha um valido,Low,Canceled,qm:96e3bf0d-beea-4cd2-bca9-568ee30412d2:eb9cbe24-105c-40ed-844a-c2c2ea40c29f,maxyjulio18@gmail.com,Tokenia Email,General request,Carteira e endereços,7/Jul/26 7:37 AM,"7/Jul/26 9:42 AM;maxyjulio18@gmail.com;Olá! Sem problemas, seu endereço atual continua válido para novos depósitos a qualquer momento.",,,,,
grafico de precos nao atualiza em tempo real,"o grafico de bitcoin fica parado, so atualiza quando eu saio e entro de novo na tela",Medium,Resolved,qm:96e3bf0d-beea-4cd2-bca9-568ee30412d2:bc0cf60c-4d7c-44c5-b1c0-9ddfc9a18eb2,maxi220julio@gmail.com,Tokenia App,Service Request,Problemas técnicos do app/site,23/Mar/25 3:08 PM,23/Mar/25 4:28 PM;maxi220julio@gmail.com;Olá! Obrigado por reportar. Você pode tentar verificar se está com a versão mais recente do app instalada? Corrigimos uma instabilidade parecida em uma atualização recente.,"23/Mar/25 5:25 PM;qm:96e3bf0d-beea-4cd2-bca9-568ee30412d2:bc0cf60c-4d7c-44c5-b1c0-9ddfc9a18eb2;atualizei o app e agora o grafico ta atualizando normal, obrigado",,,,
não consigo fazer upload de documentos pelo site,tento anexar meus documentos de verificação pelo site mas o botao de upload nao responde,High,Work in Progress,qm:96e3bf0d-beea-4cd2-bca9-568ee30412d2:dcd8d81d-4933-40c2-b3f2-7d9c8757ab99,maxyjulio18@gmail.com,Tokenia App,Service Request,Problemas técnicos do app/site,8/Nov/24 10:30 AM,"8/Nov/24 11:44 AM;maxyjulio18@gmail.com;Olá, obrigado por avisar. Já identificamos outros relatos parecidos com o upload pelo site e nosso time técnico está investigando. Enquanto isso, você conseguiria tentar enviar os documentos pelo aplicativo mobile?",8/Nov/24 12:02 PM;qm:96e3bf0d-beea-4cd2-bca9-568ee30412d2:dcd8d81d-4933-40c2-b3f2-7d9c8757ab99;vou tentar pelo app agora,,,,
app ficou completamente fora do ar por um tempo,"o app nao abria de jeito nenhum hoje de manha, ficava so carregando e travava, fiquei preocupado com meu saldo",Highest,Resolved,qm:96e3bf0d-beea-4cd2-bca9-568ee30412d2:e6f6df0e-e5ea-45cc-b313-3724b1a6b631,maxyjulio18@gmail.com,Tokenia Web,Service Request,Problemas técnicos do app/site,9/Feb/25 12:55 PM,"9/Feb/25 1:27 PM;maxyjulio18@gmail.com;Olá, pedimos desculpas pelo transtorno. Tivemos uma instabilidade pontual em nossos servidores hoje de manhã, já totalmente normalizada. Seu saldo e histórico não foram afetados em nenhum momento.","9/Feb/25 2:01 PM;qm:96e3bf0d-beea-4cd2-bca9-568ee30412d2:e6f6df0e-e5ea-45cc-b313-3724b1a6b631;que bom, ja esta abrindo normal aqui agora. obrigado pela explicação",,,,
quero saber se meus dados ficam protegidos na plataforma,sou novo aqui e antes de colocar meus documentos queria entender como voces protegem os dados dos usuarios,Medium,Resolved,qm:96e3bf0d-beea-4cd2-bca9-568ee30412d2:74b34d2b-8c7a-4390-a0d5-6fe51576bcc9,maxyjulio18@gmail.com,Portal Tokenia,Service Request,Segurança da conta,2/May/25 5:50 AM,"2/May/25 9:36 AM;maxyjulio18@gmail.com;Olá! Utilizamos criptografia em todas as etapas de armazenamento e transmissão de dados, além de seguir boas práticas de segurança da informação reconhecidas pelo mercado. Seus documentos ficam armazenados de forma protegida e acessados apenas pela equipe autorizada.","2/May/25 10:56 AM;qm:96e3bf0d-beea-4cd2-bca9-568ee30412d2:74b34d2b-8c7a-4390-a0d5-6fe51576bcc9;que bom, fico mais tranquilo entao. obrigado",,,,
recebi confirmação de troca de senha que eu não fiz,"recebi um email confirmando que minha senha foi alterada mas eu nao mudei nada, fiquei muito preocupado",Highest,Escalated,qm:96e3bf0d-beea-4cd2-bca9-568ee30412d2:1c6c8f3c-0b42-4193-b8f6-814150c2f7da,maxyjulio18@gmail.com,Portal Tokenia,Service Request,Segurança da conta,3/Feb/25 3:24 PM,"3/Feb/25 3:43 PM;maxyjulio18@gmail.com;Olá, agradecemos muito por nos avisar imediatamente. Já bloqueamos sua conta por precaução e vou escalar seu caso agora para nosso time de segurança investigar o que ocorreu.","3/Feb/25 5:11 PM;qm:96e3bf0d-beea-4cd2-bca9-568ee30412d2:1c6c8f3c-0b42-4193-b8f6-814150c2f7da;por favor, preciso entender se alguem acessou minha conta",3/Feb/25 6:25 PM;maxyjulio18@gmail.com;Entendemos a gravidade da situação. Nosso time vai analisar os registros de acesso da sua conta com prioridade máxima e retornar com informações detalhadas em breve.,,,
recomendação de senha forte,queria uma dica de como criar uma senha bem segura pra minha conta,Low,Resolved,qm:96e3bf0d-beea-4cd2-bca9-568ee30412d2:4d958f1b-e893-41fe-b2c5-f0f6163cdd67,maxi220julio@gmail.com,Tokenia Email,General request,Segurança da conta,11/Mar/24 2:17 AM,"11/Mar/24 4:15 AM;maxi220julio@gmail.com;Olá! Recomendamos uma senha com pelo menos 10 caracteres, misturando letras maiúsculas, minúsculas, números e símbolos, evitando dados pessoais óbvios como data de nascimento.","11/Mar/24 4:55 AM;qm:96e3bf0d-beea-4cd2-bca9-568ee30412d2:4d958f1b-e893-41fe-b2c5-f0f6163cdd67;otimo, vou trocar a minha seguindo essas dicas. obrigado",,,,
quero remover um dispositivo antigo da lista de sessões,"vi na lista de sessões ativas um celular antigo que nao uso mais, tentei remover mas nao sai da lista",Medium,Work in Progress,qm:96e3bf0d-beea-4cd2-bca9-568ee30412d2:e145fbce-fd98-4ca0-8b5b-23769ae5f2ad,maxi220julio@gmail.com,Portal Tokenia,Service Request,Segurança da conta,23/Jul/24 1:48 AM,"23/Jul/24 3:20 AM;maxi220julio@gmail.com;Olá, obrigado por reportar. Identificamos uma instabilidade pontual para remover sessões antigas em alguns casos e nosso time técnico já está verificando. Vamos te atualizar assim que for resolvido.","23/Jul/24 3:58 AM;qm:96e3bf0d-beea-4cd2-bca9-568ee30412d2:e145fbce-fd98-4ca0-8b5b-23769ae5f2ad;ok, fico no aguardo entao",,,,
posso ver o saldo de cada criptomoeda separadamente,"queria ver quanto eu tenho de cada cripto separado, nao so o valor total em reais",Medium,Resolved,qm:96e3bf0d-beea-4cd2-bca9-568ee30412d2:dcd8d81d-4933-40c2-b3f2-7d9c8757ab99,maxi220julio@gmail.com,Portal Tokenia,Service Request,Carteira e endereços,10/Oct/25 12:47 AM,"11/Oct/25 2:47 AM;maxi220julio@gmail.com;Olá! Sim, na seção 'Carteira' você encontra o saldo detalhado de cada criptomoeda individualmente, além do valor total convertido em reais.","11/Oct/25 4:12 AM;qm:96e3bf0d-beea-4cd2-bca9-568ee30412d2:dcd8d81d-4933-40c2-b3f2-7d9c8757ab99;achei, era isso mesmo que eu precisava. obrigado",,,,
o endereço de deposito é o mesmo pra todas as redes,queria confirmar se o endereço que eu tenho serve pra qualquer rede ou muda conforme a rede escolhida,Low,Resolved,qm:96e3bf0d-beea-4cd2-bca9-568ee30412d2:bc0cf60c-4d7c-44c5-b1c0-9ddfc9a18eb2,maxi220julio@gmail.com,Tokenia App,Service Request,Carteira e endereços,17/Jun/24 1:12 AM,"17/Jun/24 10:45 PM;maxi220julio@gmail.com;Olá! O endereço muda conforme a rede selecionada. Cada rede (TRC20, ERC20, BEP20 por exemplo) gera um endereço próprio, então é importante sempre conferir qual rede está selecionada antes de depositar.","17/Jun/24 11:27 PM;qm:96e3bf0d-beea-4cd2-bca9-568ee30412d2:bc0cf60c-4d7c-44c5-b1c0-9ddfc9a18eb2;entendi, vou ficar atento a isso. obrigado",,,,
saldo de cripto sumiu da minha carteira sem eu fazer nada,"entrei hoje e o saldo de ethereum que eu tinha simplesmente nao aparece mais, nao fiz nenhuma venda ou saque",High,Escalated,qm:96e3bf0d-beea-4cd2-bca9-568ee30412d2:e6f6df0e-e5ea-45cc-b313-3724b1a6b631,maxyjulio18@gmail.com,Portal Tokenia,Service Request,Carteira e endereços,12/Oct/25 12:07 PM,"12/Oct/25 1:05 PM;maxyjulio18@gmail.com;Olá, entendemos a preocupação. Esse tipo de situação precisa de uma verificação detalhada no histórico da sua conta. Vou escalar seu caso agora para nosso time técnico investigar com prioridade.","12/Oct/25 1:57 PM;qm:96e3bf0d-beea-4cd2-bca9-568ee30412d2:e6f6df0e-e5ea-45cc-b313-3724b1a6b631;por favor, é um valor que eu guardei ha meses",12/Oct/25 2:47 PM;maxyjulio18@gmail.com;Compreendemos totalmente. Vamos analisar todo o histórico de movimentações da sua conta e retornar assim que tivermos uma explicação clara.,,,
quero migrar meu saldo pra uma carteira propria,"estou pensando em tirar parte do meu saldo cripto pra uma carteira propria minha, como devo proceder com seguranca",Medium,Waiting for Customer,qm:96e3bf0d-beea-4cd2-bca9-568ee30412d2:806cb782-ea88-4c57-b1ad-9d5a2e5efab3,maxi220julio@gmail.com,Portal Tokenia,Service Request,Carteira e endereços,21/Nov/24 8:30 PM,21/Nov/24 9:37 PM;maxi220julio@gmail.com;Olá! Recomendamos primeiro confirmar o endereço correto da sua carteira própria e a rede compatível antes de qualquer saque. Você já tem esses dados em mãos ou precisa de orientação para configurar a carteira externa primeiro?,"21/Nov/24 10:16 PM;qm:96e3bf0d-beea-4cd2-bca9-568ee30412d2:806cb782-ea88-4c57-b1ad-9d5a2e5efab3;ainda nao configurei, vou pesquisar sobre isso primeiro e volto aqui",,,,
posso mudar meu nome de usuario,queria saber se da pra trocar o nome de usuario que aparece no meu perfil,Low,Resolved,qm:96e3bf0d-beea-4cd2-bca9-568ee30412d2:7c253ab9-2d35-4a94-8bdc-a3901c3156f8,maximilianojavierjulio@gmail.com,Tokenia App,Service Request,Acesso e autenticação,17/Jul/25 6:08 PM,"18/Jul/25 12:16 AM;maximilianojavierjulio@gmail.com;Olá! Sim, você pode alterar seu nome de exibição em Configurações > Perfil > Editar nome. Essa mudança não afeta seus dados de verificação.","18/Jul/25 12:25 AM;qm:96e3bf0d-beea-4cd2-bca9-568ee30412d2:7c253ab9-2d35-4a94-8bdc-a3901c3156f8;otimo, vou trocar agora. obrigado",,,,
o que fazer se eu esquecer o email cadastrado,"faz tempo que nao acesso, esqueci qual email usei pra me cadastrar na Tokenia",Medium,Resolved,qm:96e3bf0d-beea-4cd2-bca9-568ee30412d2:98550bc5-9bb9-469f-b7d4-4756a5f09e88,maxi220julio@gmail.com,Portal Tokenia,Service Request,Acesso e autenticação,22/Jan/25 6:00 PM,22/Jan/25 8:39 PM;maxi220julio@gmail.com;Olá! Você pode me informar seu nome completo e CPF para localizarmos qual e-mail está associado à sua conta?,"22/Jan/25 9:11 PM;qm:96e3bf0d-beea-4cd2-bca9-568ee30412d2:98550bc5-9bb9-469f-b7d4-4756a5f09e88;claro, te passo os dados aqui","22/Jan/25 10:39 PM;maxi220julio@gmail.com;Localizamos sua conta. Por segurança, vamos enviar uma confirmação para o e-mail cadastrado antes de fornecer qualquer informação adicional.",,,
recebo erro ao tentar entrar mesmo com senha correta,tenho certeza que a senha esta certa mas continua dando erro de credenciais invalidas toda vez que tento entrar,High,Work in Progress,qm:96e3bf0d-beea-4cd2-bca9-568ee30412d2:98550bc5-9bb9-469f-b7d4-4756a5f09e88,maximilianojavierjulio@gmail.com,Tokenia Web,Service Request,Acesso e autenticação,8/Oct/24 10:38 PM,"8/Oct/24 11:00 PM;maximilianojavierjulio@gmail.com;Olá, obrigado por reportar. Identificamos uma instabilidade pontual afetando o login de alguns usuários e nosso time técnico já está atuando na correção. Vamos te avisar assim que for resolvido.","8/Oct/24 11:38 PM;qm:96e3bf0d-beea-4cd2-bca9-568ee30412d2:98550bc5-9bb9-469f-b7d4-4756a5f09e88;ok, aguardo entao",,,,
posso usar login com biometria no celular,"vi que tem opção de entrar com digital ou reconhecimento facial, como ativo isso",Medium,Resolved,qm:96e3bf0d-beea-4cd2-bca9-568ee30412d2:3b3304dc-2f4a-4a0c-94fd-cfc9d201d002,maximilianojavierjulio@gmail.com,Tokenia Web,Service Request,Acesso e autenticação,14/Sep/25 8:12 AM,"14/Sep/25 8:46 AM;maximilianojavierjulio@gmail.com;Olá! Você pode ativar em Configurações > Segurança > Login por biometria, desde que seu celular tenha suporte a essa função habilitada nas configurações do próprio aparelho.","14/Sep/25 9:45 AM;qm:96e3bf0d-beea-4cd2-bca9-568ee30412d2:3b3304dc-2f4a-4a0c-94fd-cfc9d201d002;ativei aqui, funcionou direitinho. obrigado",,,,
icones do app aparecem desalinhados,"depois da ultima atualização alguns icones da tela inicial aparecem meio desalinhados, só um detalhe visual",Low,Resolved,qm:96e3bf0d-beea-4cd2-bca9-568ee30412d2:1007ee5e-c272-40ae-811d-eed78b3d4e7c,maxi220julio@gmail.com,Tokenia Web,Service Request,Problemas técnicos do app/site,26/Feb/26 2:09 AM,"26/Feb/26 8:33 AM;maxi220julio@gmail.com;Olá! Obrigado por reportar, encaminhamos essa observação visual para nosso time de design corrigir na próxima atualização.","26/Feb/26 9:12 AM;qm:96e3bf0d-beea-4cd2-bca9-568ee30412d2:1007ee5e-c272-40ae-811d-eed78b3d4e7c;tranquilo, era so pra avisar mesmo. obrigado",,,,
app fecha sozinho toda vez que abro a carteira,"sempre que clico na aba carteira o app fecha na hora, isso ta acontecendo ha dois dias",High,Escalated,qm:96e3bf0d-beea-4cd2-bca9-568ee30412d2:cf6bd68c-2cf4-4fa6-93ba-fc96a0e57143,maxyjulio18@gmail.com,Tokenia Email,General request,Problemas técnicos do app/site,5/Jan/26 9:13 AM,"5/Jan/26 10:38 AM;maxyjulio18@gmail.com;Olá, sentimos muito pelo transtorno. Como o problema já persiste há dois dias, vou escalar seu caso para nosso time técnico priorizar a investigação.","5/Jan/26 10:56 AM;qm:96e3bf0d-beea-4cd2-bca9-568ee30412d2:cf6bd68c-2cf4-4fa6-93ba-fc96a0e57143;por favor, preciso ver meu saldo com urgencia","5/Jan/26 12:21 PM;maxyjulio18@gmail.com;Compreendemos a urgência. Enquanto isso, você consegue verificar seu saldo pela versão web do site? E vamos priorizar a correção no seu caso.",,,
campo de busca não encontra nada,tento buscar bitcoin na barra de pesquisa do app e nao aparece nenhum resultado,Medium,Resolved,qm:96e3bf0d-beea-4cd2-bca9-568ee30412d2:b12e56d5-73d2-49e3-b5e3-60b23bef9f3b,maximilianojavierjulio@gmail.com,Tokenia App,Service Request,Problemas técnicos do app/site,24/Oct/24 10:15 AM,24/Oct/24 12:46 PM;maximilianojavierjulio@gmail.com;Olá! Obrigado por reportar. Você pode tentar atualizar o app para a versão mais recente disponível na loja? Corrigimos uma falha parecida na busca em uma atualização recente.,"24/Oct/24 1:05 PM;qm:96e3bf0d-beea-4cd2-bca9-568ee30412d2:b12e56d5-73d2-49e3-b5e3-60b23bef9f3b;atualizei e agora a busca funciona normal, obrigado",,,,
quero reportar um bug visual na tela de graficos,"notei que as cores do grafico de velas estao meio confusas, verde e vermelho parecem trocados",Medium,Waiting for Agent,qm:96e3bf0d-beea-4cd2-bca9-568ee30412d2:bc0cf60c-4d7c-44c5-b1c0-9ddfc9a18eb2,maxi220julio@gmail.com,Tokenia App,Service Request,Problemas técnicos do app/site,29/May/24 11:36 PM,"30/May/24 1:47 AM;qm:96e3bf0d-beea-4cd2-bca9-568ee30412d2:bc0cf60c-4d7c-44c5-b1c0-9ddfc9a18eb2;boa tarde, acho que identifiquei um bug visual no grafico de velas, as cores parecem invertidas",,,,,
o limite reseta todo mes automaticamente,queria saber se o limite mensal de operações reseta sozinho ou precisa solicitar renovação,Low,Resolved,qm:96e3bf0d-beea-4cd2-bca9-568ee30412d2:b12e56d5-73d2-49e3-b5e3-60b23bef9f3b,maxyjulio18@gmail.com,Tokenia App,Service Request,Limites e restrições,16/Sep/24 10:46 AM,"16/Sep/24 3:07 PM;maxyjulio18@gmail.com;Olá! O limite mensal é renovado automaticamente no início de cada ciclo, sem necessidade de nenhuma solicitação da sua parte.","16/Sep/24 3:39 PM;qm:96e3bf0d-beea-4cd2-bca9-568ee30412d2:b12e56d5-73d2-49e3-b5e3-60b23bef9f3b;entendi, obrigado pela confirmação",,,,
minha conta esta impedida de fazer saques temporariamente,tentei fazer um saque e apareceu uma mensagem dizendo que minha conta esta temporariamente impedida de sacar,Medium,Resolved,qm:96e3bf0d-beea-4cd2-bca9-568ee30412d2:ebdc7d4f-7a89-4bb1-a131-b652ee3ba99b,maximilianojavierjulio@gmail.com,Tokenia App,Service Request,Limites e restrições,28/Jun/25 5:37 AM,"28/Jun/25 8:23 AM;maximilianojavierjulio@gmail.com;Olá! Verificamos aqui e essa restrição temporária foi aplicada após uma alteração recente de senha, como medida de segurança padrão que dura 24 horas. Após esse período, os saques voltam a funcionar normalmente.","28/Jun/25 9:34 AM;qm:96e3bf0d-beea-4cd2-bca9-568ee30412d2:ebdc7d4f-7a89-4bb1-a131-b652ee3ba99b;ah entendi, faz sentido entao. vou aguardar. obrigado",,,,
solicitei aumento de limite ha dias e nao teve retorno,preenchi o formulario de aumento de limite ha mais de uma semana e continua sem resposta nenhuma,High,Work in Progress,qm:96e3bf0d-beea-4cd2-bca9-568ee30412d2:ed04d6ae-f36e-4f44-ba75-dad36ede95b7,maxyjulio18@gmail.com,Tokenia App,Service Request,Limites e restrições,8/Jun/24 11:03 AM,8/Jun/24 11:54 AM;maxyjulio18@gmail.com;Olá! Peço desculpas pela demora nesse retorno. Vou verificar diretamente com o time responsável o status da sua solicitação e te atualizo o mais rápido possível.,"8/Jun/24 12:27 PM;qm:96e3bf0d-beea-4cd2-bca9-568ee30412d2:ed04d6ae-f36e-4f44-ba75-dad36ede95b7;por favor, preciso dessa resposta pra planejar uma operação",,,,
desisti de pedir aumento de limite por enquanto,ia solicitar aumento de limite mas decidi esperar mais um tempo antes de pedir,Low,Canceled,qm:96e3bf0d-beea-4cd2-bca9-568ee30412d2:1007ee5e-c272-40ae-811d-eed78b3d4e7c,maximilianojavierjulio@gmail.com,Portal Tokenia,Service Request,Limites e restrições,19/Feb/25 3:34 PM,"19/Feb/25 11:42 PM;maximilianojavierjulio@gmail.com;Olá! Sem problemas, a solicitação continua disponível a qualquer momento que precisar.",,,,,
preciso enviar comprovante de renda pra verificação avançada,"quero fazer a verificação de nivel avançado, o que exatamente conta como comprovante de renda aceito",Medium,Resolved,qm:96e3bf0d-beea-4cd2-bca9-568ee30412d2:1007ee5e-c272-40ae-811d-eed78b3d4e7c,maximilianojavierjulio@gmail.com,Tokenia App,Service Request,Verificação de identidade,7/May/25 2:23 PM,"7/May/25 3:43 PM;maximilianojavierjulio@gmail.com;Olá! Aceitamos holerite recente, declaração de imposto de renda ou extrato bancário dos últimos 3 meses que demonstre movimentação compatível com sua renda declarada.","7/May/25 5:01 PM;qm:96e3bf0d-beea-4cd2-bca9-568ee30412d2:1007ee5e-c272-40ae-811d-eed78b3d4e7c;vou enviar meu holerite entao, obrigado pela orientação",,,,
documento enviado com foto cortada,"recebi aviso que minha CNH foi recusada porque a foto enviada estava cortada, nao percebi isso na hora",High,Waiting for Customer,qm:96e3bf0d-beea-4cd2-bca9-568ee30412d2:b7a06e76-4e6b-48b6-a6c2-1f5297504226,maxyjulio18@gmail.com,Tokenia Web,Service Request,Verificação de identidade,23/Nov/25 8:17 AM,"23/Nov/25 8:36 AM;maxyjulio18@gmail.com;Olá! Confirmamos que a imagem enviada estava com uma das bordas cortadas, faltando parte das informações. Poderia reenviar uma nova foto garantindo que o documento inteiro apareça dentro do enquadramento?",23/Nov/25 9:35 AM;qm:96e3bf0d-beea-4cd2-bca9-568ee30412d2:b7a06e76-4e6b-48b6-a6c2-1f5297504226;vou tirar uma nova foto com mais cuidado e reenvio,,,,
posso verificar minha identidade sendo estrangeiro,"moro no brasil mas sou estrangeiro, tenho RNM em vez de RG, posso usar pra verificação",Low,Resolved,qm:96e3bf0d-beea-4cd2-bca9-568ee30412d2:3aac0f08-6d3d-4bb7-adb0-090a0412c60a,maximilianojavierjulio@gmail.com,Portal Tokenia,Service Request,Verificação de identidade,31/Jul/24 9:17 PM,"2/Aug/24 2:26 AM;maximilianojavierjulio@gmail.com;Olá! Sim, aceitamos RNM (Registro Nacional Migratório) válido como documento de identificação para estrangeiros residentes no Brasil.","2/Aug/24 2:44 AM;qm:96e3bf0d-beea-4cd2-bca9-568ee30412d2:3aac0f08-6d3d-4bb7-adb0-090a0412c60a;otimo, vou usar ele entao. obrigado",,,,
preciso verificar de novo depois de trocar de documento,"meu RG antigo venceu e tirei um novo, preciso passar por todo o processo de verificação outra vez",Medium,Resolved,qm:96e3bf0d-beea-4cd2-bca9-568ee30412d2:e145fbce-fd98-4ca0-8b5b-23769ae5f2ad,maxyjulio18@gmail.com,Tokenia Web,Service Request,Verificação de identidade,4/Oct/24 6:22 PM,"4/Oct/24 7:46 PM;maxyjulio18@gmail.com;Olá! Sim, é necessário reenviar o documento atualizado para mantermos seu cadastro em conformidade. O processo costuma ser mais rápido nesses casos, já que sua conta já possui histórico de verificação.","4/Oct/24 8:00 PM;qm:96e3bf0d-beea-4cd2-bca9-568ee30412d2:e145fbce-fd98-4ca0-8b5b-23769ae5f2ad;entendi, vou enviar o documento novo entao. obrigado",,,,
posso depositar de uma conta bancaria que nao é minha,"um familiar quer me ajudar fazendo um deposito da conta bancaria dele pra minha conta na Tokenia, isso é permitido",Medium,Resolved,qm:96e3bf0d-beea-4cd2-bca9-568ee30412d2:9e1ed28d-2f8a-4bda-a163-752da5ee08d8,maximilianojavierjulio@gmail.com,Portal Tokenia,Service Request,Depósitos e saques,18/May/24 2:04 PM,"18/May/24 4:10 PM;maximilianojavierjulio@gmail.com;Olá! Por questões de conformidade, recomendamos que os depósitos sejam feitos sempre a partir de contas de mesma titularidade do usuário. Depósitos de terceiros podem passar por uma análise adicional ou serem recusados.","18/May/24 4:26 PM;qm:96e3bf0d-beea-4cd2-bca9-568ee30412d2:9e1ed28d-2f8a-4bda-a163-752da5ee08d8;entendi, vou pedir pra ele me transferir e eu deposito. obrigado",,,,
saque foi aprovado mas o valor nao chegou no banco,meu saque aparece como concluido no app mas ja se passaram 2 dias e o valor nao caiu na minha conta bancaria,High,Escalated,qm:96e3bf0d-beea-4cd2-bca9-568ee30412d2:ab026cd4-acd4-434b-90e5-109ffdddfa44,maxi220julio@gmail.com,Tokenia Web,Service Request,Depósitos e saques,18/Mar/26 6:20 PM,"18/Mar/26 6:59 PM;maxi220julio@gmail.com;Olá, entendemos a preocupação. Como o status já indica concluído mas o valor não chegou, vou escalar seu caso para o time financeiro rastrear a transação junto ao banco.","18/Mar/26 7:52 PM;qm:96e3bf0d-beea-4cd2-bca9-568ee30412d2:ab026cd4-acd4-434b-90e5-109ffdddfa44;por favor, preciso desse dinheiro",18/Mar/26 7:57 PM;maxi220julio@gmail.com;Compreendemos totalmente a urgência. Vamos priorizar o rastreamento dessa transação e retornar com uma posição o quanto antes.,,,
existe algum horario melhor pra fazer PIX,queria saber se tem algum horario que o PIX cai mais rapido ou se é sempre igual,Low,Resolved,qm:96e3bf0d-beea-4cd2-bca9-568ee30412d2:b9908a88-c7cb-48d9-b10c-f21b473a87ee,maxi220julio@gmail.com,Tokenia Email,General request,Depósitos e saques,18/Dec/25 2:51 AM,"18/Dec/25 5:12 PM;maxi220julio@gmail.com;Olá! O PIX funciona 24 horas por dia, todos os dias, incluindo finais de semana e feriados, então não há horário específico mais vantajoso — costuma ser processado em minutos em qualquer horário.","18/Dec/25 6:41 PM;qm:96e3bf0d-beea-4cd2-bca9-568ee30412d2:b9908a88-c7cb-48d9-b10c-f21b473a87ee;que bom, obrigado pela informação",,,,
deposito via boleto ainda nao foi processado,paguei um boleto de deposito ontem e ate agora o saldo nao apareceu na minha conta,Medium,Work in Progress,qm:96e3bf0d-beea-4cd2-bca9-568ee30412d2:79582374-52c1-48cf-9693-7f7e4f450adc,maxyjulio18@gmail.com,Tokenia Email,General request,Depósitos e saques,2/Feb/25 4:28 AM,2/Feb/25 6:55 AM;maxyjulio18@gmail.com;Olá! Depósitos via boleto costumam levar até 1 dia útil para compensação bancária. Já estamos acompanhando o processamento do seu pagamento e assim que for confirmado o saldo será creditado automaticamente.,"2/Feb/25 7:40 AM;qm:96e3bf0d-beea-4cd2-bca9-568ee30412d2:79582374-52c1-48cf-9693-7f7e4f450adc;entendi, vou aguardar mais um pouco entao",,,,
erro grave impediu venda de cripto durante queda forte do mercado,"durante uma queda forte do bitcoin tentei vender e o app deu erro varias vezes, perdi tempo importante nessa hora critica",Highest,Resolved,qm:96e3bf0d-beea-4cd2-bca9-568ee30412d2:1c6c8f3c-0b42-4193-b8f6-814150c2f7da,maximilianojavierjulio@gmail.com,Tokenia Web,Service Request,Operações de compra/venda cripto,21/Apr/26 3:37 AM,"21/Apr/26 3:52 AM;maximilianojavierjulio@gmail.com;Olá, entendemos totalmente a gravidade da situação em um momento de alta volatilidade. Verificamos os logs do horário informado e identificamos uma sobrecarga pontual no sistema devido ao volume elevado de operações simultâneas naquele momento.","21/Apr/26 5:02 AM;qm:96e3bf0d-beea-4cd2-bca9-568ee30412d2:1c6c8f3c-0b42-4193-b8f6-814150c2f7da;isso me causou prejuizo, gostaria de entender se tem algo que voces possam fazer",21/Apr/26 5:17 AM;maximilianojavierjulio@gmail.com;Compreendemos o impacto. Registramos seu caso formalmente e nosso time está reforçando a capacidade do sistema para momentos de alta volatilidade. Vamos encaminhar sua situação específica para análise da nossa equipe de atendimento premium.,,,
como funciona a compra parcelada de cripto,"vi uma opção de compra parcelada, como funciona exatamente",Low,Resolved,qm:96e3bf0d-beea-4cd2-bca9-568ee30412d2:1007ee5e-c272-40ae-811d-eed78b3d4e7c,maximilianojavierjulio@gmail.com,Portal Tokenia,Service Request,Operações de compra/venda cripto,1/Mar/25 9:02 AM,"1/Mar/25 10:45 PM;maximilianojavierjulio@gmail.com;Olá! A compra parcelada permite dividir o valor de uma compra maior em várias parcelas mensais no cartão de crédito, com a criptomoeda já sendo creditada integralmente na sua carteira no momento da compra.","2/Mar/25 12:04 AM;qm:96e3bf0d-beea-4cd2-bca9-568ee30412d2:1007ee5e-c272-40ae-811d-eed78b3d4e7c;entendi, bem pratico. obrigado pela explicação",,,,
posso configurar alertas de preço,"queria receber uma notificação quando o bitcoin chegar em um preço especifico, tem essa opção",Medium,Resolved,qm:96e3bf0d-beea-4cd2-bca9-568ee30412d2:1c6c8f3c-0b42-4193-b8f6-814150c2f7da,maximilianojavierjulio@gmail.com,Portal Tokenia,Service Request,Operações de compra/venda cripto,12/Dec/25 5:50 AM,"12/Dec/25 8:04 AM;maximilianojavierjulio@gmail.com;Olá! Sim, você pode configurar alertas de preço na tela do ativo, tocando no ícone de sino e definindo o valor desejado. Assim que o preço atingir esse valor, você recebe uma notificação.","12/Dec/25 8:42 AM;qm:96e3bf0d-beea-4cd2-bca9-568ee30412d2:1c6c8f3c-0b42-4193-b8f6-814150c2f7da;otimo, vou configurar agora. obrigado",,,,
posso trocar reais direto por dolares sem comprar cripto,"queria so converter parte do meu saldo em reais pra dolares, sem necessariamente comprar cripto no processo",Medium,Resolved,qm:96e3bf0d-beea-4cd2-bca9-568ee30412d2:806cb782-ea88-4c57-b1ad-9d5a2e5efab3,maximilianojavierjulio@gmail.com,Tokenia Email,General request,Operações de compra/venda fiat,6/Mar/25 6:51 PM,"6/Mar/25 7:25 PM;maximilianojavierjulio@gmail.com;Olá! No momento, a conversão entre moedas fiduciárias diretamente (real para dólar, por exemplo) não está disponível. A forma de manter valor em dólar na plataforma seria através de uma stablecoin atrelada ao dólar, como o USDT.","6/Mar/25 8:28 PM;qm:96e3bf0d-beea-4cd2-bca9-568ee30412d2:806cb782-ea88-4c57-b1ad-9d5a2e5efab3;entendi, vou usar USDT entao pra isso. obrigado",,,,
duvida sobre imposto retido em operações grandes,"fiz uma venda grande de cripto e vi um valor retido no extrato, queria entender se é imposto",Medium,Waiting for Customer,qm:96e3bf0d-beea-4cd2-bca9-568ee30412d2:8a0ee7d5-029c-4a08-a42f-b06768b64927,maxyjulio18@gmail.com,Portal Tokenia,Service Request,Operações de compra/venda fiat,10/Feb/26 10:07 PM,"11/Feb/26 12:17 AM;maxyjulio18@gmail.com;Olá! Esse valor pode se referir ao IOF aplicável em determinadas operações de câmbio, dependendo do tipo de transação realizada. Você poderia me informar o horário e valor exato da operação para verificarmos com precisão?",11/Feb/26 1:30 AM;qm:96e3bf0d-beea-4cd2-bca9-568ee30412d2:8a0ee7d5-029c-4a08-a42f-b06768b64927;vou verificar aqui no meu extrato e te passo os detalhes,,,,
ordem de compra com reais foi executada com atraso,"fiz uma ordem a mercado com reais mas ela demorou quase 10 minutos pra executar, achei bem lento",High,Resolved,qm:96e3bf0d-beea-4cd2-bca9-568ee30412d2:c76e25ce-1103-4288-a853-a756f7dcaabf,maxi220julio@gmail.com,Tokenia App,Service Request,Operações de compra/venda fiat,25/Aug/25 3:59 AM,"25/Aug/25 5:31 AM;maxi220julio@gmail.com;Olá! Pedimos desculpas pela demora. Identificamos uma lentidão pontual no processamento de ordens naquele horário, já normalizada. Sua ordem foi executada corretamente pelo preço vigente no momento da confirmação.","25/Aug/25 5:56 AM;qm:96e3bf0d-beea-4cd2-bca9-568ee30412d2:c76e25ce-1103-4288-a853-a756f7dcaabf;entendi, o preço ficou justo pelo menos. obrigado pela explicação",,,,
voces tem atendimento por telefone,"prefiro resolver por telefone as vezes, voces oferecem esse tipo de atendimento",Low,Resolved,qm:96e3bf0d-beea-4cd2-bca9-568ee30412d2:b12e56d5-73d2-49e3-b5e3-60b23bef9f3b,maximilianojavierjulio@gmail.com,Tokenia Email,General request,Informações e dúvidas gerais,31/May/26 4:20 PM,"2/Jun/26 12:11 PM;maximilianojavierjulio@gmail.com;Olá! No momento nosso atendimento é feito exclusivamente por chat e e-mail, sem opção de telefone. Isso nos permite manter um histórico completo de cada conversa para agilizar futuros atendimentos.","2/Jun/26 12:54 PM;qm:96e3bf0d-beea-4cd2-bca9-568ee30412d2:b12e56d5-73d2-49e3-b5e3-60b23bef9f3b;entendi, tudo bem entao. obrigado",,,,
onde vejo as taxas de todas as criptomoedas disponiveis,queria ver uma tabela com todas as taxas de cada cripto antes de decidir onde investir,Low,Resolved,qm:96e3bf0d-beea-4cd2-bca9-568ee30412d2:ed04d6ae-f36e-4f44-ba75-dad36ede95b7,maxyjulio18@gmail.com,Tokenia Email,General request,Informações e dúvidas gerais,27/Aug/24 7:29 AM,"27/Aug/24 1:07 PM;maxyjulio18@gmail.com;Olá! Você encontra a tabela completa de taxas na seção 'Taxas e Tarifas' dentro do menu de Configurações, com o detalhamento por tipo de operação e ativo.","27/Aug/24 1:48 PM;qm:96e3bf0d-beea-4cd2-bca9-568ee30412d2:ed04d6ae-f36e-4f44-ba75-dad36ede95b7;achei, muito util. obrigado",,,,
queria saber sobre parceria empresarial mas nao é mais necessario,ia perguntar sobre parcerias empresariais com a Tokenia mas resolvi meu problema de outra forma,Low,Canceled,qm:96e3bf0d-beea-4cd2-bca9-568ee30412d2:e145fbce-fd98-4ca0-8b5b-23769ae5f2ad,maximilianojavierjulio@gmail.com,Tokenia Email,General request,Informações e dúvidas gerais,11/Jan/25 6:39 AM,"11/Jan/25 4:04 PM;maximilianojavierjulio@gmail.com;Olá! Sem problemas, ficamos à disposição caso surja interesse futuramente.",,,,,
a taxa aparece antes de eu confirmar a operação,queria saber se sempre vou ver quanto vou pagar de taxa antes de confirmar qualquer operação,Medium,Resolved,qm:96e3bf0d-beea-4cd2-bca9-568ee30412d2:bc0cf60c-4d7c-44c5-b1c0-9ddfc9a18eb2,maxyjulio18@gmail.com,Portal Tokenia,Service Request,Tarifas e comissões,19/Dec/25 12:02 AM,"19/Dec/25 12:54 AM;maxyjulio18@gmail.com;Olá! Sim, a taxa aplicável é sempre exibida na tela de confirmação, antes de você finalizar qualquer operação de compra, venda ou saque.","19/Dec/25 1:15 AM;qm:96e3bf0d-beea-4cd2-bca9-568ee30412d2:bc0cf60c-4d7c-44c5-b1c0-9ddfc9a18eb2;que bom, gosto de conferir antes. obrigado",,,,
tem taxa pra receber transferencia de outro usuario,"um amigo vai me mandar cripto pela função de transferencia interna, eu pago alguma taxa por receber",Low,Resolved,qm:96e3bf0d-beea-4cd2-bca9-568ee30412d2:b9908a88-c7cb-48d9-b10c-f21b473a87ee,maxyjulio18@gmail.com,Tokenia Web,Service Request,Tarifas e comissões,6/Jul/26 12:08 AM,"6/Jul/26 4:28 AM;maxyjulio18@gmail.com;Olá! Não, receber transferências internas de outro usuário da Tokenia é totalmente gratuito para ambas as partes.","6/Jul/26 4:52 AM;qm:96e3bf0d-beea-4cd2-bca9-568ee30412d2:b9908a88-c7cb-48d9-b10c-f21b473a87ee;otimo, obrigado pela confirmação",,,,
taxa cobrada muito acima do combinado num acordo comercial,tenho um acordo de taxa reduzida negociado com o time comercial de voces mas foi cobrada a taxa cheia numa operação grande recente,Highest,Resolved,qm:96e3bf0d-beea-4cd2-bca9-568ee30412d2:1c6c8f3c-0b42-4193-b8f6-814150c2f7da,maxi220julio@gmail.com,Tokenia App,Service Request,Tarifas e comissões,28/Dec/25 3:36 PM,"28/Dec/25 4:03 PM;maxi220julio@gmail.com;Olá, pedimos desculpas pelo ocorrido. Vamos verificar imediatamente se seu acordo de taxa reduzida está corretamente configurado no sistema para evitar que isso se repita, e também analisar o estorno da diferença cobrada indevidamente nessa operação.","28/Dec/25 4:39 PM;qm:96e3bf0d-beea-4cd2-bca9-568ee30412d2:1c6c8f3c-0b42-4193-b8f6-814150c2f7da;por favor, é um valor considerável de diferença",28/Dec/25 6:09 PM;maxi220julio@gmail.com;Compreendemos a importância. Confirmamos que houve uma falha na aplicação do seu acordo comercial. Já corrigimos a configuração da sua conta e vamos processar o estorno da diferença em até 5 dias úteis.,28/Dec/25 6:27 PM;qm:96e3bf0d-beea-4cd2-bca9-568ee30412d2:1c6c8f3c-0b42-4193-b8f6-814150c2f7da;muito obrigado por resolverem rapido,,
recebi email pedindo pra reconfirmar meus dados de cadastro,"chegou um email dizendo que preciso reconfirmar meu cadastro clicando num link, achei estranho e nao cliquei",Medium,Resolved,qm:96e3bf0d-beea-4cd2-bca9-568ee30412d2:74b34d2b-8c7a-4390-a0d5-6fe51576bcc9,maxyjulio18@gmail.com,Portal Tokenia,Service Request,Segurança da conta,2/May/25 5:50 AM,"2/May/25 9:36 AM;maxyjulio18@gmail.com;Olá! Muito bem em não clicar. Esse tipo de e-mail não é enviado por nós — a Tokenia nunca solicita reconfirmação de dados por link externo. Recomendamos apagar essa mensagem e, se possível, nos encaminhar para análise.","2/May/25 10:56 AM;qm:96e3bf0d-beea-4cd2-bca9-568ee30412d2:74b34d2b-8c7a-4390-a0d5-6fe51576bcc9;vou encaminhar sim, melhor prevenir. obrigado pelo alerta",,,,
tentativa de acesso de outro pais na minha conta,"recebi um alerta de tentativa de login de um pais que eu nunca visitei, mesmo com a tentativa bloqueada fiquei preocupado",High,Escalated,qm:96e3bf0d-beea-4cd2-bca9-568ee30412d2:1c6c8f3c-0b42-4193-b8f6-814150c2f7da,maxyjulio18@gmail.com,Portal Tokenia,Service Request,Segurança da conta,3/Feb/25 3:24 PM,"3/Feb/25 4:23 PM;maxyjulio18@gmail.com;Olá, agradecemos por reportar rapidamente. Mesmo com a tentativa bloqueada, vamos escalar seu caso para o time de segurança investigar a origem dessa tentativa com mais detalhes.","3/Feb/25 5:51 PM;qm:96e3bf0d-beea-4cd2-bca9-568ee30412d2:1c6c8f3c-0b42-4193-b8f6-814150c2f7da;por favor, quero entender se minha conta ta realmente segura",3/Feb/25 7:05 PM;maxyjulio18@gmail.com;Compreendemos a preocupação. Recomendamos também trocar sua senha agora por precaução. Nosso time vai analisar os registros e retornar com mais informações em breve.,,,
posso configurar pergunta de segurança adicional,"vi em outros apps uma opção de pergunta de segurança, aqui na Tokenia existe algo parecido",Low,Resolved,qm:96e3bf0d-beea-4cd2-bca9-568ee30412d2:4d958f1b-e893-41fe-b2c5-f0f6163cdd67,maxi220julio@gmail.com,Tokenia Email,General request,Segurança da conta,11/Mar/24 2:17 AM,"11/Mar/24 4:15 AM;maxi220julio@gmail.com;Olá! No momento não temos pergunta de segurança como camada adicional, mas recomendamos fortemente o uso do 2FA via aplicativo autenticador, que oferece um nível de proteção equivalente ou superior.","11/Mar/24 4:55 AM;qm:96e3bf0d-beea-4cd2-bca9-568ee30412d2:4d958f1b-e893-41fe-b2c5-f0f6163cdd67;entendi, ja tenho o 2FA ativado entao. obrigado",,,,
posso renomear os enderecos salvos na minha carteira,"tenho varios enderecos externos salvos e fica dificil lembrar qual é qual, da pra colocar um nome pra cada um",Medium,Resolved,qm:96e3bf0d-beea-4cd2-bca9-568ee30412d2:e145fbce-fd98-4ca0-8b5b-23769ae5f2ad,maxi220julio@gmail.com,Portal Tokenia,Service Request,Carteira e endereços,23/Jul/24 1:48 AM,"23/Jul/24 3:20 AM;maxi220julio@gmail.com;Olá! Sim, ao adicionar um endereço na sua lista de favoritos você pode dar um apelido personalizado, facilitando a identificação nas próximas transferências.","23/Jul/24 3:58 AM;qm:96e3bf0d-beea-4cd2-bca9-568ee30412d2:e145fbce-fd98-4ca0-8b5b-23769ae5f2ad;otimo, vou renomear os meus agora. obrigado",,,,
endereço de deposito nao esta sendo gerado,toda vez que tento gerar um endereço de deposito de bitcoin a tela fica carregando e nunca aparece o endereço,Medium,Work in Progress,qm:96e3bf0d-beea-4cd2-bca9-568ee30412d2:dcd8d81d-4933-40c2-b3f2-7d9c8757ab99,maxi220julio@gmail.com,Portal Tokenia,Service Request,Carteira e endereços,10/Oct/25 12:47 AM,"11/Oct/25 2:47 AM;maxi220julio@gmail.com;Olá, obrigado por reportar. Identificamos uma instabilidade pontual na geração de endereços para algumas criptomoedas e nosso time técnico já está atuando na correção.","11/Oct/25 4:12 AM;qm:96e3bf0d-beea-4cd2-bca9-568ee30412d2:dcd8d81d-4933-40c2-b3f2-7d9c8757ab99;ok, vou tentar novamente daqui a pouco entao",,,,
quantos enderecos posso salvar como favoritos,queria saber se tem limite de quantos enderecos externos eu posso salvar como favoritos na conta,Low,Resolved,qm:96e3bf0d-beea-4cd2-bca9-568ee30412d2:bc0cf60c-4d7c-44c5-b1c0-9ddfc9a18eb2,maxi220julio@gmail.com,Tokenia App,Service Request,Carteira e endereços,17/Jun/24 1:12 AM,17/Jun/24 10:45 PM;maxi220julio@gmail.com;Olá! Não existe um limite definido para a quantidade de endereços que você pode salvar como favoritos na sua conta.,"17/Jun/24 11:27 PM;qm:96e3bf0d-beea-4cd2-bca9-568ee30412d2:bc0cf60c-4d7c-44c5-b1c0-9ddfc9a18eb2;que bom, obrigado pela informação",,,,
app deslogou sozinho sem eu fazer nada,"estava usando o app normal e de repente ele me deslogou, tive que entrar de novo com senha e tudo",Medium,Resolved,qm:96e3bf0d-beea-4cd2-bca9-568ee30412d2:e6f6df0e-e5ea-45cc-b313-3724b1a6b631,maxyjulio18@gmail.com,Portal Tokenia,Service Request,Acesso e autenticação,12/Oct/25 12:07 PM,"12/Oct/25 2:42 PM;maxyjulio18@gmail.com;Olá! Isso pode acontecer por questões de segurança quando o app fica muito tempo em segundo plano, ou após atualizações do sistema operacional do celular. Não identificamos nenhuma atividade suspeita na sua conta.","12/Oct/25 3:34 PM;qm:96e3bf0d-beea-4cd2-bca9-568ee30412d2:e6f6df0e-e5ea-45cc-b313-3724b1a6b631;ah entendi, deve ter sido isso mesmo. obrigado",,,,
quero recuperar acesso a conta de familiar falecido,"meu pai tinha conta na plataforma e faleceu recentemente, como faço pra ter acesso ao saldo dele",High,Waiting for Customer,qm:96e3bf0d-beea-4cd2-bca9-568ee30412d2:e145fbce-fd98-4ca0-8b5b-23769ae5f2ad,maximilianojavierjulio@gmail.com,Tokenia Email,General request,Acesso e autenticação,19/Jun/24 10:04 PM,"19/Jun/24 10:14 PM;maximilianojavierjulio@gmail.com;Olá, sentimos muito pela sua perda. Para esse tipo de solicitação, precisamos de documentação específica, como certidão de óbito e documentos que comprovem a condição de herdeiro legal. Você poderia nos enviar esses documentos quando possível?",19/Jun/24 10:39 PM;qm:96e3bf0d-beea-4cd2-bca9-568ee30412d2:e145fbce-fd98-4ca0-8b5b-23769ae5f2ad;vou providenciar a documentação e envio assim que possivel,,,,
posso desativar temporariamente minha conta,"vou viajar por um tempo e queria desativar minha conta temporariamente, isso é possivel",Low,Resolved,qm:96e3bf0d-beea-4cd2-bca9-568ee30412d2:98550bc5-9bb9-469f-b7d4-4756a5f09e88,maxi220julio@gmail.com,Tokenia App,Service Request,Acesso e autenticação,17/Jul/25 6:08 PM,"18/Jul/25 12:16 AM;maxi220julio@gmail.com;Olá! No momento não temos a opção de desativação temporária, apenas encerramento definitivo. Mas fique tranquilo, sua conta continua segura mesmo sem uso por um período prolongado.","18/Jul/25 12:25 AM;qm:96e3bf0d-beea-4cd2-bca9-568ee30412d2:98550bc5-9bb9-469f-b7d4-4756a5f09e88;entendi, vou so deixar sem usar entao. obrigado",,,,
sistema ficou fora do ar durante alta forte do bitcoin,"durante uma alta muito forte do bitcoin o app ficou instavel e nao consegui comprar no momento que eu queria, perdi a oportunidade",Highest,Resolved,qm:96e3bf0d-beea-4cd2-bca9-568ee30412d2:98550bc5-9bb9-469f-b7d4-4756a5f09e88,maxi220julio@gmail.com,Portal Tokenia,Service Request,Operações de compra/venda cripto,22/Jan/25 6:00 PM,"22/Jan/25 6:19 PM;maxi220julio@gmail.com;Olá, compreendemos completamente a frustração em um momento tão volátil do mercado. Verificamos os registros e confirmamos uma sobrecarga pontual do sistema devido ao alto volume de acessos simultâneos naquele horário específico.","22/Jan/25 6:51 PM;qm:96e3bf0d-beea-4cd2-bca9-568ee30412d2:98550bc5-9bb9-469f-b7d4-4756a5f09e88;isso é bem frustrante, esperava mais estabilidade da plataforma",22/Jan/25 8:19 PM;maxi220julio@gmail.com;Entendemos completamente e pedimos desculpas pelo ocorrido. Já registramos esse incidente e nosso time de infraestrutura está reforçando a capacidade do sistema para lidar melhor com picos de demanda em situações de alta volatilidade.,,,
posso ver o preço medio de compra das minhas criptos,"comprei bitcoin em varios momentos diferentes, tem como ver o preço medio que eu paguei no total",Medium,Resolved,qm:96e3bf0d-beea-4cd2-bca9-568ee30412d2:98550bc5-9bb9-469f-b7d4-4756a5f09e88,maximilianojavierjulio@gmail.com,Tokenia Web,Service Request,Operações de compra/venda cripto,8/Oct/24 10:38 PM,"8/Oct/24 11:37 PM;maximilianojavierjulio@gmail.com;Olá! Sim, na seção 'Carteira' você encontra o preço médio de compra calculado automaticamente para cada criptomoeda, considerando todas as suas operações.","9/Oct/24 12:15 AM;qm:96e3bf0d-beea-4cd2-bca9-568ee30412d2:98550bc5-9bb9-469f-b7d4-4756a5f09e88;achei, muito util. obrigado",,,,
queria fazer uma ordem limite mas desisti,ia configurar uma ordem limite pra comprar ethereum mas decidi esperar mais um pouco antes,Low,Canceled,qm:96e3bf0d-beea-4cd2-bca9-568ee30412d2:3b3304dc-2f4a-4a0c-94fd-cfc9d201d002,maximilianojavierjulio@gmail.com,Tokenia Web,Service Request,Operações de compra/venda cripto,14/Sep/25 8:12 AM,"14/Sep/25 9:20 AM;maximilianojavierjulio@gmail.com;Olá! Sem problemas, você pode criar a ordem quando achar o momento certo.",,,,,
PIX de saque foi feito pra chave errada,"acho que a chave PIX cadastrada pra saque nao é mais a minha atual, o dinheiro pode ter ido pra outra pessoa",High,Resolved,qm:96e3bf0d-beea-4cd2-bca9-568ee30412d2:5705c77d-869a-4f2d-b789-7fe84a892889,maxyjulio18@gmail.com,Tokenia Web,Service Request,Operações de compra/venda fiat,14/Oct/25 7:47 PM,"14/Oct/25 8:29 PM;maxyjulio18@gmail.com;Olá, entendemos a preocupação. Poderia nos confirmar qual chave PIX está cadastrada atualmente no seu perfil? Vamos verificar se o saque foi processado para essa chave ou se houve algum problema.",14/Oct/25 9:44 PM;qm:96e3bf0d-beea-4cd2-bca9-568ee30412d2:5705c77d-869a-4f2d-b789-7fe84a892889;verifiquei aqui e realmente ta uma chave antiga que eu nao uso mais,"14/Oct/25 9:50 PM;maxyjulio18@gmail.com;Entendido. Vamos investigar para onde esse valor foi direcionado. Enquanto isso, recomendamos atualizar sua chave PIX cadastrada para evitar problemas em saques futuros.",,,
posso usar saldo em reais pra comprar mais de uma cripto ao mesmo tempo,"tenho um saldo em reais e queria comprar bitcoin e ethereum juntos numa unica operação, é possivel",Medium,Resolved,qm:96e3bf0d-beea-4cd2-bca9-568ee30412d2:806cb782-ea88-4c57-b1ad-9d5a2e5efab3,maximilianojavierjulio@gmail.com,Tokenia Email,General request,Operações de compra/venda fiat,11/Aug/25 10:39 AM,"12/Aug/25 10:19 PM;maximilianojavierjulio@gmail.com;Olá! No momento cada operação de compra é feita para uma criptomoeda por vez, mas você pode realizar as duas compras em sequência rapidamente, uma após a outra.","12/Aug/25 10:44 PM;qm:96e3bf0d-beea-4cd2-bca9-568ee30412d2:806cb782-ea88-4c57-b1ad-9d5a2e5efab3;entendi, vou fazer assim entao. obrigado",,,,
quero entender melhor como funciona o spread nas operações fiat,"vi que existe um spread nas operações de compra e venda com reais, mas nao entendi direito como ele é calculado",Medium,Waiting for Agent,qm:96e3bf0d-beea-4cd2-bca9-568ee30412d2:9c34e718-8ff6-4bf1-b378-04f3dfd6d4b6,maximilianojavierjulio@gmail.com,Tokenia Email,General request,Operações de compra/venda fiat,17/Apr/26 3:12 PM,"17/Apr/26 5:13 PM;qm:96e3bf0d-beea-4cd2-bca9-568ee30412d2:9c34e718-8ff6-4bf1-b378-04f3dfd6d4b6;boa tarde, queria entender melhor como o spread é calculado nas operações com reais, pode me explicar",,,,,
a Tokenia oferece algum curso ou material educativo,"sou iniciante em cripto, voces tem algum material educativo pra quem ta comecando",Low,Resolved,qm:96e3bf0d-beea-4cd2-bca9-568ee30412d2:82ce44fa-76c2-43f3-bf42-64a209d1fd28,maximilianojavierjulio@gmail.com,Tokenia App,Service Request,Informações e dúvidas gerais,24/Oct/24 10:15 AM,"24/Oct/24 3:17 PM;maximilianojavierjulio@gmail.com;Olá! Sim, temos uma seção de 'Academia Tokenia' dentro do app, com artigos e vídeos explicando os conceitos básicos do mercado cripto, voltados justamente para iniciantes.","24/Oct/24 3:36 PM;qm:96e3bf0d-beea-4cd2-bca9-568ee30412d2:82ce44fa-76c2-43f3-bf42-64a209d1fd28;que legal, vou dar uma olhada. obrigado pela dica",,,,
posso mudar o idioma do aplicativo,"o app abriu em espanhol pra mim, queria mudar pra portugues",Medium,Resolved,qm:96e3bf0d-beea-4cd2-bca9-568ee30412d2:bc0cf60c-4d7c-44c5-b1c0-9ddfc9a18eb2,maxi220julio@gmail.com,Tokenia App,Service Request,Informações e dúvidas gerais,29/May/24 11:36 PM,"30/May/24 1:47 AM;maxi220julio@gmail.com;Olá! Você pode alterar o idioma em Configurações > Preferências > Idioma, selecionando Português do Brasil na lista.","30/May/24 2:54 AM;qm:96e3bf0d-beea-4cd2-bca9-568ee30412d2:bc0cf60c-4d7c-44c5-b1c0-9ddfc9a18eb2;achei, ja mudei. obrigado",,,,
onde acompanho as novidades e atualizações da plataforma,queria saber onde fico sabendo de novas criptomoedas listadas ou mudanças na plataforma,Low,Resolved,qm:96e3bf0d-beea-4cd2-bca9-568ee30412d2:ebdc7d4f-7a89-4bb1-a131-b652ee3ba99b,maximilianojavierjulio@gmail.com,Tokenia App,Service Request,Informações e dúvidas gerais,16/Sep/24 10:46 AM,"16/Sep/24 3:07 PM;maximilianojavierjulio@gmail.com;Olá! Você pode acompanhar nossas novidades pela seção 'Novidades' dentro do app, ou seguindo nossos canais oficiais nas redes sociais, onde anunciamos todas as atualizações importantes.","16/Sep/24 3:39 PM;qm:96e3bf0d-beea-4cd2-bca9-568ee30412d2:ebdc7d4f-7a89-4bb1-a131-b652ee3ba99b;vou seguir la entao, obrigado",,,,
taxa cobrada em dolar em vez de reais numa operação nacional,"fiz uma operação toda em reais mas no extrato a taxa apareceu cobrada em dolar, isso nao faz sentido pra mim",High,Escalated,qm:96e3bf0d-beea-4cd2-bca9-568ee30412d2:ebdc7d4f-7a89-4bb1-a131-b652ee3ba99b,maximilianojavierjulio@gmail.com,Tokenia App,Service Request,Tarifas e comissões,28/Jun/25 5:37 AM,"28/Jun/25 6:39 AM;maximilianojavierjulio@gmail.com;Olá, entendemos a estranheza. Esse tipo de inconsistência no extrato precisa de uma verificação técnica mais detalhada. Vou escalar seu caso para o time responsável analisar o que ocorreu nessa operação específica.","28/Jun/25 7:50 AM;qm:96e3bf0d-beea-4cd2-bca9-568ee30412d2:ebdc7d4f-7a89-4bb1-a131-b652ee3ba99b;por favor, quero entender se fui cobrado a mais por causa disso","28/Jun/25 8:52 AM;maximilianojavierjulio@gmail.com;Compreendemos a preocupação. Vamos verificar detalhadamente essa operação e, caso identifiquemos qualquer cobrança incorreta, o ajuste necessário será realizado.",,,
a taxa de deposito e diferente da taxa de saque,queria confirmar se a taxa cobrada pra depositar é a mesma cobrada pra sacar,Medium,Resolved,qm:96e3bf0d-beea-4cd2-bca9-568ee30412d2:4d958f1b-e893-41fe-b2c5-f0f6163cdd67,maxyjulio18@gmail.com,Portal Tokenia,Service Request,Tarifas e comissões,8/Aug/25 4:44 AM,"10/Aug/25 12:32 AM;maxyjulio18@gmail.com;Olá! Depósitos via PIX não têm taxa cobrada pela Tokenia. Já os saques em criptomoedas possuem taxa de rede, que é diferente e varia conforme o ativo escolhido.","10/Aug/25 1:06 AM;qm:96e3bf0d-beea-4cd2-bca9-568ee30412d2:4d958f1b-e893-41fe-b2c5-f0f6163cdd67;entendi a diferença agora, obrigado",,,,
existe taxa pra apenas consultar cotações,"so quero acompanhar as cotações das criptos sem operar, isso gera algum custo",Low,Resolved,qm:96e3bf0d-beea-4cd2-bca9-568ee30412d2:4d958f1b-e893-41fe-b2c5-f0f6163cdd67,maxyjulio18@gmail.com,Portal Tokenia,Service Request,Tarifas e comissões,31/May/24 10:58 AM,"31/May/24 1:00 PM;maxyjulio18@gmail.com;Olá! Não, consultar cotações e acompanhar gráficos é totalmente gratuito, sem qualquer custo associado.","31/May/24 2:30 PM;qm:96e3bf0d-beea-4cd2-bca9-568ee30412d2:4d958f1b-e893-41fe-b2c5-f0f6163cdd67;otimo, obrigado pela confirmação",,,,
nao consigo baixar meu relatorio de operações em pdf,toda vez que tento baixar o relatorio anual em pdf da erro e o download nao completa,High,Work in Progress,qm:96e3bf0d-beea-4cd2-bca9-568ee30412d2:e145fbce-fd98-4ca0-8b5b-23769ae5f2ad,maximilianojavierjulio@gmail.com,Tokenia App,Service Request,Problemas técnicos do app/site,5/Mar/26 6:27 AM,"5/Mar/26 7:09 AM;maximilianojavierjulio@gmail.com;Olá, obrigado por reportar. Identificamos uma instabilidade pontual na geração de relatórios em PDF e nosso time técnico já está trabalhando na correção. Assim que resolvido, vamos te avisar por aqui.","5/Mar/26 7:26 AM;qm:96e3bf0d-beea-4cd2-bca9-568ee30412d2:e145fbce-fd98-4ca0-8b5b-23769ae5f2ad;ok, preciso desse relatorio pra declaração de imposto, fico no aguardo",,,,
teclado do celular cobre o campo de digitar valor,quando vou digitar o valor da compra o teclado cobre o campo e nao consigo ver o que estou digitando,Medium,Resolved,qm:96e3bf0d-beea-4cd2-bca9-568ee30412d2:806cb782-ea88-4c57-b1ad-9d5a2e5efab3,maxi220julio@gmail.com,Tokenia Email,General request,Problemas técnicos do app/site,19/Dec/25 12:09 AM,19/Dec/25 3:31 AM;maxi220julio@gmail.com;Olá! Obrigado por reportar. Você pode verificar se está com a versão mais recente do app instalada? Corrigimos um problema de exibição parecido em uma atualização recente.,"19/Dec/25 3:43 AM;qm:96e3bf0d-beea-4cd2-bca9-568ee30412d2:806cb782-ea88-4c57-b1ad-9d5a2e5efab3;atualizei e agora aparece certinho, obrigado",,,,
site ficou completamente inacessivel durante horario comercial,"o site da tokenia ficou fora do ar por quase uma hora hoje durante a tarde, precisava fazer uma operação urgente",Highest,Resolved,qm:96e3bf0d-beea-4cd2-bca9-568ee30412d2:dcd8d81d-4933-40c2-b3f2-7d9c8757ab99,maxi220julio@gmail.com,Portal Tokenia,Service Request,Problemas técnicos do app/site,22/Mar/25 6:34 AM,"22/Mar/25 6:49 AM;maxi220julio@gmail.com;Olá, pedimos sinceras desculpas pelo transtorno. Confirmamos uma instabilidade em nossos servidores durante esse período, já totalmente normalizada. Nenhuma operação em andamento ou saldo foi afetado durante a indisponibilidade.","22/Mar/25 7:17 AM;qm:96e3bf0d-beea-4cd2-bca9-568ee30412d2:dcd8d81d-4933-40c2-b3f2-7d9c8757ab99;que bom que nada foi afetado, mas foi bem inconveniente o momento",22/Mar/25 7:57 AM;maxi220julio@gmail.com;Compreendemos totalmente e registramos o ocorrido para reforçar a estabilidade da plataforma em horários de pico. Pedimos desculpas novamente pelo transtorno causado.,,,
limite diferente pra compra e pra saque,"percebi que o limite de compra é maior que o limite de saque, isso é normal ou é algum erro",Medium,Resolved,qm:96e3bf0d-beea-4cd2-bca9-568ee30412d2:4d958f1b-e893-41fe-b2c5-f0f6163cdd67,maxyjulio18@gmail.com,Tokenia Web,Service Request,Limites e restrições,3/Jul/26 9:36 PM,"5/Jul/26 4:30 PM;maxyjulio18@gmail.com;Olá! Sim, é normal. Os limites de compra e saque são calculados de forma independente, cada um com seus próprios critérios de segurança e conformidade regulatória.","5/Jul/26 4:36 PM;qm:96e3bf0d-beea-4cd2-bca9-568ee30412d2:4d958f1b-e893-41fe-b2c5-f0f6163cdd67;entendi, obrigado pela explicação",,,,
conta restrita apos denuncia de terceiro,"recebi um aviso que minha conta foi restrita por causa de uma denuncia, mas nao fiz nada errado que eu saiba",High,Waiting for Customer,qm:96e3bf0d-beea-4cd2-bca9-568ee30412d2:8a0ee7d5-029c-4a08-a42f-b06768b64927,maxyjulio18@gmail.com,Tokenia App,Service Request,Limites e restrições,22/Nov/25 8:12 AM,"22/Nov/25 8:37 AM;maxyjulio18@gmail.com;Olá, entendemos a preocupação. Para investigarmos corretamente esse caso, precisamos que você nos envie uma breve explicação sobre suas operações recentes e, se possível, documentos que comprovem a legitimidade das transações questionadas.",22/Nov/25 8:49 AM;qm:96e3bf0d-beea-4cd2-bca9-568ee30412d2:8a0ee7d5-029c-4a08-a42f-b06768b64927;vou preparar essa explicação com calma e envio em breve,,,,
o limite considera apenas operações concluidas,"tenho uma ordem pendente ainda nao executada, ela conta pro meu limite diario mesmo assim",Low,Resolved,qm:96e3bf0d-beea-4cd2-bca9-568ee30412d2:98550bc5-9bb9-469f-b7d4-4756a5f09e88,maxyjulio18@gmail.com,Tokenia Web,Service Request,Limites e restrições,16/Apr/25 11:29 PM,17/Apr/25 5:56 AM;maxyjulio18@gmail.com;Olá! Ordens pendentes que ainda não foram executadas não contam para o seu limite diário. Apenas operações efetivamente concluídas são consideradas no cálculo.,"17/Apr/25 7:12 AM;qm:96e3bf0d-beea-4cd2-bca9-568ee30412d2:98550bc5-9bb9-469f-b7d4-4756a5f09e88;entendi, obrigado pela explicação",,,,
posso trocar o documento usado na verificação inicial,"verifiquei minha conta com RG mas agora só tenho CNH em maos, posso atualizar pra esse documento",Medium,Resolved,qm:96e3bf0d-beea-4cd2-bca9-568ee30412d2:7c253ab9-2d35-4a94-8bdc-a3901c3156f8,maxi220julio@gmail.com,Tokenia App,Service Request,Verificação de identidade,20/Dec/24 11:54 PM,"21/Dec/24 2:20 AM;maxi220julio@gmail.com;Olá! Sim, você pode atualizar o documento de verificação a qualquer momento na seção 'Verificação' do seu perfil, enviando o novo documento válido.","21/Dec/24 2:32 AM;qm:96e3bf0d-beea-4cd2-bca9-568ee30412d2:7c253ab9-2d35-4a94-8bdc-a3901c3156f8;otimo, vou atualizar entao. obrigado",,,,
conta bloqueada por suspeita de fraude na verificação,"recebi um email dizendo que minha verificação foi sinalizada por suspeita de fraude, mas todos meus documentos sao reais e meus",Highest,Escalated,qm:96e3bf0d-beea-4cd2-bca9-568ee30412d2:90ddc072-98d5-472a-8bd1-0e91d161e3ed,maxi220julio@gmail.com,Tokenia App,Service Request,Verificação de identidade,28/May/24 8:37 AM,"28/May/24 8:45 AM;maxi220julio@gmail.com;Olá, entendemos a gravidade da situação. Esse tipo de sinalização exige uma análise manual mais aprofundada da nossa equipe de compliance. Vou escalar seu caso imediatamente com prioridade máxima.","28/May/24 10:06 AM;qm:96e3bf0d-beea-4cd2-bca9-568ee30412d2:90ddc072-98d5-472a-8bd1-0e91d161e3ed;por favor, meus documentos sao totalmente legitimos, preciso resolver isso rapido",28/May/24 10:19 AM;maxi220julio@gmail.com;Compreendemos completamente a urgência. Nosso time especializado vai revisar seu caso minuciosamente e entrar em contato com um posicionamento claro o mais rápido possível.,,,
posso agendar um saque pra uma data futura,"queria programar um saque pra acontecer automaticamente numa data especifica do mes que vem, tem essa opção",Medium,Resolved,qm:96e3bf0d-beea-4cd2-bca9-568ee30412d2:98550bc5-9bb9-469f-b7d4-4756a5f09e88,maxyjulio18@gmail.com,Tokenia App,Service Request,Depósitos e saques,1/May/24 5:40 PM,"1/May/24 7:15 PM;maxyjulio18@gmail.com;Olá! No momento não temos a opção de agendamento futuro para saques, apenas solicitações imediatas. Você pode fazer a solicitação diretamente no dia desejado.","1/May/24 8:26 PM;qm:96e3bf0d-beea-4cd2-bca9-568ee30412d2:98550bc5-9bb9-469f-b7d4-4756a5f09e88;entendi, vou fazer manual entao quando chegar a data. obrigado",,,,
posso configurar minha conta pra pedir 2FA em toda operação de saque,"queria uma camada extra de segurança, pedindo o codigo do authenticator toda vez que eu for sacar, nao so no login",Medium,Resolved,qm:96e3bf0d-beea-4cd2-bca9-568ee30412d2:74b34d2b-8c7a-4390-a0d5-6fe51576bcc9,maxyjulio18@gmail.com,Portal Tokenia,Service Request,Segurança da conta,2/May/25 5:50 AM,"2/May/25 9:36 AM;maxyjulio18@gmail.com;Olá! Sim, você pode ativar essa opção em Configurações > Segurança > Confirmação de saque por 2FA. Assim, toda solicitação de saque vai exigir o código adicional do seu autenticador.","2/May/25 10:56 AM;qm:96e3bf0d-beea-4cd2-bca9-568ee30412d2:74b34d2b-8c7a-4390-a0d5-6fe51576bcc9;perfeito, vou ativar agora mesmo. obrigado",,,,
recebi varios emails de tentativa de login em sequencia,"em menos de 10 minutos recebi 5 emails de alerta de tentativa de login, todos bloqueados, mas fiquei preocupado com a insistencia",High,Escalated,qm:96e3bf0d-beea-4cd2-bca9-568ee30412d2:1c6c8f3c-0b42-4193-b8f6-814150c2f7da,maxyjulio18@gmail.com,Portal Tokenia,Service Request,Segurança da conta,3/Feb/25 3:24 PM,"3/Feb/25 4:23 PM;maxyjulio18@gmail.com;Olá, entendemos a preocupação com essa quantidade de tentativas em sequência. Vou escalar seu caso para o time de segurança investigar a origem dessas tentativas com mais profundidade.","3/Feb/25 5:51 PM;qm:96e3bf0d-beea-4cd2-bca9-568ee30412d2:1c6c8f3c-0b42-4193-b8f6-814150c2f7da;por favor, gostaria de saber se minha senha pode ter vazado de algum jeito",3/Feb/25 7:05 PM;maxyjulio18@gmail.com;Compreendemos a preocupação. Recomendamos trocar sua senha imediatamente por precaução. Nosso time vai analisar os registros técnicos dessas tentativas e retornar com mais detalhes.,,,
recebo notificação toda vez que alguem tenta acessar minha conta,"queria confirmar se realmente sou avisado sempre que ha uma tentativa de acesso, mesmo que seja eu mesmo",Low,Resolved,qm:96e3bf0d-beea-4cd2-bca9-568ee30412d2:4d958f1b-e893-41fe-b2c5-f0f6163cdd67,maxi220julio@gmail.com,Tokenia Email,General request,Segurança da conta,11/Mar/24 2:17 AM,"11/Mar/24 4:15 AM;maxi220julio@gmail.com;Olá! Sim, você recebe uma notificação por e-mail sempre que houver uma tentativa de login em um dispositivo não reconhecido anteriormente, mesmo que seja você mesmo em um aparelho novo.","11/Mar/24 4:55 AM;qm:96e3bf0d-beea-4cd2-bca9-568ee30412d2:4d958f1b-e893-41fe-b2c5-f0f6163cdd67;entendi, faz sentido entao. obrigado",,,,
tentando ativar biometria mas o app trava,"toda vez que vou ativar login por digital o app trava e fecha sozinho, nao consigo concluir",Medium,Work in Progress,qm:96e3bf0d-beea-4cd2-bca9-568ee30412d2:e145fbce-fd98-4ca0-8b5b-23769ae5f2ad,maxi220julio@gmail.com,Portal Tokenia,Service Request,Segurança da conta,23/Jul/24 1:48 AM,"23/Jul/24 3:20 AM;maxi220julio@gmail.com;Olá, obrigado por reportar. Já identificamos essa falha ao ativar biometria em alguns modelos de celular e nosso time técnico está trabalhando na correção. Vamos te avisar assim que for resolvido.","23/Jul/24 3:58 AM;qm:96e3bf0d-beea-4cd2-bca9-568ee30412d2:e145fbce-fd98-4ca0-8b5b-23769ae5f2ad;ok, vou continuar usando senha por enquanto entao",,,,
diferença entre saldo disponivel e saldo total na carteira,"vi dois valores diferentes na tela da carteira, saldo disponivel e saldo total, qual é a diferença entre eles",Medium,Resolved,qm:96e3bf0d-beea-4cd2-bca9-568ee30412d2:dcd8d81d-4933-40c2-b3f2-7d9c8757ab99,maxi220julio@gmail.com,Portal Tokenia,Service Request,Carteira e endereços,10/Oct/25 12:47 AM,"11/Oct/25 2:47 AM;maxi220julio@gmail.com;Olá! O saldo total inclui tudo que você possui, incluindo valores em ordens abertas. Já o saldo disponível é a parte livre para novas operações ou saques imediatos.","11/Oct/25 4:12 AM;qm:96e3bf0d-beea-4cd2-bca9-568ee30412d2:dcd8d81d-4933-40c2-b3f2-7d9c8757ab99;entendi a diferença agora, obrigado pela explicação",,,,
posso exportar a lista dos meus enderecos salvos,tenho varios enderecos salvos e queria uma forma de exportar essa lista pra guardar em outro lugar,Low,Resolved,qm:96e3bf0d-beea-4cd2-bca9-568ee30412d2:bc0cf60c-4d7c-44c5-b1c0-9ddfc9a18eb2,maxi220julio@gmail.com,Tokenia App,Service Request,Carteira e endereços,17/Jun/24 1:12 AM,"17/Jun/24 10:45 PM;maxi220julio@gmail.com;Olá! No momento não temos função de exportação específica para a lista de endereços salvos, mas você pode visualizá-los e copiá-los manualmente sempre que precisar dentro da seção 'Favoritos'.","17/Jun/24 11:27 PM;qm:96e3bf0d-beea-4cd2-bca9-568ee30412d2:bc0cf60c-4d7c-44c5-b1c0-9ddfc9a18eb2;entendi, vou fazer manual entao. obrigado",,,,
endereço externo recusado ao tentar adicionar como favorito,tento adicionar o endereço da minha carteira externa como favorito mas o sistema recusa dizendo formato invalido,High,Waiting for Customer,qm:96e3bf0d-beea-4cd2-bca9-568ee30412d2:e6f6df0e-e5ea-45cc-b313-3724b1a6b631,maxyjulio18@gmail.com,Portal Tokenia,Service Request,Carteira e endereços,12/Oct/25 12:07 PM,12/Oct/25 1:05 PM;maxyjulio18@gmail.com;Olá! Poderia me enviar o endereço exato que está tentando cadastrar (sem informações sensíveis de saldo) e qual criptomoeda/rede está associada a ele? Isso ajuda a identificarmos se há algum caractere incorreto.,12/Oct/25 1:57 PM;qm:96e3bf0d-beea-4cd2-bca9-568ee30412d2:e6f6df0e-e5ea-45cc-b313-3724b1a6b631;vou copiar novamente direto da minha carteira e te mando aqui,,,,
meu saldo em cripto aparece truncado com poucas casas decimais,"tenho uma quantidade pequena de bitcoin mas na tela aparece arredondado, queria ver o valor exato com mais casas decimais",Medium,Resolved,qm:96e3bf0d-beea-4cd2-bca9-568ee30412d2:e145fbce-fd98-4ca0-8b5b-23769ae5f2ad,maximilianojavierjulio@gmail.com,Tokenia Email,General request,Carteira e endereços,19/Jun/24 10:04 PM,"19/Jun/24 10:31 PM;maximilianojavierjulio@gmail.com;Olá! Você pode ver o valor completo, com todas as casas decimais, tocando diretamente sobre o saldo exibido na tela da carteira, que expande a visualização detalhada.","19/Jun/24 10:56 PM;qm:96e3bf0d-beea-4cd2-bca9-568ee30412d2:e145fbce-fd98-4ca0-8b5b-23769ae5f2ad;consegui ver certinho agora, obrigado pela dica",,,,
menor de idade pode ter conta na Tokenia,meu sobrinho de 16 anos queria saber se pode abrir conta pra comecar a aprender sobre investimentos,Low,Resolved,qm:96e3bf0d-beea-4cd2-bca9-568ee30412d2:98550bc5-9bb9-469f-b7d4-4756a5f09e88,maxi220julio@gmail.com,Tokenia App,Service Request,Verificação de identidade,17/Jul/25 6:08 PM,"18/Jul/25 12:16 AM;maxi220julio@gmail.com;Olá! No momento, só aceitamos o cadastro de usuários maiores de 18 anos, conforme nossa política de conformidade regulatória.","18/Jul/25 12:25 AM;qm:96e3bf0d-beea-4cd2-bca9-568ee30412d2:98550bc5-9bb9-469f-b7d4-4756a5f09e88;entendi, vou avisar ele entao. obrigado",,,,
preciso reenviar documento porque troquei de nome,"me casei recentemente e mudei meu sobrenome, preciso atualizar isso na minha verificação",Medium,Resolved,qm:96e3bf0d-beea-4cd2-bca9-568ee30412d2:98550bc5-9bb9-469f-b7d4-4756a5f09e88,maxi220julio@gmail.com,Portal Tokenia,Service Request,Verificação de identidade,22/Jan/25 6:00 PM,"22/Jan/25 8:39 PM;maxi220julio@gmail.com;Olá, parabéns pelo casamento! Para atualizar o nome, precisamos que você envie o documento atualizado com o novo sobrenome, além da certidão de casamento como comprovação da mudança.",22/Jan/25 9:11 PM;qm:96e3bf0d-beea-4cd2-bca9-568ee30412d2:98550bc5-9bb9-469f-b7d4-4756a5f09e88;vou providenciar os dois documentos e enviar em breve,,,,
conta bloqueada apos verificação apontar documento adulterado,"recebi uma mensagem grave dizendo que meu documento foi identificado como possivelmente adulterado, mas é um documento real e original",Highest,Escalated,qm:96e3bf0d-beea-4cd2-bca9-568ee30412d2:b7a06e76-4e6b-48b6-a6c2-1f5297504226,maxi220julio@gmail.com,Tokenia Web,Service Request,Verificação de identidade,8/Oct/24 10:38 PM,"8/Oct/24 10:45 PM;maxi220julio@gmail.com;Olá, entendemos a gravidade dessa situação. Esse tipo de sinalização exige análise manual detalhada pela nossa equipe especializada de compliance. Vou escalar seu caso imediatamente com prioridade máxima.","8/Oct/24 11:23 PM;qm:96e3bf0d-beea-4cd2-bca9-568ee30412d2:b7a06e76-4e6b-48b6-a6c2-1f5297504226;por favor, meu documento é totalmente original, isso é muito serio pra mim","9/Oct/24 12:42 AM;maxi220julio@gmail.com;Compreendemos completamente a seriedade da situação. Nosso time vai revisar minuciosamente o documento enviado e a análise automática que gerou esse alerta, retornando com uma posição clara o mais breve possível.",,,
verificação parada na etapa de reconhecimento facial,consegui enviar meus documentos mas a etapa de reconhecimento facial fica carregando sem terminar,Medium,Work in Progress,qm:96e3bf0d-beea-4cd2-bca9-568ee30412d2:bc0cf60c-4d7c-44c5-b1c0-9ddfc9a18eb2,maximilianojavierjulio@gmail.com,Tokenia Web,Service Request,Verificação de identidade,14/Sep/25 8:12 AM,"14/Sep/25 8:46 AM;maximilianojavierjulio@gmail.com;Olá, obrigado por reportar. Identificamos uma instabilidade pontual na etapa de reconhecimento facial para alguns usuários e nosso time técnico já está atuando na correção.","14/Sep/25 9:45 AM;qm:96e3bf0d-beea-4cd2-bca9-568ee30412d2:bc0cf60c-4d7c-44c5-b1c0-9ddfc9a18eb2;ok, vou tentar novamente mais tarde entao",,,,
posso acessar minha conta so pelo navegador sem instalar o app,"prefiro nao instalar aplicativos no celular, da pra usar a Tokenia so pelo navegador normalmente",Low,Resolved,qm:96e3bf0d-beea-4cd2-bca9-568ee30412d2:1007ee5e-c272-40ae-811d-eed78b3d4e7c,maxi220julio@gmail.com,Tokenia Web,Service Request,Acesso e autenticação,26/Feb/26 2:09 AM,"26/Feb/26 8:33 AM;maxi220julio@gmail.com;Olá! Sim, você pode acessar e usar todas as funcionalidades principais da Tokenia diretamente pelo navegador, sem necessidade de instalar o aplicativo.","26/Feb/26 9:12 AM;qm:96e3bf0d-beea-4cd2-bca9-568ee30412d2:1007ee5e-c272-40ae-811d-eed78b3d4e7c;otimo, vou usar assim entao. obrigado",,,,
quanto tempo a sessão fica ativa sem eu usar o app,queria saber depois de quanto tempo parado o app me desloga automaticamente por inatividade,Medium,Resolved,qm:96e3bf0d-beea-4cd2-bca9-568ee30412d2:cf6bd68c-2cf4-4fa6-93ba-fc96a0e57143,maxyjulio18@gmail.com,Tokenia Email,General request,Acesso e autenticação,5/Jan/26 9:13 AM,"5/Jan/26 1:00 PM;maxyjulio18@gmail.com;Olá! Por padrão, a sessão permanece ativa por até 30 dias em dispositivos reconhecidos, mas pode ser encerrada antes em caso de logout manual ou detecção de atividade suspeita.","5/Jan/26 1:18 PM;qm:96e3bf0d-beea-4cd2-bca9-568ee30412d2:cf6bd68c-2cf4-4fa6-93ba-fc96a0e57143;entendi, obrigado pela informação",,,,
ia trocar de numero de celular mas nao vou mais,ia atualizar meu numero de telefone cadastrado mas decidi manter o antigo mesmo,Low,Canceled,qm:96e3bf0d-beea-4cd2-bca9-568ee30412d2:82ce44fa-76c2-43f3-bf42-64a209d1fd28,maximilianojavierjulio@gmail.com,Tokenia App,Service Request,Acesso e autenticação,24/Oct/24 10:15 AM,"24/Oct/24 3:17 PM;maximilianojavierjulio@gmail.com;Olá! Sem problemas, seu número atual continua válido e cadastrado normalmente.",,,,,
app crashava toda vez que eu tentava vender durante flash crash,"durante uma queda muito rapida do mercado o app crashava toda vez que eu tentava vender minha posição, foi bem estressante",Highest,Resolved,qm:96e3bf0d-beea-4cd2-bca9-568ee30412d2:8a0ee7d5-029c-4a08-a42f-b06768b64927,maxi220julio@gmail.com,Tokenia Email,General request,Operações de compra/venda cripto,7/Mar/25 11:25 PM,"9/Mar/25 8:08 PM;maxi220julio@gmail.com;Olá, entendemos completamente o quanto isso deve ter sido estressante em um momento de tanta volatilidade. Confirmamos uma sobrecarga pontual em nossos servidores devido ao volume extremo de acessos simultâneos durante esse movimento brusco de mercado.","9/Mar/25 8:23 PM;qm:96e3bf0d-beea-4cd2-bca9-568ee30412d2:8a0ee7d5-029c-4a08-a42f-b06768b64927;isso me custou bastante, gostaria de saber se ha algo que possam fazer a respeito",9/Mar/25 8:38 PM;maxi220julio@gmail.com;Compreendemos o impacto financeiro que isso pode ter causado. Registramos formalmente seu caso e nosso time de infraestrutura já está reforçando a capacidade do sistema para eventos de alta volatilidade. Vamos encaminhar sua situação específica para análise da nossa equipe especializada.,,,
como funciona a taxa de spread em diferentes horarios,"notei que o spread parece maior de madrugada, isso é normal ou depende de outra coisa",Medium,Resolved,qm:96e3bf0d-beea-4cd2-bca9-568ee30412d2:b12e56d5-73d2-49e3-b5e3-60b23bef9f3b,maxyjulio18@gmail.com,Tokenia App,Service Request,Operações de compra/venda cripto,16/Sep/24 10:46 AM,"16/Sep/24 12:56 PM;maxyjulio18@gmail.com;Olá! Sim, é normal. O spread costuma variar conforme a liquidez do mercado, que geralmente é menor em horários de menor movimento, como de madrugada, resultando em spreads ligeiramente maiores nesses períodos.","16/Sep/24 1:28 PM;qm:96e3bf0d-beea-4cd2-bca9-568ee30412d2:b12e56d5-73d2-49e3-b5e3-60b23bef9f3b;entendi, vou evitar operar de madrugada entao. obrigado",,,,
quero sugerir melhoria na tela de ordens abertas,"acho que a tela de ordens abertas poderia mostrar mais informações, queria dar essa sugestão",Low,Waiting for Agent,qm:96e3bf0d-beea-4cd2-bca9-568ee30412d2:ebdc7d4f-7a89-4bb1-a131-b652ee3ba99b,maximilianojavierjulio@gmail.com,Tokenia App,Service Request,Operações de compra/venda cripto,28/Jun/25 5:37 AM,"28/Jun/25 11:10 AM;qm:96e3bf0d-beea-4cd2-bca9-568ee30412d2:ebdc7d4f-7a89-4bb1-a131-b652ee3ba99b;boa tarde, gostaria de dar uma sugestão de melhoria pra tela de ordens abertas, onde posso enviar isso",,,,,
saldo em reais ficou negativo depois de um estorno,"houve um estorno de uma operação e agora meu saldo em reais aparece negativo, isso é normal",High,Resolved,qm:96e3bf0d-beea-4cd2-bca9-568ee30412d2:3aac0f08-6d3d-4bb7-adb0-090a0412c60a,maxyjulio18@gmail.com,Tokenia App,Service Request,Operações de compra/venda fiat,13/Feb/25 1:19 AM,"13/Feb/25 8:45 AM;maxyjulio18@gmail.com;Olá! Verificamos sua conta e identificamos que o estorno ocorreu após você já ter utilizado parte do saldo em outra operação, gerando essa diferença temporária. Vamos ajustar manualmente para regularizar o saldo correto.","13/Feb/25 10:05 AM;qm:96e3bf0d-beea-4cd2-bca9-568ee30412d2:3aac0f08-6d3d-4bb7-adb0-090a0412c60a;entendi, obrigado por verificar e corrigir","13/Feb/25 11:20 AM;maxyjulio18@gmail.com;Já realizamos o ajuste, seu saldo já está correto e positivo novamente. Qualquer dúvida estamos à disposição.",,,
posso ver a cotação historica do dolar dentro do app,"queria acompanhar como o dolar variou nos ultimos meses, tem esse historico dentro da plataforma",Medium,Resolved,qm:96e3bf0d-beea-4cd2-bca9-568ee30412d2:90ddc072-98d5-472a-8bd1-0e91d161e3ed,maxyjulio18@gmail.com,Portal Tokenia,Service Request,Operações de compra/venda fiat,19/Jun/24 6:48 AM,"19/Jun/24 7:39 AM;maxyjulio18@gmail.com;Olá! Você pode acompanhar a variação histórica do USDT (referência de dólar) na tela do ativo, com gráficos de diferentes períodos disponíveis para consulta.","19/Jun/24 8:49 AM;qm:96e3bf0d-beea-4cd2-bca9-568ee30412d2:90ddc072-98d5-472a-8bd1-0e91d161e3ed;achei, muito bom. obrigado",,,,
operação em reais ficou duplicada no extrato,"fiz uma unica compra de USDT com reais mas no extrato aparece duas vezes a mesma operação, com dois debitos",High,Escalated,qm:96e3bf0d-beea-4cd2-bca9-568ee30412d2:b9908a88-c7cb-48d9-b10c-f21b473a87ee,maximilianojavierjulio@gmail.com,Tokenia Web,Service Request,Operações de compra/venda fiat,27/Jan/25 7:19 PM,"27/Jan/25 8:09 PM;maximilianojavierjulio@gmail.com;Olá, entendemos a gravidade dessa situação. Uma possível duplicidade de cobrança precisa de análise financeira detalhada. Vou escalar seu caso agora mesmo para o time responsável verificar com prioridade.","27/Jan/25 9:14 PM;qm:96e3bf0d-beea-4cd2-bca9-568ee30412d2:b9908a88-c7cb-48d9-b10c-f21b473a87ee;por favor, se for duplicado preciso do estorno do valor extra","27/Jan/25 10:11 PM;maximilianojavierjulio@gmail.com;Compreendemos totalmente. Caso a duplicidade seja confirmada, o valor cobrado indevidamente será estornado integralmente. Vamos te atualizar assim que a análise for concluída.",,,
posso depositar diretamente em dolar,"tenho uma conta em dolar no exterior, da pra depositar direto em dolar na Tokenia sem passar por reais",Medium,Resolved,qm:96e3bf0d-beea-4cd2-bca9-568ee30412d2:ed04d6ae-f36e-4f44-ba75-dad36ede95b7,maxyjulio18@gmail.com,Tokenia Web,Service Request,Depósitos e saques,2/Sep/25 9:10 AM,"2/Sep/25 10:53 AM;maxyjulio18@gmail.com;Olá! No momento não aceitamos depósitos diretos em moeda fiduciária estrangeira via transferência internacional. Os depósitos fiat disponíveis são em reais, via PIX, TED ou boleto.","2/Sep/25 12:21 PM;qm:96e3bf0d-beea-4cd2-bca9-568ee30412d2:ed04d6ae-f36e-4f44-ba75-dad36ede95b7;entendi, vou converter pra reais antes entao. obrigado",,,,
confirmação de deposito demora pra chegar por email,"depois que faço um deposito o email de confirmação demora bastante pra chegar, mesmo o saldo ja aparecendo",Low,Resolved,qm:96e3bf0d-beea-4cd2-bca9-568ee30412d2:ed04d6ae-f36e-4f44-ba75-dad36ede95b7,maxyjulio18@gmail.com,Tokenia Web,Service Request,Depósitos e saques,10/Aug/25 2:07 AM,"10/Aug/25 4:21 AM;maxyjulio18@gmail.com;Olá! O saldo é atualizado em tempo real assim que o depósito é confirmado, mas o e-mail de notificação pode levar alguns minutos a mais para ser processado e enviado. Não há motivo para preocupação nesse caso.","10/Aug/25 5:34 AM;qm:96e3bf0d-beea-4cd2-bca9-568ee30412d2:ed04d6ae-f36e-4f44-ba75-dad36ede95b7;entendi, o importante é o saldo mesmo. obrigado",,,,
saque em cripto travado aguardando confirmações da rede,"meu saque de bitcoin esta ha horas esperando confirmações da rede, isso é normal demorar tanto",High,Work in Progress,qm:96e3bf0d-beea-4cd2-bca9-568ee30412d2:79582374-52c1-48cf-9693-7f7e4f450adc,maxi220julio@gmail.com,Tokenia App,Service Request,Depósitos e saques,7/May/25 4:54 PM,7/May/25 5:05 PM;maxi220julio@gmail.com;Olá! Redes com maior congestionamento podem realmente levar mais tempo que o usual para confirmar transações. Estamos acompanhando o status da sua transação diretamente na blockchain e assim que confirmada será finalizada automaticamente.,"7/May/25 6:19 PM;qm:96e3bf0d-beea-4cd2-bca9-568ee30412d2:79582374-52c1-48cf-9693-7f7e4f450adc;ok, vou aguardar mais um pouco entao",,,,
posso cancelar um deposito ja feito,"fiz um deposito via PIX mas gostaria de cancelar e receber o valor de volta no meu banco, é possivel",Medium,Resolved,qm:96e3bf0d-beea-4cd2-bca9-568ee30412d2:1007ee5e-c272-40ae-811d-eed78b3d4e7c,maxyjulio18@gmail.com,Tokenia App,Service Request,Depósitos e saques,22/Nov/25 8:12 AM,"22/Nov/25 9:19 AM;maxyjulio18@gmail.com;Olá! Depósitos via PIX já confirmados não podem ser cancelados diretamente, mas você pode solicitar um saque do mesmo valor de volta para sua conta bancária normalmente, seguindo o fluxo padrão de saque.","22/Nov/25 9:31 AM;qm:96e3bf0d-beea-4cd2-bca9-568ee30412d2:1007ee5e-c272-40ae-811d-eed78b3d4e7c;entendi, vou solicitar o saque entao. obrigado",,,,
a Tokenia tem algum aplicativo de simulação pra praticar antes de investir de verdade,"sou iniciante e queria praticar antes de arriscar dinheiro real, existe algum modo demonstração",Low,Resolved,qm:96e3bf0d-beea-4cd2-bca9-568ee30412d2:98550bc5-9bb9-469f-b7d4-4756a5f09e88,maxyjulio18@gmail.com,Tokenia Web,Service Request,Informações e dúvidas gerais,16/Apr/25 11:29 PM,17/Apr/25 5:56 AM;maxyjulio18@gmail.com;Olá! No momento não oferecemos um modo demonstração com saldo fictício. Recomendamos começar com valores pequenos reais enquanto vai se familiarizando com a plataforma.,"17/Apr/25 7:12 AM;qm:96e3bf0d-beea-4cd2-bca9-568ee30412d2:98550bc5-9bb9-469f-b7d4-4756a5f09e88;entendi, vou comecar com pouco entao. obrigado",,,,
como faço pra falar com o suporte fora do chat do app,"prefiro mandar um email detalhado em vez de usar o chat, qual o email de contato do suporte",Medium,Resolved,qm:96e3bf0d-beea-4cd2-bca9-568ee30412d2:7c253ab9-2d35-4a94-8bdc-a3901c3156f8,maxi220julio@gmail.com,Tokenia App,Service Request,Informações e dúvidas gerais,20/Dec/24 11:54 PM,"21/Dec/24 2:20 AM;maxi220julio@gmail.com;Olá! Você pode nos contatar também pelo e-mail suporte@tokenia.com, com o mesmo prazo de atendimento do chat.","21/Dec/24 2:32 AM;qm:96e3bf0d-beea-4cd2-bca9-568ee30412d2:7c253ab9-2d35-4a94-8bdc-a3901c3156f8;otimo, vou usar esse email entao. obrigado",,,,
a Tokenia oferece staking de criptomoedas,"vi em outros exchanges a opção de staking pra render juros na cripto parada, aqui tem essa função",Low,Resolved,qm:96e3bf0d-beea-4cd2-bca9-568ee30412d2:90ddc072-98d5-472a-8bd1-0e91d161e3ed,maxi220julio@gmail.com,Tokenia App,Service Request,Informações e dúvidas gerais,28/May/24 8:37 AM,"28/May/24 10:46 AM;maxi220julio@gmail.com;Olá! No momento não oferecemos staking nativo na plataforma, mas essa é uma funcionalidade que está em avaliação para futuras atualizações.","28/May/24 12:07 PM;qm:96e3bf0d-beea-4cd2-bca9-568ee30412d2:90ddc072-98d5-472a-8bd1-0e91d161e3ed;entendi, vou ficar de olho pra quando lançarem. obrigado",,,,
queria saber sobre integração com outros apps mas resolvi de outra forma,ia perguntar se existe integração da Tokenia com apps de controle financeiro mas ja resolvi meu problema,Low,Canceled,qm:96e3bf0d-beea-4cd2-bca9-568ee30412d2:806cb782-ea88-4c57-b1ad-9d5a2e5efab3,maxyjulio18@gmail.com,Tokenia Web,Service Request,Informações e dúvidas gerais,3/Sep/24 5:41 AM,"3/Sep/24 10:33 AM;maxyjulio18@gmail.com;Olá! Sem problemas, qualquer dúvida no futuro estamos à disposição.",,,,,
a taxa de rede é sempre a mesma pra bitcoin,"notei que a taxa de rede do bitcoin varia bastante entre um saque e outro, achei que era fixa",Medium,Resolved,qm:96e3bf0d-beea-4cd2-bca9-568ee30412d2:5705c77d-869a-4f2d-b789-7fe84a892889,maxyjulio18@gmail.com,Tokenia Web,Service Request,Tarifas e comissões,27/Jul/26 1:11 AM,"27/Jul/26 5:02 AM;maxyjulio18@gmail.com;Olá! A taxa de rede do Bitcoin não é fixa, ela varia conforme o congestionamento da blockchain no momento da transação, sendo definida pela própria rede e não pela Tokenia.","27/Jul/26 5:47 AM;qm:96e3bf0d-beea-4cd2-bca9-568ee30412d2:5705c77d-869a-4f2d-b789-7fe84a892889;entendi agora, obrigado pela explicação",,,,
onde vejo o total de taxas que ja paguei esse ano,queria saber o total acumulado de taxas pagas esse ano pra fins de controle pessoal,Low,Resolved,qm:96e3bf0d-beea-4cd2-bca9-568ee30412d2:b9908a88-c7cb-48d9-b10c-f21b473a87ee,maxi220julio@gmail.com,Tokenia App,Service Request,Tarifas e comissões,10/Jun/25 12:42 AM,"10/Jun/25 5:03 AM;maxi220julio@gmail.com;Olá! Você pode conferir esse valor consolidado no relatório anual disponível na seção 'Relatórios' do seu perfil, que detalha todas as taxas pagas por período.","10/Jun/25 6:16 AM;qm:96e3bf0d-beea-4cd2-bca9-568ee30412d2:b9908a88-c7cb-48d9-b10c-f21b473a87ee;achei, muito util. obrigado",,,,
cobraram taxa muito superior ao normal numa operação enorme,"fiz uma operação de valor muito alto e a taxa cobrada foi bem maior que o percentual padrão de 1%, algo parece errado",Highest,Escalated,qm:96e3bf0d-beea-4cd2-bca9-568ee30412d2:c76e25ce-1103-4288-a853-a756f7dcaabf,maxi220julio@gmail.com,Tokenia App,Service Request,Tarifas e comissões,25/Aug/25 3:59 AM,"25/Aug/25 4:29 AM;maxi220julio@gmail.com;Olá, entendemos a gravidade dessa discrepância em um valor tão significativo. Vou escalar seu caso imediatamente para o time financeiro fazer uma verificação detalhada da operação.","25/Aug/25 4:54 AM;qm:96e3bf0d-beea-4cd2-bca9-568ee30412d2:c76e25ce-1103-4288-a853-a756f7dcaabf;por favor, é uma diferença bem grande de valor, preciso de uma resposta rapida","25/Aug/25 5:55 AM;maxi220julio@gmail.com;Compreendemos completamente a urgência. Já priorizamos a análise do seu caso e, caso confirmada qualquer cobrança incorreta, o ajuste será processado o mais breve possível.",,,
a taxa de saque em reais é fixa ou percentual,queria saber se a taxa de saque em reais via PIX é um valor fixo ou um percentual do valor sacado,Medium,Resolved,qm:96e3bf0d-beea-4cd2-bca9-568ee30412d2:7c253ab9-2d35-4a94-8bdc-a3901c3156f8,maxi220julio@gmail.com,Portal Tokenia,Service Request,Tarifas e comissões,10/Jul/26 1:04 PM,"10/Jul/26 1:45 PM;maxi220julio@gmail.com;Olá! Saques via PIX não possuem nenhuma taxa cobrada, nem fixa nem percentual, sendo totalmente gratuitos na Tokenia.","10/Jul/26 2:24 PM;qm:96e3bf0d-beea-4cd2-bca9-568ee30412d2:7c253ab9-2d35-4a94-8bdc-a3901c3156f8;que bom, ja tinha perguntado isso antes mas fiquei em duvida de novo. obrigado",,,,
modo escuro do app apaga alguns textos,"ativei o modo escuro e alguns textos ficaram da mesma cor do fundo, praticamente invisiveis",Medium,Resolved,qm:96e3bf0d-beea-4cd2-bca9-568ee30412d2:5705c77d-869a-4f2d-b789-7fe84a892889,maxyjulio18@gmail.com,Tokenia Email,General request,Problemas técnicos do app/site,11/Jan/25 6:39 AM,"11/Jan/25 11:21 AM;maxyjulio18@gmail.com;Olá! Obrigado por reportar. Já identificamos esse problema de contraste no modo escuro para algumas telas específicas e nosso time de design está corrigindo. Enquanto isso, você pode usar o modo claro sem esse problema.","11/Jan/25 11:58 AM;qm:96e3bf0d-beea-4cd2-bca9-568ee30412d2:5705c77d-869a-4f2d-b789-7fe84a892889;vou usar o modo claro por enquanto entao, obrigado",,,,
"impossivel fazer logout do app, o botao nao responde",queria trocar de conta e fazer logout mas o botao de sair simplesmente nao funciona quando eu clico,High,Work in Progress,qm:96e3bf0d-beea-4cd2-bca9-568ee30412d2:1007ee5e-c272-40ae-811d-eed78b3d4e7c,maximilianojavierjulio@gmail.com,Tokenia Web,Service Request,Problemas técnicos do app/site,4/May/25 7:23 PM,"6/May/25 12:09 AM;maximilianojavierjulio@gmail.com;Olá, obrigado por reportar. Identificamos uma falha pontual no botão de logout em algumas versões do app e nosso time técnico já está corrigindo. Como alternativa, você pode desinstalar e reinstalar o app para forçar o logout.","6/May/25 12:30 AM;qm:96e3bf0d-beea-4cd2-bca9-568ee30412d2:1007ee5e-c272-40ae-811d-eed78b3d4e7c;vou fazer isso entao enquanto nao corrigem, obrigado",,,,
app demora pra atualizar apos trocar de aba,"quando troco de aba dentro do app, tipo de carteira pra grafico, demora uns segundos pra carregar direito",Low,Resolved,qm:96e3bf0d-beea-4cd2-bca9-568ee30412d2:b9908a88-c7cb-48d9-b10c-f21b473a87ee,maxyjulio18@gmail.com,Tokenia Web,Service Request,Problemas técnicos do app/site,6/Jul/26 12:08 AM,6/Jul/26 4:28 AM;maxyjulio18@gmail.com;Olá! Obrigado por reportar. Pode nos informar o modelo do seu celular? Isso ajuda a identificar se é algo relacionado ao desempenho de determinados aparelhos.,"6/Jul/26 4:52 AM;qm:96e3bf0d-beea-4cd2-bca9-568ee30412d2:b9908a88-c7cb-48d9-b10c-f21b473a87ee;é um samsung a32, mas nao é nada muito grave, so um comentario mesmo","6/Jul/26 6:06 AM;maxyjulio18@gmail.com;Entendido, obrigado pelo feedback! Vamos registrar essa observação para melhorias futuras de performance.",,,
notificação de deposito chegou com valor errado,"recebi uma notificação de deposito com um valor diferente do que eu realmente depositei, mas o saldo na conta ta certo",Medium,Waiting for Customer,qm:96e3bf0d-beea-4cd2-bca9-568ee30412d2:b12e56d5-73d2-49e3-b5e3-60b23bef9f3b,maxi220julio@gmail.com,Tokenia App,Service Request,Problemas técnicos do app/site,28/Dec/25 3:36 PM,"28/Dec/25 7:16 PM;maxi220julio@gmail.com;Olá! Isso é interessante, pode ter sido uma falha pontual na exibição da notificação. Você poderia nos enviar um print da notificação recebida e o valor correto depositado para verificarmos?",28/Dec/25 7:52 PM;qm:96e3bf0d-beea-4cd2-bca9-568ee30412d2:b12e56d5-73d2-49e3-b5e3-60b23bef9f3b;vou tirar o print e te mando aqui,,,,
limite de compra reduzido depois de tempo sem operar,"fiquei um tempo sem usar a conta e agora percebi que meu limite de compra diminuiu, isso é normal",Medium,Resolved,qm:96e3bf0d-beea-4cd2-bca9-568ee30412d2:ed04d6ae-f36e-4f44-ba75-dad36ede95b7,maxi220julio@gmail.com,Tokenia Web,Service Request,Limites e restrições,27/Oct/24 2:09 AM,"27/Oct/24 3:31 AM;maxi220julio@gmail.com;Olá! Sim, contas com longos períodos de inatividade podem ter os limites reavaliados automaticamente por segurança. Você pode solicitar a reavaliação do seu limite atual a qualquer momento.","27/Oct/24 3:58 AM;qm:96e3bf0d-beea-4cd2-bca9-568ee30412d2:ed04d6ae-f36e-4f44-ba75-dad36ede95b7;entendi, vou solicitar entao. obrigado",,,,
o limite é o mesmo pra reais e para dolares,"tenho saldo em reais e em dolares, o limite diario considera os dois juntos ou separado",Low,Resolved,qm:96e3bf0d-beea-4cd2-bca9-568ee30412d2:9c34e718-8ff6-4bf1-b378-04f3dfd6d4b6,maxyjulio18@gmail.com,Tokenia Email,General request,Limites e restrições,30/Nov/25 1:46 PM,"30/Nov/25 2:50 PM;maxyjulio18@gmail.com;Olá! O limite diário é calculado considerando o valor total convertido em reais, somando todas as moedas fiduciárias que você possui na conta.","30/Nov/25 3:08 PM;qm:96e3bf0d-beea-4cd2-bca9-568ee30412d2:9c34e718-8ff6-4bf1-b378-04f3dfd6d4b6;entendi, obrigado pela explicação",,,,
quero entender os criterios usados pra definir meu limite inicial,"meu limite inicial ficou bem baixo comparado com o que eu esperava, queria entender como isso é calculado",High,Waiting for Agent,qm:96e3bf0d-beea-4cd2-bca9-568ee30412d2:e6f6df0e-e5ea-45cc-b313-3724b1a6b631,maxyjulio18@gmail.com,Tokenia Web,Service Request,Limites e restrições,9/Feb/25 12:55 PM,"9/Feb/25 2:32 PM;qm:96e3bf0d-beea-4cd2-bca9-568ee30412d2:e6f6df0e-e5ea-45cc-b313-3724b1a6b631;boa tarde, gostaria de entender melhor como é definido o limite inicial de uma conta nova, o meu ficou bem baixo",,,,,
posso usar a mesma senha do email na Tokenia,"por praticidade eu ia usar a mesma senha do meu email aqui na plataforma, isso é recomendado",Medium,Resolved,qm:96e3bf0d-beea-4cd2-bca9-568ee30412d2:74b34d2b-8c7a-4390-a0d5-6fe51576bcc9,maxyjulio18@gmail.com,Portal Tokenia,Service Request,Acesso e autenticação,2/May/25 5:50 AM,"2/May/25 9:36 AM;maxyjulio18@gmail.com;Olá! Não recomendamos reutilizar a mesma senha em diferentes serviços, incluindo e-mail. Se um deles for comprometido, o outro também fica vulnerável. O ideal é usar uma senha única e forte para cada conta.","2/May/25 10:56 AM;qm:96e3bf0d-beea-4cd2-bca9-568ee30412d2:74b34d2b-8c7a-4390-a0d5-6fe51576bcc9;faz sentido, vou criar uma diferente entao. obrigado pelo aviso",,,,
"app pede login toda vez que eu abro, mesmo tendo feito login recente",configurei pra lembrar login mas mesmo assim toda vez que abro o app pede pra entrar de novo,Low,Resolved,qm:96e3bf0d-beea-4cd2-bca9-568ee30412d2:1c6c8f3c-0b42-4193-b8f6-814150c2f7da,maxyjulio18@gmail.com,Portal Tokenia,Service Request,Acesso e autenticação,3/Feb/25 3:24 PM,"3/Feb/25 8:41 PM;maxyjulio18@gmail.com;Olá! Isso pode acontecer se a opção 'Manter conectado' não estiver marcada corretamente, ou se o sistema do celular estiver limpando os dados do app automaticamente. Você pode verificar essa configuração na tela de login?","3/Feb/25 10:09 PM;qm:96e3bf0d-beea-4cd2-bca9-568ee30412d2:1c6c8f3c-0b42-4193-b8f6-814150c2f7da;verifiquei e realmente nao tava marcada, ativei agora. obrigado",,,,
conta foi bloqueada e o suporte automatico nao resolve,"minha conta foi bloqueada ha dias e ja tentei todos os passos padrao sugeridos pelo chat automatico, nada funcionou",High,Escalated,qm:96e3bf0d-beea-4cd2-bca9-568ee30412d2:3b3304dc-2f4a-4a0c-94fd-cfc9d201d002,maxyjulio18@gmail.com,Tokenia Web,Service Request,Acesso e autenticação,7/May/25 3:42 AM,"7/May/25 4:46 AM;maxyjulio18@gmail.com;Olá, pedimos desculpas pela demora nessa resolução. Como os procedimentos padrão já foram tentados sem sucesso, vou escalar seu caso para um atendente especializado analisar diretamente.","7/May/25 5:10 AM;qm:96e3bf0d-beea-4cd2-bca9-568ee30412d2:3b3304dc-2f4a-4a0c-94fd-cfc9d201d002;por favor, ja faz dias que estou sem acesso","7/May/25 5:42 AM;maxyjulio18@gmail.com;Compreendemos totalmente a frustração com esse tempo de espera. Já priorizei seu atendimento junto ao time especializado, que vai retornar com uma solução definitiva o quanto antes.",,,
não recebo o email de confirmação de novo cadastro,"fiz meu cadastro hoje mas o email de confirmação de conta nunca chegou, ja verifiquei o spam",Medium,Work in Progress,qm:96e3bf0d-beea-4cd2-bca9-568ee30412d2:ed04d6ae-f36e-4f44-ba75-dad36ede95b7,maxyjulio18@gmail.com,Tokenia Web,Service Request,Acesso e autenticação,29/Jul/24 5:50 AM,"29/Jul/24 7:23 AM;maxyjulio18@gmail.com;Olá, obrigado por reportar. Identificamos uma lentidão pontual no envio de e-mails de confirmação para novos cadastros e nosso time técnico já está atuando na correção. Vamos reenviar manualmente o seu agora.","29/Jul/24 7:33 AM;qm:96e3bf0d-beea-4cd2-bca9-568ee30412d2:ed04d6ae-f36e-4f44-ba75-dad36ede95b7;ok, vou aguardar chegar entao",,,,
prejuizo grande por lentidao do sistema em momento critico,"durante uma queda muito rapida do mercado o sistema demorou demais pra processar minha venda, tive um prejuizo consideravel por causa disso",Highest,Resolved,qm:96e3bf0d-beea-4cd2-bca9-568ee30412d2:eb9cbe24-105c-40ed-844a-c2c2ea40c29f,maxyjulio18@gmail.com,Tokenia Web,Service Request,Operações de compra/venda cripto,1/Jul/24 9:53 AM,"1/Jul/24 10:35 AM;maxyjulio18@gmail.com;Olá, entendemos completamente a gravidade do prejuízo causado nessa situação. Confirmamos uma lentidão pontual no processamento de ordens durante esse momento de altíssima volatilidade, causada por um volume de operações muito acima do normal.","1/Jul/24 11:26 AM;qm:96e3bf0d-beea-4cd2-bca9-568ee30412d2:eb9cbe24-105c-40ed-844a-c2c2ea40c29f;isso me afetou financeiramente de forma significativa, gostaria de uma resposta sobre o que pode ser feito","1/Jul/24 12:44 PM;maxyjulio18@gmail.com;Compreendemos totalmente o impacto. Registramos seu caso formalmente e vamos encaminhá-lo para análise da nossa equipe especializada, que vai avaliar a situação específica da sua conta com prioridade.",,,
posso ver quanto ja lucrei ou perdi no total,queria uma visão geral de lucro e prejuizo acumulado desde que comecei a operar na plataforma,Medium,Resolved,qm:96e3bf0d-beea-4cd2-bca9-568ee30412d2:7c253ab9-2d35-4a94-8bdc-a3901c3156f8,maxyjulio18@gmail.com,Portal Tokenia,Service Request,Operações de compra/venda cripto,18/Feb/25 12:39 AM,"18/Feb/25 4:43 AM;maxyjulio18@gmail.com;Olá! Você pode acompanhar seu desempenho geral na seção 'Meu Portfólio', que mostra o lucro ou prejuízo acumulado considerando todas as suas operações desde o início.","18/Feb/25 5:46 AM;qm:96e3bf0d-beea-4cd2-bca9-568ee30412d2:7c253ab9-2d35-4a94-8bdc-a3901c3156f8;achei, muito bom saber disso. obrigado",,,,
existe alguma taxa diferente pra comprar moedas menos conhecidas,"vi que tem criptomoedas mais populares e outras menos conhecidas na lista, a taxa é a mesma pra todas",Low,Resolved,qm:96e3bf0d-beea-4cd2-bca9-568ee30412d2:b12e56d5-73d2-49e3-b5e3-60b23bef9f3b,maxi220julio@gmail.com,Tokenia App,Service Request,Operações de compra/venda cripto,27/Sep/25 1:20 AM,"27/Sep/25 9:16 AM;maxi220julio@gmail.com;Olá! A taxa padrão de 1% se aplica igualmente para todas as criptomoedas disponíveis na plataforma, independentemente da popularidade do ativo.","27/Sep/25 10:43 AM;qm:96e3bf0d-beea-4cd2-bca9-568ee30412d2:b12e56d5-73d2-49e3-b5e3-60b23bef9f3b;entendi, obrigado pela confirmação",,,,
queria configurar uma ordem stop loss mas mudei de plano,ia configurar uma ordem de stop loss pra proteger minha posição mas decidi acompanhar manualmente por enquanto,Low,Canceled,qm:96e3bf0d-beea-4cd2-bca9-568ee30412d2:5705c77d-869a-4f2d-b789-7fe84a892889,maximilianojavierjulio@gmail.com,Tokenia App,Service Request,Operações de compra/venda cripto,8/Jun/26 6:10 PM,"8/Jun/26 8:15 PM;maximilianojavierjulio@gmail.com;Olá! Sem problemas, a opção continua disponível sempre que quiser configurar.",,,,,
TED enviada mas o sistema mostra deposito via PIX,"enviei o dinheiro via TED mas no historico da minha conta aparece registrado como se fosse deposito via PIX, achei estranho",High,Resolved,qm:96e3bf0d-beea-4cd2-bca9-568ee30412d2:7c253ab9-2d35-4a94-8bdc-a3901c3156f8,maximilianojavierjulio@gmail.com,Tokenia App,Service Request,Operações de compra/venda fiat,17/Jul/25 6:08 PM,"17/Jul/25 7:17 PM;maximilianojavierjulio@gmail.com;Olá! Verificamos e confirmamos que o valor foi corretamente creditado, apenas a categorização do tipo de transferência no histórico ficou registrada de forma equivocada. Já corrigimos a exibição para refletir corretamente como TED.","17/Jul/25 7:26 PM;qm:96e3bf0d-beea-4cd2-bca9-568ee30412d2:7c253ab9-2d35-4a94-8bdc-a3901c3156f8;entendi, o importante é que o saldo esta certo. obrigado",,,,
posso ver a taxa de conversão antes de fazer o deposito,antes de depositar reais queria saber qual vai ser a taxa de conversão pra cripto naquele momento,Medium,Resolved,qm:96e3bf0d-beea-4cd2-bca9-568ee30412d2:98550bc5-9bb9-469f-b7d4-4756a5f09e88,maxi220julio@gmail.com,Portal Tokenia,Service Request,Operações de compra/venda fiat,22/Jan/25 6:00 PM,"22/Jan/25 8:39 PM;maxi220julio@gmail.com;Olá! A taxa de conversão só é aplicada no momento da compra da criptomoeda, não no depósito em si. O depósito em reais fica disponível como saldo, e você vê a cotação exata antes de confirmar qualquer compra.","22/Jan/25 9:11 PM;qm:96e3bf0d-beea-4cd2-bca9-568ee30412d2:98550bc5-9bb9-469f-b7d4-4756a5f09e88;entendi, faz sentido. obrigado pela explicação",,,,
recebi uma operação de estorno que nao reconheço,"vi um estorno no meu extrato de uma operação que eu nao lembro de ter feito, poderia me ajudar a entender",Medium,Waiting for Customer,qm:96e3bf0d-beea-4cd2-bca9-568ee30412d2:b7a06e76-4e6b-48b6-a6c2-1f5297504226,maxi220julio@gmail.com,Tokenia Web,Service Request,Operações de compra/venda fiat,8/Oct/24 10:38 PM,"8/Oct/24 11:37 PM;maxi220julio@gmail.com;Olá! Para investigarmos corretamente, poderia nos informar a data aproximada e o valor exato desse estorno que aparece no seu extrato?",9/Oct/24 12:15 AM;qm:96e3bf0d-beea-4cd2-bca9-568ee30412d2:b7a06e76-4e6b-48b6-a6c2-1f5297504226;vou verificar aqui com calma e te passo os detalhes,,,,
meu saldo em reais rende algum juro parado na conta,"tenho um saldo em reais parado ha um tempo, ele rende algum tipo de juro enquanto nao uso",Low,Resolved,qm:96e3bf0d-beea-4cd2-bca9-568ee30412d2:3b3304dc-2f4a-4a0c-94fd-cfc9d201d002,maximilianojavierjulio@gmail.com,Tokenia Web,Service Request,Operações de compra/venda fiat,14/Sep/25 8:12 AM,14/Sep/25 9:20 AM;maximilianojavierjulio@gmail.com;Olá! No momento o saldo em reais parado na conta não possui remuneração ou rendimento automático.,"14/Sep/25 10:19 AM;qm:96e3bf0d-beea-4cd2-bca9-568ee30412d2:3b3304dc-2f4a-4a0c-94fd-cfc9d201d002;entendi, obrigado pela informação",,,,
quero saber se a Tokenia guarda meus dados de cartao,"usei cartao de credito uma vez pra comprar parcelado, voces guardam esses dados salvos",Medium,Resolved,qm:96e3bf0d-beea-4cd2-bca9-568ee30412d2:1007ee5e-c272-40ae-811d-eed78b3d4e7c,maxi220julio@gmail.com,Tokenia Web,Service Request,Segurança da conta,26/Feb/26 2:09 AM,"26/Feb/26 5:21 AM;maxi220julio@gmail.com;Olá! Não armazenamos os dados completos do cartão em nossos servidores. O processamento é feito por um parceiro de pagamentos certificado, seguindo os padrões de segurança do mercado.","26/Feb/26 6:00 AM;qm:96e3bf0d-beea-4cd2-bca9-568ee30412d2:1007ee5e-c272-40ae-811d-eed78b3d4e7c;que bom, fico mais tranquilo. obrigado",,,,
meu 2FA foi desativado sem eu fazer isso,"entrei hoje e percebi que meu autenticador de dois fatores estava desativado, eu nunca desativei essa opção",High,Escalated,qm:96e3bf0d-beea-4cd2-bca9-568ee30412d2:cf6bd68c-2cf4-4fa6-93ba-fc96a0e57143,maxyjulio18@gmail.com,Tokenia Email,General request,Segurança da conta,5/Jan/26 9:13 AM,"5/Jan/26 10:38 AM;maxyjulio18@gmail.com;Olá, entendemos a gravidade dessa situação. Uma desativação não autorizada do 2FA é um indício sério que precisa de investigação imediata. Vou escalar seu caso para o time de segurança agora mesmo.","5/Jan/26 10:56 AM;qm:96e3bf0d-beea-4cd2-bca9-568ee30412d2:cf6bd68c-2cf4-4fa6-93ba-fc96a0e57143;por favor, isso me deixou bem preocupado com a segurança da minha conta",5/Jan/26 12:21 PM;maxyjulio18@gmail.com;Compreendemos completamente. Já bloqueamos preventivamente algumas funções da sua conta enquanto investigamos. Recomendamos reativar o 2FA imediatamente e trocar sua senha.,,,
posso ter dois metodos de 2FA cadastrados ao mesmo tempo,"queria ter um metodo de backup caso eu perca acesso ao meu autenticador principal, é possivel cadastrar dois",Low,Resolved,qm:96e3bf0d-beea-4cd2-bca9-568ee30412d2:b12e56d5-73d2-49e3-b5e3-60b23bef9f3b,maximilianojavierjulio@gmail.com,Tokenia App,Service Request,Segurança da conta,24/Oct/24 10:15 AM,"24/Oct/24 3:17 PM;maximilianojavierjulio@gmail.com;Olá! No momento é possível cadastrar apenas um método de 2FA ativo por vez, mas recomendamos guardar os códigos de backup gerados na ativação em um local seguro, caso precise recuperar o acesso.","24/Oct/24 3:36 PM;qm:96e3bf0d-beea-4cd2-bca9-568ee30412d2:b12e56d5-73d2-49e3-b5e3-60b23bef9f3b;entendi, vou guardar os codigos de backup entao. obrigado",,,,
posso restringir o acesso da minha conta por localização,"queria uma opção pra so permitir login vindo do brasil, tem essa funcionalidade",Medium,Resolved,qm:96e3bf0d-beea-4cd2-bca9-568ee30412d2:bc0cf60c-4d7c-44c5-b1c0-9ddfc9a18eb2,maxi220julio@gmail.com,Tokenia App,Service Request,Segurança da conta,29/May/24 11:36 PM,"30/May/24 1:47 AM;maxi220julio@gmail.com;Olá! No momento não temos uma opção de restrição por localização específica, mas você recebe alertas de login sempre que um acesso ocorre de uma localização não usual, permitindo agir rapidamente caso identifique algo suspeito.","30/May/24 2:54 AM;qm:96e3bf0d-beea-4cd2-bca9-568ee30412d2:bc0cf60c-4d7c-44c5-b1c0-9ddfc9a18eb2;entendi, ja é uma boa camada de segurança entao. obrigado",,,,
posso consolidar saldo de duas redes diferentes da mesma cripto,"tenho USDT depositado em duas redes diferentes, da pra juntar tudo em um lugar so",Medium,Resolved,qm:96e3bf0d-beea-4cd2-bca9-568ee30412d2:ebdc7d4f-7a89-4bb1-a131-b652ee3ba99b,maximilianojavierjulio@gmail.com,Tokenia App,Service Request,Carteira e endereços,16/Sep/24 10:46 AM,"16/Sep/24 12:56 PM;maximilianojavierjulio@gmail.com;Olá! O saldo de USDT é exibido de forma consolidada independente da rede utilizada no depósito, então já aparece somado automaticamente na sua carteira.","16/Sep/24 1:28 PM;qm:96e3bf0d-beea-4cd2-bca9-568ee30412d2:ebdc7d4f-7a89-4bb1-a131-b652ee3ba99b;ah que bom, ja ta tudo junto entao. obrigado",,,,
posso ver o QR code do meu endereço de deposito,"prefiro escanear QR code em vez de copiar o endereço manualmente, tem essa opção",Low,Resolved,qm:96e3bf0d-beea-4cd2-bca9-568ee30412d2:ebdc7d4f-7a89-4bb1-a131-b652ee3ba99b,maximilianojavierjulio@gmail.com,Tokenia App,Service Request,Carteira e endereços,28/Jun/25 5:37 AM,"28/Jun/25 11:10 AM;maximilianojavierjulio@gmail.com;Olá! Sim, na tela de depósito de cada criptomoeda existe um QR code disponível junto ao endereço, que você pode escanear diretamente da sua carteira externa.","28/Jun/25 12:21 PM;qm:96e3bf0d-beea-4cd2-bca9-568ee30412d2:ebdc7d4f-7a89-4bb1-a131-b652ee3ba99b;achei, bem mais pratico assim. obrigado",,,,
não consigo adicionar endereço de carteira fria como favorito,tento salvar o endereço da minha carteira fria (hardware wallet) mas o sistema fica travado processando sem concluir,High,Work in Progress,qm:96e3bf0d-beea-4cd2-bca9-568ee30412d2:ed04d6ae-f36e-4f44-ba75-dad36ede95b7,maxyjulio18@gmail.com,Tokenia App,Service Request,Carteira e endereços,8/Jun/24 11:03 AM,"8/Jun/24 11:54 AM;maxyjulio18@gmail.com;Olá, obrigado por reportar. Identificamos uma instabilidade pontual ao salvar determinados formatos de endereço e nosso time técnico já está atuando na correção. Vamos te avisar assim que for resolvido.","8/Jun/24 12:27 PM;qm:96e3bf0d-beea-4cd2-bca9-568ee30412d2:ed04d6ae-f36e-4f44-ba75-dad36ede95b7;ok, vou tentar de novo mais tarde entao",,,,
carteira mostra saldo em varias moedas fiat convertidas,queria saber se posso ver meu saldo total convertido em dolar em vez de so em reais,Medium,Resolved,qm:96e3bf0d-beea-4cd2-bca9-568ee30412d2:1007ee5e-c272-40ae-811d-eed78b3d4e7c,maximilianojavierjulio@gmail.com,Portal Tokenia,Service Request,Carteira e endereços,19/Feb/25 3:34 PM,"19/Feb/25 11:42 PM;maximilianojavierjulio@gmail.com;Olá! Sim, você pode alternar a moeda de referência exibida na tela principal em Configurações > Preferências > Moeda de exibição, escolhendo entre reais, dólares ou outras opções disponíveis.","20/Feb/25 12:29 AM;qm:96e3bf0d-beea-4cd2-bca9-568ee30412d2:1007ee5e-c272-40ae-811d-eed78b3d4e7c;otimo, vou trocar pra dolar entao. obrigado",,,,
o limite de saque considera o valor bruto ou liquido apos taxa,"quando calculo meu limite diario de saque, ele conta o valor antes ou depois de descontar a taxa de rede",Medium,Resolved,qm:96e3bf0d-beea-4cd2-bca9-568ee30412d2:c76e25ce-1103-4288-a853-a756f7dcaabf,maxyjulio18@gmail.com,Tokenia Email,General request,Limites e restrições,25/Mar/26 1:33 AM,"25/Mar/26 3:54 AM;maxyjulio18@gmail.com;Olá! O limite considera o valor bruto solicitado no saque, antes do desconto da taxa de rede, que é aplicada separadamente sobre esse valor.","25/Mar/26 4:59 AM;qm:96e3bf0d-beea-4cd2-bca9-568ee30412d2:c76e25ce-1103-4288-a853-a756f7dcaabf;entendi, obrigado pela explicação",,,,
existe restrição pra sacar logo apos criar a conta,"acabei de criar minha conta hoje, tem algum periodo de espera antes de poder sacar",Low,Resolved,qm:96e3bf0d-beea-4cd2-bca9-568ee30412d2:e145fbce-fd98-4ca0-8b5b-23769ae5f2ad,maxyjulio18@gmail.com,Portal Tokenia,Service Request,Limites e restrições,30/Dec/25 2:45 PM,"30/Dec/25 4:34 PM;maxyjulio18@gmail.com;Olá! Não existe um período de carência fixo, mas os limites de contas recém-criadas costumam ser mais conservadores até que a conta acumule histórico de operações.","30/Dec/25 4:45 PM;qm:96e3bf0d-beea-4cd2-bca9-568ee30412d2:e145fbce-fd98-4ca0-8b5b-23769ae5f2ad;entendi, obrigado pela informação",,,,
gostaria de solicitar aumento excepcional de limite pra uma operação unica,"preciso fazer uma operação bem acima do meu limite normal, é uma situação pontual e queria saber o processo",High,Waiting for Agent,qm:96e3bf0d-beea-4cd2-bca9-568ee30412d2:74b34d2b-8c7a-4390-a0d5-6fe51576bcc9,maxyjulio18@gmail.com,Portal Tokenia,Service Request,Limites e restrições,16/Nov/25 10:48 AM,"16/Nov/25 11:55 AM;qm:96e3bf0d-beea-4cd2-bca9-568ee30412d2:74b34d2b-8c7a-4390-a0d5-6fe51576bcc9;boa tarde, preciso de um aumento excepcional e pontual de limite pra uma operação especifica, como faço essa solicitação",,,,,
o limite de operações inclui compra e venda juntas ou separadas,queria saber se compra e venda contam pro mesmo limite diario ou sao calculados separadamente,Medium,Resolved,qm:96e3bf0d-beea-4cd2-bca9-568ee30412d2:e145fbce-fd98-4ca0-8b5b-23769ae5f2ad,maximilianojavierjulio@gmail.com,Tokenia Web,Service Request,Limites e restrições,4/Oct/24 6:22 PM,4/Oct/24 7:46 PM;maximilianojavierjulio@gmail.com;Olá! Compras e vendas são contabilizadas juntas dentro do mesmo limite diário de operações da sua conta.,"4/Oct/24 8:00 PM;qm:96e3bf0d-beea-4cd2-bca9-568ee30412d2:e145fbce-fd98-4ca0-8b5b-23769ae5f2ad;entendi, obrigado pela confirmação",,,,
posso comecar a usar a conta antes de terminar a verificação completa,"me cadastrei agora, posso ja fazer algumas operações basicas antes de completar toda a verificação",Low,Resolved,qm:96e3bf0d-beea-4cd2-bca9-568ee30412d2:9e1ed28d-2f8a-4bda-a163-752da5ee08d8,maximilianojavierjulio@gmail.com,Portal Tokenia,Service Request,Verificação de identidade,18/May/24 2:04 PM,"18/May/24 6:16 PM;maximilianojavierjulio@gmail.com;Olá! Sim, algumas funcionalidades básicas ficam disponíveis com a verificação inicial, mas operações de maior valor e saques exigem a verificação completa concluída.","18/May/24 6:32 PM;qm:96e3bf0d-beea-4cd2-bca9-568ee30412d2:9e1ed28d-2f8a-4bda-a163-752da5ee08d8;entendi, vou completar a verificação logo entao. obrigado",,,,
minha selfie foi aprovada mas o documento ainda esta pendente,"recebi confirmação da selfie mas o documento de identidade continua marcado como pendente, isso demora mais",Medium,Resolved,qm:96e3bf0d-beea-4cd2-bca9-568ee30412d2:ab026cd4-acd4-434b-90e5-109ffdddfa44,maxi220julio@gmail.com,Tokenia Web,Service Request,Verificação de identidade,18/Mar/26 6:20 PM,"18/Mar/26 8:05 PM;maxi220julio@gmail.com;Olá! As duas etapas (documento e selfie) são analisadas separadamente, mas em paralelo. Pode ser que o documento ainda esteja na fila de revisão, mesmo com a selfie já aprovada.","18/Mar/26 8:58 PM;qm:96e3bf0d-beea-4cd2-bca9-568ee30412d2:ab026cd4-acd4-434b-90e5-109ffdddfa44;entendi, vou aguardar entao. obrigado",,,,
documento recusado repetidamente sem explicação clara em nenhuma tentativa,"ja enviei meu documento 4 vezes e sempre é recusado, sem nenhuma explicação especifica do motivo, estou muito frustrado",Highest,Escalated,qm:96e3bf0d-beea-4cd2-bca9-568ee30412d2:98550bc5-9bb9-469f-b7d4-4756a5f09e88,maxi220julio@gmail.com,Tokenia Web,Service Request,Verificação de identidade,18/May/25 2:51 AM,"18/May/25 3:10 AM;maxi220julio@gmail.com;Olá, entendemos completamente sua frustração após várias tentativas sem sucesso. Vou escalar seu caso agora para uma análise manual detalhada pela nossa equipe especializada, que vai revisar caso a caso o que está gerando a recusa.","18/May/25 3:34 AM;qm:96e3bf0d-beea-4cd2-bca9-568ee30412d2:98550bc5-9bb9-469f-b7d4-4756a5f09e88;por favor, ja tentei de varias formas diferentes e nao entendo o que esta errado","18/May/25 4:03 AM;maxi220julio@gmail.com;Compreendemos completamente. Nosso time especializado vai analisar minuciosamente suas tentativas anteriores e retornar com uma explicação clara e definitiva, além de orientar os próximos passos corretos.",,,
posso fazer a verificação usando so o celular,"nao tenho computador em casa, da pra fazer todo o processo de verificação so pelo celular",Medium,Resolved,qm:96e3bf0d-beea-4cd2-bca9-568ee30412d2:e145fbce-fd98-4ca0-8b5b-23769ae5f2ad,maxyjulio18@gmail.com,Portal Tokenia,Service Request,Verificação de identidade,1/Jul/25 4:02 AM,"3/Jul/25 1:54 AM;maxyjulio18@gmail.com;Olá! Sim, todo o processo de verificação pode ser feito completamente pelo aplicativo no celular, incluindo envio de documentos e selfie.","3/Jul/25 3:00 AM;qm:96e3bf0d-beea-4cd2-bca9-568ee30412d2:e145fbce-fd98-4ca0-8b5b-23769ae5f2ad;otimo, vou fazer pelo celular entao. obrigado",,,,
posso fazer saque parcial de um valor especifico,"quero sacar so uma parte do meu saldo em reais, nao o total, isso é possivel",Medium,Resolved,qm:96e3bf0d-beea-4cd2-bca9-568ee30412d2:8a0ee7d5-029c-4a08-a42f-b06768b64927,maximilianojavierjulio@gmail.com,Tokenia App,Service Request,Depósitos e saques,28/May/24 8:37 AM,"28/May/24 9:41 AM;maximilianojavierjulio@gmail.com;Olá! Sim, você pode informar exatamente o valor que deseja sacar, não sendo necessário sacar o saldo total de uma vez.","28/May/24 11:02 AM;qm:96e3bf0d-beea-4cd2-bca9-568ee30412d2:8a0ee7d5-029c-4a08-a42f-b06768b64927;otimo, era isso que eu queria confirmar. obrigado",,,,
deposito grande em cripto nao foi creditado apos muitas confirmações,"depositei um valor bem alto em bitcoin, ja passou de 10 confirmações na blockchain e ainda nao apareceu na minha conta",High,Escalated,qm:96e3bf0d-beea-4cd2-bca9-568ee30412d2:806cb782-ea88-4c57-b1ad-9d5a2e5efab3,maxyjulio18@gmail.com,Tokenia Web,Service Request,Depósitos e saques,3/Sep/24 5:41 AM,"3/Sep/24 6:35 AM;maxyjulio18@gmail.com;Olá, entendemos a gravidade da situação considerando o valor envolvido. Vou escalar seu caso imediatamente para o time técnico verificar diretamente o processamento dessa transação em nossos sistemas.","3/Sep/24 6:45 AM;qm:96e3bf0d-beea-4cd2-bca9-568ee30412d2:806cb782-ea88-4c57-b1ad-9d5a2e5efab3;por favor, é um valor bem significativo pra mim, preciso de uma resposta rapida",3/Sep/24 8:09 AM;maxyjulio18@gmail.com;Compreendemos totalmente a urgência. Poderia nos enviar o hash da transação (TxID)? Vamos priorizar essa análise com o time técnico e retornar assim que tivermos uma posição.,,,
existe algum bonus por primeiro deposito,"vi em outras plataformas que da bonus pro primeiro deposito, aqui na Tokenia tem alguma promoção assim",Low,Resolved,qm:96e3bf0d-beea-4cd2-bca9-568ee30412d2:3b3304dc-2f4a-4a0c-94fd-cfc9d201d002,maximilianojavierjulio@gmail.com,Tokenia Email,General request,Depósitos e saques,10/Apr/25 2:02 AM,"10/Apr/25 7:39 AM;maximilianojavierjulio@gmail.com;Olá! No momento não temos um bônus fixo de primeiro depósito, mas de tempos em tempos realizamos promoções pontuais divulgadas nos nossos canais oficiais. Vale a pena acompanhar!","10/Apr/25 8:34 AM;qm:96e3bf0d-beea-4cd2-bca9-568ee30412d2:3b3304dc-2f4a-4a0c-94fd-cfc9d201d002;entendi, vou ficar de olho entao. obrigado",,,,
a Tokenia tem alguma comunidade ou forum de usuarios,"gostaria de trocar experiencia com outros usuarios da plataforma, tem algum grupo ou comunidade oficial",Low,Resolved,qm:96e3bf0d-beea-4cd2-bca9-568ee30412d2:806cb782-ea88-4c57-b1ad-9d5a2e5efab3,maximilianojavierjulio@gmail.com,Tokenia Email,General request,Informações e dúvidas gerais,9/Feb/26 6:34 AM,"9/Feb/26 12:06 PM;maximilianojavierjulio@gmail.com;Olá! Temos uma comunidade oficial no Telegram, onde usuários trocam experiências e nossa equipe compartilha novidades regularmente. O link está disponível no rodapé do nosso site.","9/Feb/26 1:09 PM;qm:96e3bf0d-beea-4cd2-bca9-568ee30412d2:806cb782-ea88-4c57-b1ad-9d5a2e5efab3;legal, vou entrar la. obrigado",,,,
como funciona o suporte pra clientes com deficiencia visual,tenho baixa visao e queria saber se o app tem algum recurso de acessibilidade,Medium,Resolved,qm:96e3bf0d-beea-4cd2-bca9-568ee30412d2:90ddc072-98d5-472a-8bd1-0e91d161e3ed,maxyjulio18@gmail.com,Portal Tokenia,Service Request,Informações e dúvidas gerais,14/Jun/26 4:27 AM,"14/Jun/26 6:06 AM;maxyjulio18@gmail.com;Olá! Nosso aplicativo é compatível com os leitores de tela nativos do celular (VoiceOver e TalkBack), além de suportar o ajuste de fonte do próprio sistema operacional para facilitar a leitura.","14/Jun/26 7:20 AM;qm:96e3bf0d-beea-4cd2-bca9-568ee30412d2:90ddc072-98d5-472a-8bd1-0e91d161e3ed;que bom saber disso, vou testar aqui. obrigado",,,,
quais sao as principais diferenças entre a Tokenia e outros exchanges,"estou avaliando qual exchange usar, o que diferencia a Tokenia das outras opções do mercado",Low,Resolved,qm:96e3bf0d-beea-4cd2-bca9-568ee30412d2:5705c77d-869a-4f2d-b789-7fe84a892889,maximilianojavierjulio@gmail.com,Portal Tokenia,Service Request,Informações e dúvidas gerais,10/Jul/26 1:04 PM,"10/Jul/26 2:27 PM;maximilianojavierjulio@gmail.com;Olá! Nossos principais diferenciais são o suporte dedicado em português, taxas competitivas e transparentes, além de foco especial na experiência do usuário iniciante em criptomoedas.","10/Jul/26 3:06 PM;qm:96e3bf0d-beea-4cd2-bca9-568ee30412d2:5705c77d-869a-4f2d-b789-7fe84a892889;legal, vou continuar testando por aqui entao. obrigado",,,,
a taxa de saque em cripto muda conforme o valor sacado,sacar um valor pequeno de bitcoin tem a mesma taxa de rede que sacar um valor grande,Medium,Resolved,qm:96e3bf0d-beea-4cd2-bca9-568ee30412d2:5705c77d-869a-4f2d-b789-7fe84a892889,maxyjulio18@gmail.com,Tokenia Email,General request,Tarifas e comissões,11/Jan/25 6:39 AM,"11/Jan/25 11:21 AM;maxyjulio18@gmail.com;Olá! A taxa de rede é calculada com base no tamanho da transação na blockchain, não no valor em si, então costuma ser praticamente a mesma independente de você sacar um valor pequeno ou grande.","11/Jan/25 11:58 AM;qm:96e3bf0d-beea-4cd2-bca9-568ee30412d2:5705c77d-869a-4f2d-b789-7fe84a892889;entendi, faz sentido. obrigado pela explicação",,,,
taxa aplicada incorretamente numa operação institucional grande,represento uma empresa que opera com valores altos regularmente e a taxa aplicada na ultima operação nao seguiu o acordo comercial negociado,Highest,Resolved,qm:96e3bf0d-beea-4cd2-bca9-568ee30412d2:1007ee5e-c272-40ae-811d-eed78b3d4e7c,maximilianojavierjulio@gmail.com,Tokenia Web,Service Request,Tarifas e comissões,4/May/25 7:23 PM,"6/May/25 12:09 AM;maximilianojavierjulio@gmail.com;Olá, pedimos desculpas pelo ocorrido. Considerando a relevância do acordo comercial da sua conta, vamos verificar imediatamente a configuração da taxa aplicada e corrigir qualquer divergência identificada.","6/May/25 12:30 AM;qm:96e3bf0d-beea-4cd2-bca9-568ee30412d2:1007ee5e-c272-40ae-811d-eed78b3d4e7c;por favor, precisamos que isso seja resolvido o quanto antes, é uma diferença significativa",6/May/25 1:56 AM;maximilianojavierjulio@gmail.com;Compreendemos totalmente a importância. Confirmamos que houve uma falha pontual na aplicação do acordo comercial nessa operação específica. Já corrigimos a configuração e vamos processar o estorno da diferença em até 5 dias úteis.,6/May/25 2:34 AM;qm:96e3bf0d-beea-4cd2-bca9-568ee30412d2:1007ee5e-c272-40ae-811d-eed78b3d4e7c;agradecemos a agilidade na resolução,,
notei uma taxa nova que nao existia antes no meu extrato,"apareceu uma taxa no meu extrato que eu nunca tinha visto antes, queria entender o que é",Medium,Waiting for Customer,qm:96e3bf0d-beea-4cd2-bca9-568ee30412d2:dcd8d81d-4933-40c2-b3f2-7d9c8757ab99,maxi220julio@gmail.com,Tokenia Web,Service Request,Tarifas e comissões,20/Jul/26 8:07 AM,"20/Jul/26 7:15 PM;maxi220julio@gmail.com;Olá! Para identificarmos corretamente, você poderia nos informar a data e o valor exato dessa taxa que apareceu no seu extrato?",20/Jul/26 7:39 PM;qm:96e3bf0d-beea-4cd2-bca9-568ee30412d2:dcd8d81d-4933-40c2-b3f2-7d9c8757ab99;vou conferir aqui e te passo os detalhes certinhos,,,,
app consome muita bateria do celular,notei que desde que instalei o app da tokenia minha bateria ta acabando mais rapido que o normal,Medium,Resolved,qm:96e3bf0d-beea-4cd2-bca9-568ee30412d2:1c6c8f3c-0b42-4193-b8f6-814150c2f7da,maxi220julio@gmail.com,Tokenia App,Service Request,Problemas técnicos do app/site,28/Dec/25 3:36 PM,"28/Dec/25 7:16 PM;maxi220julio@gmail.com;Olá! Obrigado por reportar. Você pode verificar se o app está com atualizações automáticas de preço em tempo real ativadas mesmo em segundo plano, o que pode aumentar o consumo de bateria? Você pode ajustar isso em Configurações > Notificações.","28/Dec/25 7:52 PM;qm:96e3bf0d-beea-4cd2-bca9-568ee30412d2:1c6c8f3c-0b42-4193-b8f6-814150c2f7da;vou verificar e ajustar aqui, obrigado pela dica",,,,
compra pelo cartao de credito parcelado nao esta funcionando,"tento fazer uma compra parcelada no cartao mas da erro na ultima etapa, ja tentei com dois cartoes diferentes",High,Work in Progress,qm:96e3bf0d-beea-4cd2-bca9-568ee30412d2:ed04d6ae-f36e-4f44-ba75-dad36ede95b7,maxi220julio@gmail.com,Tokenia Web,Service Request,Problemas técnicos do app/site,27/Oct/24 2:09 AM,"27/Oct/24 2:39 AM;maxi220julio@gmail.com;Olá, obrigado por reportar. Identificamos uma instabilidade pontual no processamento de compras parceladas e nosso time técnico já está trabalhando na correção. Vamos te avisar assim que for resolvido.","27/Oct/24 3:06 AM;qm:96e3bf0d-beea-4cd2-bca9-568ee30412d2:ed04d6ae-f36e-4f44-ba75-dad36ede95b7;ok, vou tentar com PIX enquanto isso entao",,,,
fonte do app fica muito pequena em celulares maiores,meu celular tem tela grande e a fonte do app parece desproporcionalmente pequena comparada com outros apps,Low,Resolved,qm:96e3bf0d-beea-4cd2-bca9-568ee30412d2:9c34e718-8ff6-4bf1-b378-04f3dfd6d4b6,maxyjulio18@gmail.com,Tokenia Email,General request,Problemas técnicos do app/site,30/Nov/25 1:46 PM,"30/Nov/25 2:50 PM;maxyjulio18@gmail.com;Olá! Obrigado pelo feedback. Você pode ajustar o tamanho da fonte diretamente nas configurações de acessibilidade do seu celular, que o app respeita automaticamente.","30/Nov/25 3:08 PM;qm:96e3bf0d-beea-4cd2-bca9-568ee30412d2:9c34e718-8ff6-4bf1-b378-04f3dfd6d4b6;ajustei e melhorou bastante, obrigado pela dica",,,,
posso trocar meu numero de telefone cadastrado sozinho,"troquei de celular e de chip, preciso atualizar o numero cadastrado na minha conta",Medium,Resolved,qm:96e3bf0d-beea-4cd2-bca9-568ee30412d2:74b34d2b-8c7a-4390-a0d5-6fe51576bcc9,maxyjulio18@gmail.com,Portal Tokenia,Service Request,Acesso e autenticação,2/May/25 5:50 AM,2/May/25 9:36 AM;maxyjulio18@gmail.com;Olá! Você pode atualizar seu número em Configurações > Dados pessoais > Telefone. Vamos enviar um código de confirmação para o novo número antes de finalizar a troca.,"2/May/25 10:56 AM;qm:96e3bf0d-beea-4cd2-bca9-568ee30412d2:74b34d2b-8c7a-4390-a0d5-6fe51576bcc9;recebi o codigo e ja atualizei, obrigado",,,,
existe algum atalho pra acessar mais rapido pelo celular,queria saber se da pra colocar algum atalho na tela inicial do celular pra abrir direto o app,Low,Resolved,qm:96e3bf0d-beea-4cd2-bca9-568ee30412d2:1c6c8f3c-0b42-4193-b8f6-814150c2f7da,maxyjulio18@gmail.com,Portal Tokenia,Service Request,Acesso e autenticação,3/Feb/25 3:24 PM,"3/Feb/25 8:41 PM;maxyjulio18@gmail.com;Olá! Sim, você pode adicionar um atalho na tela inicial do seu celular direto pela loja de aplicativos ou mantendo o ícone pressionado após a instalação, dependendo do sistema operacional.","3/Feb/25 10:09 PM;qm:96e3bf0d-beea-4cd2-bca9-568ee30412d2:1c6c8f3c-0b42-4193-b8f6-814150c2f7da;consegui adicionar aqui, ficou bem mais rapido. obrigado",,,,
erro ao tentar entrar usando login social do google,"sempre entrei usando minha conta google mas hoje esta dando erro toda vez que tento, nao sei o que aconteceu",High,Work in Progress,qm:96e3bf0d-beea-4cd2-bca9-568ee30412d2:3b3304dc-2f4a-4a0c-94fd-cfc9d201d002,maxyjulio18@gmail.com,Tokenia Web,Service Request,Acesso e autenticação,7/May/25 3:42 AM,"7/May/25 4:46 AM;maxyjulio18@gmail.com;Olá, obrigado por reportar. Identificamos uma instabilidade pontual na integração com login via Google e nosso time técnico já está atuando na correção. Como alternativa, você poderia tentar entrar usando e-mail e senha diretamente?","7/May/25 5:10 AM;qm:96e3bf0d-beea-4cd2-bca9-568ee30412d2:3b3304dc-2f4a-4a0c-94fd-cfc9d201d002;vou tentar assim enquanto isso, obrigado pela orientação",,,,
posso vincular minha conta a mais de um email,"tenho dois emails que uso bastante, da pra vincular os dois na mesma conta pra ter opção de login",Medium,Resolved,qm:96e3bf0d-beea-4cd2-bca9-568ee30412d2:ebdc7d4f-7a89-4bb1-a131-b652ee3ba99b,maxi220julio@gmail.com,Portal Tokenia,Service Request,Acesso e autenticação,23/Jul/24 1:48 AM,"23/Jul/24 3:20 AM;maxi220julio@gmail.com;Olá! No momento, cada conta pode ter apenas um e-mail principal cadastrado para login. Se precisar trocar, é possível fazer isso a qualquer momento nas configurações de dados pessoais.","23/Jul/24 3:58 AM;qm:96e3bf0d-beea-4cd2-bca9-568ee30412d2:ebdc7d4f-7a89-4bb1-a131-b652ee3ba99b;entendi, vou manter so um entao. obrigado",,,,
ordem de compra executou por um preço bem diferente do esperado,configurei uma ordem a mercado esperando um preço mas o valor final executado ficou bem acima do que eu vi na tela,High,Resolved,qm:96e3bf0d-beea-4cd2-bca9-568ee30412d2:dcd8d81d-4933-40c2-b3f2-7d9c8757ab99,maxi220julio@gmail.com,Portal Tokenia,Service Request,Operações de compra/venda cripto,10/Oct/25 12:47 AM,"11/Oct/25 2:47 AM;maxi220julio@gmail.com;Olá! Isso pode ocorrer em momentos de alta volatilidade, quando o preço se move rapidamente entre a visualização da tela e a confirmação da ordem. Verificamos seu horário e identificamos uma movimentação relevante do mercado naquele instante.","11/Oct/25 4:12 AM;qm:96e3bf0d-beea-4cd2-bca9-568ee30412d2:dcd8d81d-4933-40c2-b3f2-7d9c8757ab99;ah entendi, foi um momento de bastante oscilação mesmo","11/Oct/25 5:36 AM;maxi220julio@gmail.com;Exatamente. Para operações grandes em momentos voláteis, ordens limite costumam dar mais previsibilidade do preço final.",11/Oct/25 6:27 AM;qm:96e3bf0d-beea-4cd2-bca9-568ee30412d2:dcd8d81d-4933-40c2-b3f2-7d9c8757ab99;vou considerar usar ordem limite da proxima vez. obrigado,,
posso ver quanto tempo levou pra minha ordem executar,"queria saber quanto tempo demorou entre eu criar a ordem e ela ser executada, isso aparece em algum lugar",Medium,Resolved,qm:96e3bf0d-beea-4cd2-bca9-568ee30412d2:e145fbce-fd98-4ca0-8b5b-23769ae5f2ad,maximilianojavierjulio@gmail.com,Portal Tokenia,Service Request,Operações de compra/venda cripto,11/May/24 4:27 AM,"11/May/24 5:59 AM;maximilianojavierjulio@gmail.com;Olá! Você pode conferir o horário exato de criação e execução de cada ordem no detalhe da operação, dentro do histórico de atividade.","11/May/24 6:50 AM;qm:96e3bf0d-beea-4cd2-bca9-568ee30412d2:e145fbce-fd98-4ca0-8b5b-23769ae5f2ad;achei, obrigado pela informação",,,,
ordem executada duas vezes por engano,"cliquei uma vez em comprar mas a operação foi executada duas vezes, debitando o dobro do valor da minha conta",Highest,Escalated,qm:96e3bf0d-beea-4cd2-bca9-568ee30412d2:8a99a275-7ced-4af7-bae8-9d134b24be3e,maxi220julio@gmail.com,Tokenia App,Service Request,Operações de compra/venda cripto,19/Apr/25 5:39 PM,"19/Apr/25 5:58 PM;maxi220julio@gmail.com;Olá, entendemos a gravidade dessa duplicidade. Vou escalar seu caso imediatamente para o time técnico e financeiro verificarem a ocorrência com prioridade máxima.","19/Apr/25 7:24 PM;qm:96e3bf0d-beea-4cd2-bca9-568ee30412d2:8a99a275-7ced-4af7-bae8-9d134b24be3e;por favor, preciso do estorno do valor duplicado o quanto antes","19/Apr/25 7:50 PM;maxi220julio@gmail.com;Compreendemos totalmente a urgência. Caso a duplicidade seja confirmada, como parece ser o caso pela sua descrição, o estorno será processado com prioridade assim que a análise técnica for concluída.",,,
posso comprar cripto usando bonus de indicação,"recebi um bonus por indicar um amigo, esse valor pode ser usado pra comprar mais cripto normalmente",Low,Resolved,qm:96e3bf0d-beea-4cd2-bca9-568ee30412d2:dcd8d81d-4933-40c2-b3f2-7d9c8757ab99,maxyjulio18@gmail.com,Tokenia App,Service Request,Operações de compra/venda cripto,17/Feb/26 2:18 AM,"17/Feb/26 7:16 AM;maxyjulio18@gmail.com;Olá! Sim, o valor do bônus de indicação é creditado diretamente na sua carteira e pode ser usado normalmente para novas operações de compra.","17/Feb/26 7:28 AM;qm:96e3bf0d-beea-4cd2-bca9-568ee30412d2:dcd8d81d-4933-40c2-b3f2-7d9c8757ab99;otimo, obrigado pela confirmação",,,,
posso comprar cripto usando saldo de bonus promocional,"recebi um bonus promocional em reais, ele pode ser usado normal pra comprar cripto",Medium,Resolved,qm:96e3bf0d-beea-4cd2-bca9-568ee30412d2:b12e56d5-73d2-49e3-b5e3-60b23bef9f3b,maxyjulio18@gmail.com,Tokenia Email,General request,Operações de compra/venda fiat,14/Nov/25 4:30 AM,"14/Nov/25 8:22 AM;maxyjulio18@gmail.com;Olá! Sim, saldos de bônus promocional funcionam exatamente como saldo comum para realizar compras de criptomoedas na plataforma.","14/Nov/25 9:50 AM;qm:96e3bf0d-beea-4cd2-bca9-568ee30412d2:b12e56d5-73d2-49e3-b5e3-60b23bef9f3b;otimo, vou usar entao. obrigado",,,,
deposito via boleto com valor divergente do esperado,paguei um boleto de deposito mas o valor creditado na minha conta ficou diferente do que eu esperava pagar,High,Waiting for Customer,qm:96e3bf0d-beea-4cd2-bca9-568ee30412d2:98550bc5-9bb9-469f-b7d4-4756a5f09e88,maximilianojavierjulio@gmail.com,Tokenia Web,Service Request,Operações de compra/venda fiat,8/Oct/24 10:38 PM,"8/Oct/24 11:00 PM;maximilianojavierjulio@gmail.com;Olá! Para analisarmos corretamente, você poderia nos enviar o comprovante do pagamento do boleto com o valor exato pago e o código de barras utilizado?",8/Oct/24 11:38 PM;qm:96e3bf0d-beea-4cd2-bca9-568ee30412d2:98550bc5-9bb9-469f-b7d4-4756a5f09e88;vou providenciar o comprovante e envio em breve,,,,
posso ver o extrato de operações fiat separado do extrato cripto,"queria filtrar so as operações em reais, sem misturar com compra e venda de cripto",Low,Resolved,qm:96e3bf0d-beea-4cd2-bca9-568ee30412d2:3b3304dc-2f4a-4a0c-94fd-cfc9d201d002,maximilianojavierjulio@gmail.com,Tokenia Web,Service Request,Operações de compra/venda fiat,14/Sep/25 8:12 AM,"14/Sep/25 9:20 AM;maximilianojavierjulio@gmail.com;Olá! Sim, na seção 'Atividade' você pode aplicar filtros por tipo de operação, incluindo a opção de visualizar apenas movimentações em reais.","14/Sep/25 10:19 AM;qm:96e3bf0d-beea-4cd2-bca9-568ee30412d2:3b3304dc-2f4a-4a0c-94fd-cfc9d201d002;achei, muito util. obrigado",,,,
existe alguma diferença de taxa entre PIX e TED pra deposito,queria saber se depositar via PIX ou TED muda alguma coisa na taxa cobrada,Medium,Resolved,qm:96e3bf0d-beea-4cd2-bca9-568ee30412d2:1007ee5e-c272-40ae-811d-eed78b3d4e7c,maxi220julio@gmail.com,Tokenia Web,Service Request,Operações de compra/venda fiat,26/Feb/26 2:09 AM,"26/Feb/26 5:21 AM;maxi220julio@gmail.com;Olá! Não há diferença de taxa entre PIX e TED para depósitos, ambos são gratuitos. A principal diferença é o tempo de processamento, sendo o PIX geralmente mais rápido.","26/Feb/26 6:00 AM;qm:96e3bf0d-beea-4cd2-bca9-568ee30412d2:1007ee5e-c272-40ae-811d-eed78b3d4e7c;entendi, vou continuar usando PIX entao. obrigado",,,,
posso trocar a conta bancaria cadastrada pra saque,abri uma conta em outro banco e queria usar ela pros meus proximos saques em vez da conta antiga,Medium,Resolved,qm:96e3bf0d-beea-4cd2-bca9-568ee30412d2:cf6bd68c-2cf4-4fa6-93ba-fc96a0e57143,maxyjulio18@gmail.com,Tokenia Email,General request,Depósitos e saques,5/Jan/26 9:13 AM,"5/Jan/26 1:00 PM;maxyjulio18@gmail.com;Olá! Sim, você pode atualizar a conta bancária cadastrada em Configurações > Dados bancários, desde que a nova conta esteja no mesmo CPF titular.","5/Jan/26 1:18 PM;qm:96e3bf0d-beea-4cd2-bca9-568ee30412d2:cf6bd68c-2cf4-4fa6-93ba-fc96a0e57143;otimo, vou atualizar agora. obrigado",,,,
saque em cripto foi processado pra endereço diferente do solicitado,solicitei um saque de USDT mas ao conferir na blockchain o endereço de destino ta diferente do que eu tinha colado,High,Escalated,qm:96e3bf0d-beea-4cd2-bca9-568ee30412d2:82ce44fa-76c2-43f3-bf42-64a209d1fd28,maximilianojavierjulio@gmail.com,Tokenia App,Service Request,Depósitos e saques,24/Oct/24 10:15 AM,"24/Oct/24 11:11 AM;maximilianojavierjulio@gmail.com;Olá, entendemos a extrema gravidade dessa situação. Vou escalar seu caso imediatamente com prioridade máxima para nosso time técnico e de segurança investigarem o que ocorreu.","24/Oct/24 11:30 AM;qm:96e3bf0d-beea-4cd2-bca9-568ee30412d2:82ce44fa-76c2-43f3-bf42-64a209d1fd28;por favor, isso é muito serio, preciso de uma resposta urgente","24/Oct/24 12:21 PM;maximilianojavierjulio@gmail.com;Compreendemos completamente a urgência. Vamos analisar todos os registros da transação, incluindo os dados exatos enviados na sua solicitação, e retornar com uma explicação detalhada o quanto antes.",,,
posso ver uma previsão de quando meu saque vai cair,queria uma estimativa de horario de quando meu saque solicitado deve ser processado,Low,Resolved,qm:96e3bf0d-beea-4cd2-bca9-568ee30412d2:4d958f1b-e893-41fe-b2c5-f0f6163cdd67,maxyjulio18@gmail.com,Tokenia App,Service Request,Depósitos e saques,30/Jul/26 8:35 AM,"30/Jul/26 10:06 AM;maxyjulio18@gmail.com;Olá! Saques via PIX costumam ser processados em minutos, enquanto TED e saques em cripto podem levar algumas horas dependendo da rede ou horário bancário. Você pode acompanhar o status em tempo real na seção 'Atividade'.","30/Jul/26 10:19 AM;qm:96e3bf0d-beea-4cd2-bca9-568ee30412d2:4d958f1b-e893-41fe-b2c5-f0f6163cdd67;entendi, vou acompanhar por la entao. obrigado",,,,
deposito via boleto ainda pendente apos 2 dias uteis,paguei um boleto de deposito faz 2 dias uteis e o saldo continua nao aparecendo na minha conta,Medium,Work in Progress,qm:96e3bf0d-beea-4cd2-bca9-568ee30412d2:ebdc7d4f-7a89-4bb1-a131-b652ee3ba99b,maxyjulio18@gmail.com,Tokenia App,Service Request,Depósitos e saques,9/Mar/26 7:48 AM,"9/Mar/26 8:39 AM;maxyjulio18@gmail.com;Olá, pedimos desculpas pela demora. Vamos verificar diretamente com nosso parceiro financeiro o status da compensação do seu boleto e te atualizamos assim que localizarmos o pagamento.","9/Mar/26 10:01 AM;qm:96e3bf0d-beea-4cd2-bca9-568ee30412d2:ebdc7d4f-7a89-4bb1-a131-b652ee3ba99b;ok, fico no aguardo entao",,,,
recebo alerta toda vez que troco de celular,"troquei de aparelho recentemente e recebi um alerta de novo dispositivo, isso é esperado",Medium,Resolved,qm:96e3bf0d-beea-4cd2-bca9-568ee30412d2:e145fbce-fd98-4ca0-8b5b-23769ae5f2ad,maximilianojavierjulio@gmail.com,Tokenia App,Service Request,Segurança da conta,28/Jun/25 5:37 AM,"28/Jun/25 8:23 AM;maximilianojavierjulio@gmail.com;Olá! Sim, esse alerta é enviado automaticamente sempre que um novo dispositivo acessa sua conta, mesmo sendo você mesmo, como medida de segurança padrão.","28/Jun/25 9:34 AM;qm:96e3bf0d-beea-4cd2-bca9-568ee30412d2:e145fbce-fd98-4ca0-8b5b-23769ae5f2ad;entendi, faz sentido entao. obrigado",,,,
posso ver o historico de trocas de senha da minha conta,queria saber se tem um registro de quando eu troquei minha senha pela ultima vez,Low,Resolved,qm:96e3bf0d-beea-4cd2-bca9-568ee30412d2:ed04d6ae-f36e-4f44-ba75-dad36ede95b7,maxyjulio18@gmail.com,Tokenia App,Service Request,Segurança da conta,8/Jun/24 11:03 AM,"8/Jun/24 3:38 PM;maxyjulio18@gmail.com;Olá! Sim, você pode conferir a data da última alteração de senha em Configurações > Segurança > Histórico de alterações.","8/Jun/24 4:11 PM;qm:96e3bf0d-beea-4cd2-bca9-568ee30412d2:ed04d6ae-f36e-4f44-ba75-dad36ede95b7;achei, obrigado pela informação",,,,
identificamos movimentação suspeita e a conta foi comprometida,"percebi um saque que eu nao fiz e meu email tambem foi trocado sem minha autorização, acho que minha conta foi invadida",Highest,Escalated,qm:96e3bf0d-beea-4cd2-bca9-568ee30412d2:1007ee5e-c272-40ae-811d-eed78b3d4e7c,maximilianojavierjulio@gmail.com,Portal Tokenia,Service Request,Segurança da conta,19/Feb/25 3:34 PM,"19/Feb/25 11:42 PM;maximilianojavierjulio@gmail.com;Olá, entendemos a extrema gravidade dessa situação. Já bloqueamos sua conta imediatamente por precaução e vou escalar seu caso com prioridade máxima para nosso time de segurança.","20/Feb/25 12:29 AM;qm:96e3bf0d-beea-4cd2-bca9-568ee30412d2:1007ee5e-c272-40ae-811d-eed78b3d4e7c;por favor, preciso de ajuda urgente, isso é muito serio","20/Feb/25 12:43 AM;maximilianojavierjulio@gmail.com;Compreendemos completamente. Nosso time especializado vai investigar toda a movimentação e o histórico de acessos com máxima prioridade, e vamos entrar em contato com você diretamente assim que tivermos informações.",,,
quero saber quanto tempo os codigos de backup do 2FA ficam validos,"gerei os codigos de backup quando ativei o 2FA, eles expiram em algum momento",Medium,Resolved,qm:96e3bf0d-beea-4cd2-bca9-568ee30412d2:4d958f1b-e893-41fe-b2c5-f0f6163cdd67,maxi220julio@gmail.com,Tokenia Web,Service Request,Segurança da conta,27/Jan/25 7:19 PM,"27/Jan/25 9:34 PM;maxi220julio@gmail.com;Olá! Os códigos de backup não possuem prazo de expiração, mas cada código só pode ser usado uma única vez. Recomendamos gerar novos códigos caso já tenha utilizado a maioria deles.","27/Jan/25 10:39 PM;qm:96e3bf0d-beea-4cd2-bca9-568ee30412d2:4d958f1b-e893-41fe-b2c5-f0f6163cdd67;entendi, obrigado pela explicação",,,,
posso ver o valor em reais equivalente ao meu saldo cripto em tempo real,"queria acompanhar quanto vale meu saldo em cripto convertido pra reais, atualizado em tempo real",Low,Resolved,qm:96e3bf0d-beea-4cd2-bca9-568ee30412d2:e145fbce-fd98-4ca0-8b5b-23769ae5f2ad,maxyjulio18@gmail.com,Portal Tokenia,Service Request,Carteira e endereços,30/Dec/25 2:45 PM,"30/Dec/25 4:34 PM;maxyjulio18@gmail.com;Olá! Sim, na tela principal da carteira o valor equivalente em reais é atualizado automaticamente em tempo real, conforme a cotação do mercado.","30/Dec/25 4:45 PM;qm:96e3bf0d-beea-4cd2-bca9-568ee30412d2:e145fbce-fd98-4ca0-8b5b-23769ae5f2ad;achei, muito bom acompanhar assim. obrigado",,,,
meu endereço de deposito aparece igual pra duas criptomoedas diferentes,"reparei que o endereço de deposito de USDT e USDC aparecem identicos, isso é normal",Medium,Resolved,qm:96e3bf0d-beea-4cd2-bca9-568ee30412d2:74b34d2b-8c7a-4390-a0d5-6fe51576bcc9,maxyjulio18@gmail.com,Portal Tokenia,Service Request,Carteira e endereços,16/Nov/25 10:48 AM,"16/Nov/25 1:47 PM;maxyjulio18@gmail.com;Olá! Sim, isso é normal quando as duas moedas utilizam a mesma rede blockchain, como USDT e USDC via rede TRC20, que compartilham a mesma estrutura de endereço.","16/Nov/25 2:16 PM;qm:96e3bf0d-beea-4cd2-bca9-568ee30412d2:74b34d2b-8c7a-4390-a0d5-6fe51576bcc9;ah entendi, fazia sentido mesmo. obrigado pela explicação",,,,
preciso de ajuda pra migrar saldo entre duas contas diferentes,"tenho duas contas antigas de familiares que faleceram, e preciso consolidar o saldo em uma unica conta legal",High,Waiting for Agent,qm:96e3bf0d-beea-4cd2-bca9-568ee30412d2:eb9cbe24-105c-40ed-844a-c2c2ea40c29f,maxi220julio@gmail.com,Tokenia App,Service Request,Carteira e endereços,16/Dec/25 8:53 AM,"16/Dec/25 9:24 AM;qm:96e3bf0d-beea-4cd2-bca9-568ee30412d2:eb9cbe24-105c-40ed-844a-c2c2ea40c29f;boa tarde, preciso de orientação pra consolidar saldo de duas contas relacionadas a um processo de heranca, pode me ajudar",,,,,
posso deletar um endereço salvo da minha lista de favoritos,"tenho um endereço antigo salvo que nao uso mais, queria remover da lista de favoritos",Medium,Resolved,qm:96e3bf0d-beea-4cd2-bca9-568ee30412d2:3aac0f08-6d3d-4bb7-adb0-090a0412c60a,maximilianojavierjulio@gmail.com,Portal Tokenia,Service Request,Carteira e endereços,18/May/24 2:04 PM,"18/May/24 4:10 PM;maximilianojavierjulio@gmail.com;Olá! Sim, você pode remover qualquer endereço da lista tocando no ícone de opções ao lado dele e selecionando 'Remover dos favoritos'.","18/May/24 4:26 PM;qm:96e3bf0d-beea-4cd2-bca9-568ee30412d2:3aac0f08-6d3d-4bb7-adb0-090a0412c60a;achei, removi o antigo. obrigado",,,,
a Tokenia tem programa de fidelidade alem do indique e ganhe,"alem do programa de indicação, tem algum programa de pontos ou fidelidade pra quem opera regularmente",Low,Resolved,qm:96e3bf0d-beea-4cd2-bca9-568ee30412d2:ab026cd4-acd4-434b-90e5-109ffdddfa44,maxi220julio@gmail.com,Tokenia Web,Service Request,Informações e dúvidas gerais,18/Mar/26 6:20 PM,"18/Mar/26 9:51 PM;maxi220julio@gmail.com;Olá! No momento não temos um programa de fidelidade com pontos, mas oferecemos taxas reduzidas para usuários com alto volume mensal negociado, o que pode funcionar como um benefício similar.","18/Mar/26 10:44 PM;qm:96e3bf0d-beea-4cd2-bca9-568ee30412d2:ab026cd4-acd4-434b-90e5-109ffdddfa44;entendi, obrigado pela informação",,,,
onde encontro a politica de privacidade da Tokenia,queria ler a politica de privacidade antes de continuar usando a plataforma com mais frequencia,Medium,Resolved,qm:96e3bf0d-beea-4cd2-bca9-568ee30412d2:98550bc5-9bb9-469f-b7d4-4756a5f09e88,maxi220julio@gmail.com,Tokenia Web,Service Request,Informações e dúvidas gerais,18/May/25 2:51 AM,"18/May/25 5:23 AM;maxi220julio@gmail.com;Olá! A política de privacidade completa está disponível no rodapé do nosso site institucional, na seção 'Termos e Políticas', junto com os termos de uso.","18/May/25 5:47 AM;qm:96e3bf0d-beea-4cd2-bca9-568ee30412d2:98550bc5-9bb9-469f-b7d4-4756a5f09e88;achei, obrigado pela indicação",,,,
a Tokenia participa de eventos ou feiras sobre cripto,"gosto de acompanhar eventos do setor, a Tokenia costuma participar de feiras ou conferencias",Low,Resolved,qm:96e3bf0d-beea-4cd2-bca9-568ee30412d2:82ce44fa-76c2-43f3-bf42-64a209d1fd28,maxyjulio18@gmail.com,Portal Tokenia,Service Request,Informações e dúvidas gerais,21/Jun/26 6:30 AM,"22/Jun/26 9:54 AM;maxyjulio18@gmail.com;Olá! Sim, participamos de alguns eventos do setor ao longo do ano. As datas e informações costumam ser divulgadas nos nossos canais oficiais e redes sociais com antecedência.","22/Jun/26 10:06 AM;qm:96e3bf0d-beea-4cd2-bca9-568ee30412d2:82ce44fa-76c2-43f3-bf42-64a209d1fd28;legal, vou acompanhar la entao. obrigado",,,,
queria informação sobre certificações mas nao é mais relevante,ia perguntar sobre certificações de segurança da Tokenia mas resolvi minha duvida de outra forma,Low,Canceled,qm:96e3bf0d-beea-4cd2-bca9-568ee30412d2:90ddc072-98d5-472a-8bd1-0e91d161e3ed,maxi220julio@gmail.com,Tokenia App,Service Request,Informações e dúvidas gerais,28/May/24 8:37 AM,"28/May/24 10:46 AM;maxi220julio@gmail.com;Olá! Sem problemas, qualquer dúvida no futuro estamos à disposição.",,,,,
a taxa de conversão entre criptomoedas é a mesma da compra com reais,"queria trocar bitcoin direto por ethereum, sem passar por reais, a taxa é igual",Medium,Resolved,qm:96e3bf0d-beea-4cd2-bca9-568ee30412d2:1007ee5e-c272-40ae-811d-eed78b3d4e7c,maximilianojavierjulio@gmail.com,Tokenia App,Service Request,Tarifas e comissões,18/Nov/25 5:50 AM,"20/Nov/25 2:43 AM;maximilianojavierjulio@gmail.com;Olá! Sim, a conversão direta entre criptomoedas segue a mesma taxa padrão de 1%, aplicada sobre o valor da operação.","20/Nov/25 3:19 AM;qm:96e3bf0d-beea-4cd2-bca9-568ee30412d2:1007ee5e-c272-40ae-811d-eed78b3d4e7c;entendi, obrigado pela confirmação",,,,
taxa aplicada em desacordo com a tabela publicada no site,conferi a tabela de taxas no site e o valor cobrado na minha ultima operação nao bate com o que ta publicado,High,Escalated,qm:96e3bf0d-beea-4cd2-bca9-568ee30412d2:5705c77d-869a-4f2d-b789-7fe84a892889,maxyjulio18@gmail.com,Portal Tokenia,Service Request,Tarifas e comissões,12/Dec/25 5:50 AM,"12/Dec/25 6:40 AM;maxyjulio18@gmail.com;Olá, entendemos a preocupação com essa divergência. Vou escalar seu caso para o time responsável verificar detalhadamente a operação e comparar com a tabela vigente no momento.","12/Dec/25 7:18 AM;qm:96e3bf0d-beea-4cd2-bca9-568ee30412d2:5705c77d-869a-4f2d-b789-7fe84a892889;por favor, gostaria de entender o motivo dessa diferença","12/Dec/25 7:49 AM;maxyjulio18@gmail.com;Compreendemos totalmente. Vamos analisar cuidadosamente e, caso identifiquemos qualquer divergência incorreta, faremos o ajuste necessário.",,,
onde consulto a tabela completa e atualizada de taxas,queria ver todas as taxas atualizadas num unico lugar antes de continuar operando,Low,Resolved,qm:96e3bf0d-beea-4cd2-bca9-568ee30412d2:7c253ab9-2d35-4a94-8bdc-a3901c3156f8,maxi220julio@gmail.com,Tokenia App,Service Request,Tarifas e comissões,17/Apr/25 2:49 PM,17/Apr/25 8:11 PM;maxi220julio@gmail.com;Olá! Você encontra a tabela completa e sempre atualizada na seção 'Taxas e Tarifas' dentro do menu de Configurações do app.,"17/Apr/25 8:56 PM;qm:96e3bf0d-beea-4cd2-bca9-568ee30412d2:7c253ab9-2d35-4a94-8bdc-a3901c3156f8;achei, obrigado pela indicação",,,,
app nao reconhece meu leitor de digital depois da atualização,"desde a ultima atualização do app o login por digital parou de funcionar, mesmo funcionando normal em outros apps",Medium,Resolved,qm:96e3bf0d-beea-4cd2-bca9-568ee30412d2:9c34e718-8ff6-4bf1-b378-04f3dfd6d4b6,maxi220julio@gmail.com,Portal Tokenia,Service Request,Problemas técnicos do app/site,22/Jun/24 7:21 PM,22/Jun/24 9:21 PM;maxi220julio@gmail.com;Olá! Obrigado por reportar. Você pode tentar desativar e reativar a opção de login por biometria nas configurações de segurança do app? Isso costuma resolver esse tipo de falha após atualizações.,"22/Jun/24 10:10 PM;qm:96e3bf0d-beea-4cd2-bca9-568ee30412d2:9c34e718-8ff6-4bf1-b378-04f3dfd6d4b6;fiz isso e voltou a funcionar, obrigado pela dica",,,,
grafico de velas nao carrega em nenhuma criptomoeda,"tento abrir o grafico de qualquer criptomoeda e fica so uma tela em branco, nenhum grafico aparece",High,Work in Progress,qm:96e3bf0d-beea-4cd2-bca9-568ee30412d2:bc0cf60c-4d7c-44c5-b1c0-9ddfc9a18eb2,maxyjulio18@gmail.com,Tokenia Email,General request,Problemas técnicos do app/site,17/May/25 5:06 PM,"17/May/25 7:59 PM;maxyjulio18@gmail.com;Olá, obrigado por reportar. Identificamos uma instabilidade generalizada nos gráficos afetando vários usuários e nosso time técnico já está com prioridade máxima na correção. Vamos te atualizar assim que for resolvido.","17/May/25 9:22 PM;qm:96e3bf0d-beea-4cd2-bca9-568ee30412d2:bc0cf60c-4d7c-44c5-b1c0-9ddfc9a18eb2;ok, aguardo entao",,,,
o relogio do app mostra horario diferente do meu celular,notei que o horario das operações no app parece diferente do horario real do meu celular,Low,Resolved,qm:96e3bf0d-beea-4cd2-bca9-568ee30412d2:c76e25ce-1103-4288-a853-a756f7dcaabf,maxyjulio18@gmail.com,Tokenia Email,General request,Problemas técnicos do app/site,8/Aug/24 9:59 PM,"8/Aug/24 11:22 PM;maxyjulio18@gmail.com;Olá! O horário exibido no app segue o fuso horário de Brasília (UTC-3) por padrão, independente da configuração local do seu celular. Isso pode gerar essa diferença que você notou.","9/Aug/24 12:01 AM;qm:96e3bf0d-beea-4cd2-bca9-568ee30412d2:c76e25ce-1103-4288-a853-a756f7dcaabf;ah entendi, fazia sentido essa diferença mesmo. obrigado",,,,
o limite de compra com cartao é diferente do limite via PIX,"percebi que consigo comprar um valor maior via PIX do que quando uso cartao de credito, isso é normal",Medium,Resolved,qm:96e3bf0d-beea-4cd2-bca9-568ee30412d2:5705c77d-869a-4f2d-b789-7fe84a892889,maxyjulio18@gmail.com,Tokenia Email,General request,Limites e restrições,11/Jan/25 6:39 AM,"11/Jan/25 11:21 AM;maxyjulio18@gmail.com;Olá! Sim, cada método de pagamento pode ter limites específicos por questões de segurança e políticas dos parceiros de processamento. O PIX costuma ter limites mais flexíveis que compras parceladas no cartão.","11/Jan/25 11:58 AM;qm:96e3bf0d-beea-4cd2-bca9-568ee30412d2:5705c77d-869a-4f2d-b789-7fe84a892889;entendi, faz sentido entao. obrigado",,,,
restrição aplicada apos varias tentativas de operação com saldo insuficiente,tentei fazer algumas compras sem perceber que nao tinha saldo suficiente e agora minha conta esta com uma restrição temporaria,Medium,Waiting for Customer,qm:96e3bf0d-beea-4cd2-bca9-568ee30412d2:1007ee5e-c272-40ae-811d-eed78b3d4e7c,maximilianojavierjulio@gmail.com,Tokenia Web,Service Request,Limites e restrições,4/May/25 7:23 PM,"6/May/25 12:09 AM;maximilianojavierjulio@gmail.com;Olá! Identificamos algumas tentativas de operação com saldo insuficiente em sequência, o que ativou uma restrição temporária padrão de segurança. Para agilizar a análise, você poderia confirmar se essas tentativas foram realmente feitas por você?","6/May/25 12:30 AM;qm:96e3bf0d-beea-4cd2-bca9-568ee30412d2:1007ee5e-c272-40ae-811d-eed78b3d4e7c;sim, fui eu mesmo, so nao percebi que o saldo tava baixo",,,,
o limite considera apenas o mes corrente ou acumula de meses anteriores,queria saber se o limite mensal reseta zerado todo mes ou se acumula o que sobrou do mes anterior,Low,Resolved,qm:96e3bf0d-beea-4cd2-bca9-568ee30412d2:b9908a88-c7cb-48d9-b10c-f21b473a87ee,maxyjulio18@gmail.com,Tokenia Web,Service Request,Limites e restrições,6/Jul/26 12:08 AM,"6/Jul/26 4:28 AM;maxyjulio18@gmail.com;Olá! O limite mensal reseta integralmente no início de cada ciclo, sem acúmulo do que não foi utilizado no mês anterior.","6/Jul/26 4:52 AM;qm:96e3bf0d-beea-4cd2-bca9-568ee30412d2:b9908a88-c7cb-48d9-b10c-f21b473a87ee;entendi, obrigado pela explicação",,,,
posso enviar documentos de verificação por email em vez do app,"estou com dificuldade de enviar os documentos pelo app, posso mandar por email direto pro suporte",Medium,Resolved,qm:96e3bf0d-beea-4cd2-bca9-568ee30412d2:1c6c8f3c-0b42-4193-b8f6-814150c2f7da,maxi220julio@gmail.com,Tokenia App,Service Request,Verificação de identidade,28/Dec/25 3:36 PM,"28/Dec/25 7:16 PM;maxi220julio@gmail.com;Olá! Para garantir a segurança e o processamento correto, os documentos de verificação precisam ser enviados exclusivamente pelo app ou site oficial, na seção de verificação. Você está enfrentando algum erro específico que possamos ajudar a resolver?","28/Dec/25 7:52 PM;qm:96e3bf0d-beea-4cd2-bca9-568ee30412d2:1c6c8f3c-0b42-4193-b8f6-814150c2f7da;so ta demorando pra fazer upload, mas vou tentar de novo",,,,
identidade sendo usada por terceiros pra abrir conta em meu nome,"recebi um email de confirmação de cadastro de uma conta que eu nao criei, parece que alguem esta tentando usar meus dados",Highest,Escalated,qm:96e3bf0d-beea-4cd2-bca9-568ee30412d2:ed04d6ae-f36e-4f44-ba75-dad36ede95b7,maxi220julio@gmail.com,Tokenia Web,Service Request,Verificação de identidade,27/Oct/24 2:09 AM,"27/Oct/24 2:19 AM;maxi220julio@gmail.com;Olá, entendemos a extrema seriedade dessa situação. Vou escalar seu caso imediatamente com prioridade máxima para nossa equipe de segurança e compliance investigar essa tentativa de uso indevido dos seus dados.","27/Oct/24 2:46 AM;qm:96e3bf0d-beea-4cd2-bca9-568ee30412d2:ed04d6ae-f36e-4f44-ba75-dad36ede95b7;por favor, isso é muito grave, preciso de uma resposta urgente","27/Oct/24 3:43 AM;maxi220julio@gmail.com;Compreendemos completamente a gravidade. Nosso time especializado vai analisar essa tentativa de cadastro com máxima prioridade e vamos orientar você sobre os próximos passos, incluindo o possível bloqueio dessa tentativa fraudulenta.",,,
posso trocar a foto do meu perfil pra uma foto de documento,queria saber se a foto do meu perfil no app precisa ser a mesma da verificação de identidade,Low,Resolved,qm:96e3bf0d-beea-4cd2-bca9-568ee30412d2:ab026cd4-acd4-434b-90e5-109ffdddfa44,maximilianojavierjulio@gmail.com,Tokenia Email,General request,Verificação de identidade,30/Nov/25 1:46 PM,"30/Nov/25 2:50 PM;maximilianojavierjulio@gmail.com;Olá! Não, a foto de perfil exibida no app é totalmente independente dos documentos de verificação e pode ser qualquer imagem de sua preferência.","30/Nov/25 3:08 PM;qm:96e3bf0d-beea-4cd2-bca9-568ee30412d2:ab026cd4-acd4-434b-90e5-109ffdddfa44;entendi, obrigado pela confirmação",,,,
posso acessar minha conta usando so a digital sem senha,"ativei a biometria mas ainda pede a senha as vezes, queria entrar so com a digital sempre",Medium,Resolved,qm:96e3bf0d-beea-4cd2-bca9-568ee30412d2:74b34d2b-8c7a-4390-a0d5-6fe51576bcc9,maxyjulio18@gmail.com,Portal Tokenia,Service Request,Acesso e autenticação,2/May/25 5:50 AM,"2/May/25 9:36 AM;maxyjulio18@gmail.com;Olá! A biometria funciona como atalho para o login rápido, mas em algumas situações de segurança, como reinstalação do app ou troca de dispositivo, a senha é solicitada novamente para confirmar sua identidade.","2/May/25 10:56 AM;qm:96e3bf0d-beea-4cd2-bca9-568ee30412d2:74b34d2b-8c7a-4390-a0d5-6fe51576bcc9;entendi, faz sentido por segurança. obrigado",,,,
posso usar o mesmo login em tablet e celular,"tenho tablet e celular, da pra usar a mesma conta nos dois aparelhos sem problema",Low,Resolved,qm:96e3bf0d-beea-4cd2-bca9-568ee30412d2:1c6c8f3c-0b42-4193-b8f6-814150c2f7da,maxyjulio18@gmail.com,Portal Tokenia,Service Request,Acesso e autenticação,3/Feb/25 3:24 PM,"3/Feb/25 8:41 PM;maxyjulio18@gmail.com;Olá! Sim, você pode acessar sua conta normalmente em quantos dispositivos quiser, incluindo tablet e celular ao mesmo tempo.","3/Feb/25 10:09 PM;qm:96e3bf0d-beea-4cd2-bca9-568ee30412d2:1c6c8f3c-0b42-4193-b8f6-814150c2f7da;otimo, obrigado pela confirmação",,,,
conta bloqueada apos denuncia de compartilhamento de credenciais,"recebi um aviso que minha conta foi bloqueada por suspeita de compartilhamento de senha com terceiros, mas eu nunca fiz isso",High,Escalated,qm:96e3bf0d-beea-4cd2-bca9-568ee30412d2:3b3304dc-2f4a-4a0c-94fd-cfc9d201d002,maxyjulio18@gmail.com,Tokenia Web,Service Request,Acesso e autenticação,7/May/25 3:42 AM,"7/May/25 4:46 AM;maxyjulio18@gmail.com;Olá, entendemos a preocupação com essa situação. Esse tipo de bloqueio exige uma análise manual mais detalhada da nossa equipe de segurança. Vou escalar seu caso imediatamente com prioridade.","7/May/25 5:10 AM;qm:96e3bf0d-beea-4cd2-bca9-568ee30412d2:3b3304dc-2f4a-4a0c-94fd-cfc9d201d002;por favor, nunca compartilhei minha senha com ninguem, preciso resolver isso rapido",7/May/25 5:42 AM;maxyjulio18@gmail.com;Compreendemos completamente. Nosso time especializado vai revisar os registros de acesso da sua conta e retornar com uma posição clara o mais breve possível.,,,
recebo alerta de login mesmo entrando do mesmo lugar de sempre,"sempre acesso de casa, do mesmo wifi, mas de vez em quando recebo alerta de novo dispositivo mesmo assim",Medium,Resolved,qm:96e3bf0d-beea-4cd2-bca9-568ee30412d2:ed04d6ae-f36e-4f44-ba75-dad36ede95b7,maxyjulio18@gmail.com,Tokenia Web,Service Request,Acesso e autenticação,29/Jul/24 5:50 AM,"29/Jul/24 7:23 AM;maxyjulio18@gmail.com;Olá! Isso pode acontecer quando o seu provedor de internet muda o endereço IP atribuído periodicamente, mesmo estando na mesma rede física. Não indica necessariamente um novo dispositivo real.","29/Jul/24 7:33 AM;qm:96e3bf0d-beea-4cd2-bca9-568ee30412d2:ed04d6ae-f36e-4f44-ba75-dad36ede95b7;ah entendi, fazia sentido essa variação. obrigado pela explicação",,,,
posso definir um valor maximo de saque por operação,"queria configurar um teto de seguranca pra saques, mesmo abaixo do meu limite total, por precaução",Medium,Resolved,qm:96e3bf0d-beea-4cd2-bca9-568ee30412d2:eb9cbe24-105c-40ed-844a-c2c2ea40c29f,maxyjulio18@gmail.com,Tokenia Web,Service Request,Segurança da conta,1/Jul/24 9:53 AM,"1/Jul/24 3:31 PM;maxyjulio18@gmail.com;Olá! No momento não temos essa configuração personalizada de teto de saque, mas você pode ativar a confirmação adicional por 2FA para todo saque, o que já adiciona uma camada extra de segurança.","1/Jul/24 4:22 PM;qm:96e3bf0d-beea-4cd2-bca9-568ee30412d2:eb9cbe24-105c-40ed-844a-c2c2ea40c29f;entendi, vou ativar essa confirmação entao. obrigado",,,,
recebo email quando alguem tenta redefinir minha senha,queria confirmar se sou avisado caso alguem tente redefinir minha senha sem eu solicitar,Low,Resolved,qm:96e3bf0d-beea-4cd2-bca9-568ee30412d2:e145fbce-fd98-4ca0-8b5b-23769ae5f2ad,maximilianojavierjulio@gmail.com,Portal Tokenia,Service Request,Segurança da conta,11/May/24 4:27 AM,"11/May/24 7:31 AM;maximilianojavierjulio@gmail.com;Olá! Sim, você recebe uma notificação por e-mail sempre que uma solicitação de redefinição de senha for feita na sua conta, mesmo que não conclua o processo.","11/May/24 8:22 AM;qm:96e3bf0d-beea-4cd2-bca9-568ee30412d2:e145fbce-fd98-4ca0-8b5b-23769ae5f2ad;que bom, fico mais tranquilo entao. obrigado",,,,
nao consigo desativar o 2FA mesmo tendo o codigo correto,quero desativar o autenticador temporariamente mas o sistema recusa o codigo mesmo estando certo,High,Work in Progress,qm:96e3bf0d-beea-4cd2-bca9-568ee30412d2:8a99a275-7ced-4af7-bae8-9d134b24be3e,maxi220julio@gmail.com,Tokenia App,Service Request,Segurança da conta,19/Apr/25 5:39 PM,"19/Apr/25 6:36 PM;maxi220julio@gmail.com;Olá, obrigado por reportar. Identificamos uma instabilidade pontual ao desativar o 2FA para alguns usuários e nosso time técnico já está atuando na correção. Recomendamos aguardar um pouco e tentar novamente.","19/Apr/25 8:02 PM;qm:96e3bf0d-beea-4cd2-bca9-568ee30412d2:8a99a275-7ced-4af7-bae8-9d134b24be3e;ok, vou tentar mais tarde entao",,,,
quero entender a diferença entre bloqueio temporario e suspensão de conta,"vi esses dois termos em diferentes mensagens do suporte, qual a diferença real entre eles",Medium,Resolved,qm:96e3bf0d-beea-4cd2-bca9-568ee30412d2:eb9cbe24-105c-40ed-844a-c2c2ea40c29f,maximilianojavierjulio@gmail.com,Tokenia App,Service Request,Segurança da conta,9/Nov/24 8:05 PM,"9/Nov/24 10:45 PM;maximilianojavierjulio@gmail.com;Olá! O bloqueio temporário costuma ser uma medida automática e rápida, geralmente resolvida em minutos ou horas. Já a suspensão envolve uma análise mais aprofundada, podendo levar mais tempo até ser resolvida.","9/Nov/24 11:31 PM;qm:96e3bf0d-beea-4cd2-bca9-568ee30412d2:eb9cbe24-105c-40ed-844a-c2c2ea40c29f;entendi a diferença agora, obrigado pela explicação",,,,
a Tokenia tem parceria com alguma exchange internacional,queria saber se a Tokenia tem alguma parceria ou integração com exchanges de fora do Brasil,Low,Resolved,qm:96e3bf0d-beea-4cd2-bca9-568ee30412d2:4d958f1b-e893-41fe-b2c5-f0f6163cdd67,maxyjulio18@gmail.com,Tokenia Email,General request,Informações e dúvidas gerais,14/Nov/25 4:30 AM,"14/Nov/25 12:14 PM;maxyjulio18@gmail.com;Olá! No momento operamos de forma independente nos países onde atuamos (Argentina, Brasil, Uruguai e Estados Unidos), sem parceria direta com outras exchanges internacionais.","14/Nov/25 1:42 PM;qm:96e3bf0d-beea-4cd2-bca9-568ee30412d2:4d958f1b-e893-41fe-b2c5-f0f6163cdd67;entendi, obrigado pela informação",,,,
como faço pra baixar meu extrato num periodo especifico,"preciso de um extrato so de um mes especifico do ano passado, tem como filtrar por periodo",Medium,Resolved,qm:96e3bf0d-beea-4cd2-bca9-568ee30412d2:98550bc5-9bb9-469f-b7d4-4756a5f09e88,maximilianojavierjulio@gmail.com,Tokenia Web,Service Request,Informações e dúvidas gerais,8/Oct/24 10:38 PM,"8/Oct/24 11:37 PM;maximilianojavierjulio@gmail.com;Olá! Sim, na seção 'Relatórios' você pode selecionar um intervalo de datas específico antes de gerar o extrato, filtrando exatamente o período que precisar.","9/Oct/24 12:15 AM;qm:96e3bf0d-beea-4cd2-bca9-568ee30412d2:98550bc5-9bb9-469f-b7d4-4756a5f09e88;achei, era isso mesmo que eu precisava. obrigado",,,,
a Tokenia tem algum limite de idade maxima pra abrir conta,"minha avo de 70 anos queria abrir uma conta, tem algum limite de idade maxima",Low,Resolved,qm:96e3bf0d-beea-4cd2-bca9-568ee30412d2:3b3304dc-2f4a-4a0c-94fd-cfc9d201d002,maximilianojavierjulio@gmail.com,Tokenia Web,Service Request,Informações e dúvidas gerais,14/Sep/25 8:12 AM,"14/Sep/25 9:20 AM;maximilianojavierjulio@gmail.com;Olá! Não existe limite de idade máxima para abertura de conta, apenas a exigência de ser maior de 18 anos.","14/Sep/25 10:19 AM;qm:96e3bf0d-beea-4cd2-bca9-568ee30412d2:3b3304dc-2f4a-4a0c-94fd-cfc9d201d002;que bom, vou ajudar ela a se cadastrar entao. obrigado",,,,
quero entender melhor como funciona o processo de resolução de disputas,"caso eu tenha uma discordancia sobre uma operação, qual é o processo formal pra resolver isso com voces",Medium,Waiting for Agent,qm:96e3bf0d-beea-4cd2-bca9-568ee30412d2:1007ee5e-c272-40ae-811d-eed78b3d4e7c,maxi220julio@gmail.com,Tokenia Web,Service Request,Informações e dúvidas gerais,26/Feb/26 2:09 AM,"26/Feb/26 5:21 AM;qm:96e3bf0d-beea-4cd2-bca9-568ee30412d2:1007ee5e-c272-40ae-811d-eed78b3d4e7c;boa tarde, gostaria de entender melhor qual o processo formal caso eu precise abrir uma disputa sobre uma operação",,,,,
diferença grande entre preço de compra e venda no mesmo instante,"notei que o preço de compra e o preço de venda do bitcoin estavam bem diferentes no mesmo momento, o spread parecia alto",High,Resolved,qm:96e3bf0d-beea-4cd2-bca9-568ee30412d2:ebdc7d4f-7a89-4bb1-a131-b652ee3ba99b,maximilianojavierjulio@gmail.com,Tokenia Email,General request,Operações de compra/venda cripto,21/Aug/24 6:57 AM,"21/Aug/24 8:53 AM;maximilianojavierjulio@gmail.com;Olá! Verificamos o horário informado e identificamos um momento de baixa liquidez pontual no mercado, o que naturalmente amplia o spread entre compra e venda. Esse é um comportamento normal do mercado em certos períodos.","21/Aug/24 10:02 AM;qm:96e3bf0d-beea-4cd2-bca9-568ee30412d2:ebdc7d4f-7a89-4bb1-a131-b652ee3ba99b;entendi, nao sabia que podia variar tanto assim. obrigado pela explicação",,,,
posso definir uma meta de preço pra vender automaticamente,queria configurar uma venda automatica quando o preço do bitcoin atingir um valor especifico que eu defina,Medium,Resolved,qm:96e3bf0d-beea-4cd2-bca9-568ee30412d2:c76e25ce-1103-4288-a853-a756f7dcaabf,maxyjulio18@gmail.com,Tokenia Email,General request,Operações de compra/venda cripto,28/Apr/26 3:02 PM,"28/Apr/26 5:30 PM;maxyjulio18@gmail.com;Olá! Sim, você pode configurar essa venda automática usando uma ordem limite de venda, definindo o preço desejado. Assim que o mercado atingir esse valor, a ordem executa automaticamente.","28/Apr/26 6:42 PM;qm:96e3bf0d-beea-4cd2-bca9-568ee30412d2:c76e25ce-1103-4288-a853-a756f7dcaabf;perfeito, vou configurar agora. obrigado",,,,
ia comprar uma cripto nova listada mas desisti por enquanto,vi uma criptomoeda nova sendo listada mas decidi esperar um pouco antes de investir,Low,Canceled,qm:96e3bf0d-beea-4cd2-bca9-568ee30412d2:5705c77d-869a-4f2d-b789-7fe84a892889,maxi220julio@gmail.com,Tokenia Web,Service Request,Operações de compra/venda cripto,31/Mar/24 6:08 AM,"1/Apr/24 12:54 PM;maxi220julio@gmail.com;Olá! Sem problemas, o ativo continua disponível sempre que quiser operar.",,,,,
posso ver o historico de todas as conversões que ja fiz,queria ver todas as vezes que converti reais pra dolar ou vice versa dentro da plataforma,Medium,Resolved,qm:96e3bf0d-beea-4cd2-bca9-568ee30412d2:4d958f1b-e893-41fe-b2c5-f0f6163cdd67,maxyjulio18@gmail.com,Tokenia App,Service Request,Operações de compra/venda fiat,30/Jul/26 8:35 AM,"30/Jul/26 9:20 AM;maxyjulio18@gmail.com;Olá! Você pode conferir todo esse histórico na seção 'Atividade', filtrando por 'Conversões' para ver especificamente essas operações.","30/Jul/26 9:33 AM;qm:96e3bf0d-beea-4cd2-bca9-568ee30412d2:4d958f1b-e893-41fe-b2c5-f0f6163cdd67;achei, obrigado pela informação",,,,
PIX de deposito devolvido sem explicação,"fiz um PIX pra depositar e o valor voltou pro meu banco depois de algumas horas, sem nenhuma explicação clara",High,Waiting for Customer,qm:96e3bf0d-beea-4cd2-bca9-568ee30412d2:ebdc7d4f-7a89-4bb1-a131-b652ee3ba99b,maxyjulio18@gmail.com,Tokenia App,Service Request,Operações de compra/venda fiat,9/Mar/26 7:48 AM,"9/Mar/26 8:07 AM;maxyjulio18@gmail.com;Olá! Para investigarmos, você poderia nos enviar o comprovante do PIX com data, horário e a chave utilizada na transferência?",9/Mar/26 9:29 AM;qm:96e3bf0d-beea-4cd2-bca9-568ee30412d2:ebdc7d4f-7a89-4bb1-a131-b652ee3ba99b;vou providenciar o comprovante e envio aqui,,,,
"posso comprar cripto com valor exato em reais, tipo R$100,00 redondo","prefiro comprar valores redondos em reais, isso é possivel ou sempre sobra troco em cripto fracionada",Low,Resolved,qm:96e3bf0d-beea-4cd2-bca9-568ee30412d2:e145fbce-fd98-4ca0-8b5b-23769ae5f2ad,maximilianojavierjulio@gmail.com,Tokenia App,Service Request,Operações de compra/venda fiat,28/Jun/25 5:37 AM,"28/Jun/25 11:10 AM;maximilianojavierjulio@gmail.com;Olá! Sim, você pode informar exatamente o valor em reais que deseja investir (como R$100,00), e o sistema calcula automaticamente a quantidade correspondente de criptomoeda.","28/Jun/25 12:21 PM;qm:96e3bf0d-beea-4cd2-bca9-568ee30412d2:e145fbce-fd98-4ca0-8b5b-23769ae5f2ad;otimo, era isso que eu queria. obrigado",,,,
posso depositar usando pix parcelado,"vi que alguns bancos oferecem pix parcelado agora, isso funciona pra depositar na Tokenia",Medium,Resolved,qm:96e3bf0d-beea-4cd2-bca9-568ee30412d2:ed04d6ae-f36e-4f44-ba75-dad36ede95b7,maxyjulio18@gmail.com,Tokenia App,Service Request,Depósitos e saques,8/Jun/24 11:03 AM,"8/Jun/24 1:20 PM;maxyjulio18@gmail.com;Olá! O PIX é processado como pagamento à vista pela nossa plataforma, independente de o seu banco oferecer parcelamento na origem. O valor total é creditado de uma vez assim que recebido.","8/Jun/24 1:53 PM;qm:96e3bf0d-beea-4cd2-bca9-568ee30412d2:ed04d6ae-f36e-4f44-ba75-dad36ede95b7;entendi, obrigado pela explicação",,,,
saque duplicado processado por engano,"solicitei um saque mas parece que foi processado duas vezes, meu saldo ficou negativo depois disso",High,Escalated,qm:96e3bf0d-beea-4cd2-bca9-568ee30412d2:1007ee5e-c272-40ae-811d-eed78b3d4e7c,maximilianojavierjulio@gmail.com,Portal Tokenia,Service Request,Depósitos e saques,19/Feb/25 3:34 PM,"19/Feb/25 11:42 PM;maximilianojavierjulio@gmail.com;Olá, entendemos a gravidade dessa situação com o saldo negativo. Vou escalar seu caso imediatamente para o time financeiro verificar essa possível duplicidade com prioridade máxima.","20/Feb/25 12:29 AM;qm:96e3bf0d-beea-4cd2-bca9-568ee30412d2:1007ee5e-c272-40ae-811d-eed78b3d4e7c;por favor, preciso resolver isso rapido, meu saldo esta incorreto","20/Feb/25 12:43 AM;maximilianojavierjulio@gmail.com;Compreendemos totalmente a urgência. Vamos analisar detalhadamente o que ocorreu e, caso confirmada a duplicidade, faremos o ajuste necessário no seu saldo imediatamente.",,,
existe algum valor maximo pra saque via PIX,"queria saber se tem algum teto especifico pra saque via PIX, alem do limite diario geral",Low,Resolved,qm:96e3bf0d-beea-4cd2-bca9-568ee30412d2:4d958f1b-e893-41fe-b2c5-f0f6163cdd67,maxi220julio@gmail.com,Tokenia Web,Service Request,Depósitos e saques,27/Jan/25 7:19 PM,"27/Jan/25 11:49 PM;maxi220julio@gmail.com;Olá! Não existe um teto específico apenas para o método PIX, o saque segue normalmente o limite diário total configurado na sua conta.","28/Jan/25 12:54 AM;qm:96e3bf0d-beea-4cd2-bca9-568ee30412d2:4d958f1b-e893-41fe-b2c5-f0f6163cdd67;entendi, obrigado pela confirmação",,,,
posso ver o valor total investido em cada criptomoeda separadamente,"queria saber quanto ja investi no total em bitcoin, separado do que investi em ethereum",Medium,Resolved,qm:96e3bf0d-beea-4cd2-bca9-568ee30412d2:e145fbce-fd98-4ca0-8b5b-23769ae5f2ad,maxyjulio18@gmail.com,Portal Tokenia,Service Request,Carteira e endereços,30/Dec/25 2:45 PM,"30/Dec/25 3:39 PM;maxyjulio18@gmail.com;Olá! Sim, na seção 'Meu Portfólio' você encontra o valor total investido detalhado por criptomoeda, junto com o desempenho de cada uma.","30/Dec/25 3:50 PM;qm:96e3bf0d-beea-4cd2-bca9-568ee30412d2:e145fbce-fd98-4ca0-8b5b-23769ae5f2ad;achei, muito util. obrigado",,,,
posso compartilhar meu endereço de deposito por link,"queria mandar meu endereço de deposito de bitcoin pra alguem me enviar, tem opção de compartilhar direto",Low,Resolved,qm:96e3bf0d-beea-4cd2-bca9-568ee30412d2:74b34d2b-8c7a-4390-a0d5-6fe51576bcc9,maxyjulio18@gmail.com,Portal Tokenia,Service Request,Carteira e endereços,16/Nov/25 10:48 AM,"16/Nov/25 4:47 PM;maxyjulio18@gmail.com;Olá! Sim, na tela de depósito você encontra a opção 'Compartilhar', que permite enviar o endereço diretamente por outros aplicativos como WhatsApp ou e-mail.","16/Nov/25 5:16 PM;qm:96e3bf0d-beea-4cd2-bca9-568ee30412d2:74b34d2b-8c7a-4390-a0d5-6fe51576bcc9;achei, bem pratico. obrigado",,,,
"não consigo copiar o endereço de deposito, o botao de copiar nao funciona","toda vez que clico no botao de copiar endereço nada acontece, tenho que digitar manualmente",Medium,Work in Progress,qm:96e3bf0d-beea-4cd2-bca9-568ee30412d2:eb9cbe24-105c-40ed-844a-c2c2ea40c29f,maxi220julio@gmail.com,Tokenia App,Service Request,Carteira e endereços,16/Dec/25 8:53 AM,"16/Dec/25 10:16 AM;maxi220julio@gmail.com;Olá, obrigado por reportar. Identificamos uma instabilidade pontual no botão de copiar em algumas versões do app e nosso time técnico já está corrigindo. Enquanto isso, você pode tocar e segurar sobre o endereço para copiar manualmente.","16/Dec/25 10:30 AM;qm:96e3bf0d-beea-4cd2-bca9-568ee30412d2:eb9cbe24-105c-40ed-844a-c2c2ea40c29f;consegui assim, obrigado pela dica enquanto corrigem",,,,
posso solicitar reducao do meu proprio limite por autocontrole,"quero limitar meu proprio gasto por questoes pessoais, da pra pedir uma reducao do limite ao inves de aumento",Medium,Resolved,qm:96e3bf0d-beea-4cd2-bca9-568ee30412d2:9e1ed28d-2f8a-4bda-a163-752da5ee08d8,maximilianojavierjulio@gmail.com,Portal Tokenia,Service Request,Limites e restrições,18/May/24 2:04 PM,"18/May/24 4:10 PM;maximilianojavierjulio@gmail.com;Olá! Sim, você pode solicitar a redução voluntária do seu limite entrando em contato com nosso suporte, informando o novo valor desejado.","18/May/24 4:26 PM;qm:96e3bf0d-beea-4cd2-bca9-568ee30412d2:9e1ed28d-2f8a-4bda-a163-752da5ee08d8;otimo, vou solicitar entao. obrigado pela iniciativa de oferecer isso",,,,
o limite de deposito é diferente do limite de compra,posso depositar um valor maior do que consigo usar pra comprar cripto no mesmo dia,Low,Resolved,qm:96e3bf0d-beea-4cd2-bca9-568ee30412d2:ab026cd4-acd4-434b-90e5-109ffdddfa44,maxi220julio@gmail.com,Tokenia Web,Service Request,Limites e restrições,18/Mar/26 6:20 PM,"18/Mar/26 9:51 PM;maxi220julio@gmail.com;Olá! Sim, os limites de depósito e de compra são calculados de forma independente, então é possível depositar um valor maior e usá-lo para comprar ao longo de mais de um dia, respeitando o limite diário de operações.","18/Mar/26 10:44 PM;qm:96e3bf0d-beea-4cd2-bca9-568ee30412d2:ab026cd4-acd4-434b-90e5-109ffdddfa44;entendi, obrigado pela explicação",,,,
conta com restrição apos varias solicitações de aumento de limite seguidas,"solicitei aumento de limite tres vezes em pouco tempo e agora minha conta esta com uma restrição, isso é normal",High,Waiting for Customer,qm:96e3bf0d-beea-4cd2-bca9-568ee30412d2:98550bc5-9bb9-469f-b7d4-4756a5f09e88,maxi220julio@gmail.com,Tokenia Web,Service Request,Limites e restrições,18/May/25 2:51 AM,18/May/25 3:48 AM;maxi220julio@gmail.com;Olá! Solicitações repetidas em curto intervalo podem acionar uma análise adicional automática por segurança. Poderia nos explicar o motivo de precisar de aumentos tão frequentes recentemente? Isso ajuda a agilizar a análise.,18/May/25 4:12 AM;qm:96e3bf0d-beea-4cd2-bca9-568ee30412d2:98550bc5-9bb9-469f-b7d4-4756a5f09e88;vou explicar minha situação com mais detalhes e enviar aqui,,,,
o limite muda de acordo com o pais onde estou,"estou viajando pra fora do brasil, meu limite muda dependendo de onde eu acesso a conta",Medium,Resolved,qm:96e3bf0d-beea-4cd2-bca9-568ee30412d2:82ce44fa-76c2-43f3-bf42-64a209d1fd28,maxyjulio18@gmail.com,Portal Tokenia,Service Request,Limites e restrições,21/Jun/26 6:30 AM,"22/Jun/26 9:54 AM;maxyjulio18@gmail.com;Olá! O limite é definido pelo país de registro da sua conta, independente de onde você esteja acessando fisicamente, então não há alteração por viagem.","22/Jun/26 10:06 AM;qm:96e3bf0d-beea-4cd2-bca9-568ee30412d2:82ce44fa-76c2-43f3-bf42-64a209d1fd28;entendi, obrigado pela confirmação",,,,
app demora pra atualizar o preço apos uma operação,"depois de fazer uma compra, o preço mostrado na tela demora alguns segundos pra atualizar corretamente",Low,Resolved,qm:96e3bf0d-beea-4cd2-bca9-568ee30412d2:90ddc072-98d5-472a-8bd1-0e91d161e3ed,maxi220julio@gmail.com,Tokenia App,Service Request,Problemas técnicos do app/site,28/May/24 8:37 AM,28/May/24 10:46 AM;maxi220julio@gmail.com;Olá! Obrigado por reportar. Isso pode acontecer por uma pequena latência na atualização em tempo real. Você pode verificar se está na versão mais recente do app instalada?,"28/May/24 12:07 PM;qm:96e3bf0d-beea-4cd2-bca9-568ee30412d2:90ddc072-98d5-472a-8bd1-0e91d161e3ed;atualizei e melhorou bastante, obrigado",,,,
app apresenta saldo incorreto de forma intermitente,"as vezes o saldo aparece certo e as vezes aparece bem menor do que realmente tenho, isso ta acontecendo aleatoriamente",High,Escalated,qm:96e3bf0d-beea-4cd2-bca9-568ee30412d2:806cb782-ea88-4c57-b1ad-9d5a2e5efab3,maxyjulio18@gmail.com,Tokenia Web,Service Request,Problemas técnicos do app/site,3/Sep/24 5:41 AM,"3/Sep/24 6:35 AM;maxyjulio18@gmail.com;Olá, entendemos a gravidade dessa inconsistência com valores. Vou escalar seu caso imediatamente para nosso time técnico investigar essa exibição intermitente com prioridade.","3/Sep/24 6:45 AM;qm:96e3bf0d-beea-4cd2-bca9-568ee30412d2:806cb782-ea88-4c57-b1ad-9d5a2e5efab3;por favor, isso me deixa bem inseguro sobre o valor real que tenho","3/Sep/24 8:09 AM;maxyjulio18@gmail.com;Compreendemos completamente essa preocupação. O saldo real armazenado em nosso sistema não é afetado, é apenas um problema pontual de exibição, mas vamos investigar e corrigir com urgência para eliminar essa confusão.",,,
app fica lento quando tenho muitas operações no historico,"tenho bastante tempo de conta e muitas operações registradas, e percebo que o app fica mais lento pra carregar o historico completo",Medium,Resolved,qm:96e3bf0d-beea-4cd2-bca9-568ee30412d2:3b3304dc-2f4a-4a0c-94fd-cfc9d201d002,maximilianojavierjulio@gmail.com,Tokenia Email,General request,Problemas técnicos do app/site,10/Apr/25 2:02 AM,10/Apr/25 4:50 AM;maximilianojavierjulio@gmail.com;Olá! Obrigado pelo feedback. Contas com histórico extenso podem realmente levar um pouco mais de tempo para carregar todos os dados. Estamos trabalhando em melhorias de performance para esses casos.,"10/Apr/25 5:45 AM;qm:96e3bf0d-beea-4cd2-bca9-568ee30412d2:3b3304dc-2f4a-4a0c-94fd-cfc9d201d002;entendi, nao é nada muito grave, so um comentario mesmo. obrigado",,,,
notificação de preco chega atrasada em relação ao valor real,configurei um alerta de preço e quando a notificação chega o valor real ja mudou bastante desde entao,Low,Resolved,qm:96e3bf0d-beea-4cd2-bca9-568ee30412d2:806cb782-ea88-4c57-b1ad-9d5a2e5efab3,maximilianojavierjulio@gmail.com,Tokenia Email,General request,Problemas técnicos do app/site,9/Feb/26 6:34 AM,"9/Feb/26 12:06 PM;maximilianojavierjulio@gmail.com;Olá! Obrigado por reportar. Pode haver uma pequena variação entre o momento exato do disparo e a entrega da notificação pelo sistema operacional do celular, especialmente em mercados de alta volatilidade.","9/Feb/26 1:09 PM;qm:96e3bf0d-beea-4cd2-bca9-568ee30412d2:806cb782-ea88-4c57-b1ad-9d5a2e5efab3;entendi, faz sentido em dias mais agitados. obrigado",,,,
a taxa cobrada aparece detalhada no comprovante da operação,"queria ver o detalhamento exato da taxa cobrada em cada operação, nao so o valor total",Medium,Resolved,qm:96e3bf0d-beea-4cd2-bca9-568ee30412d2:90ddc072-98d5-472a-8bd1-0e91d161e3ed,maxyjulio18@gmail.com,Portal Tokenia,Service Request,Tarifas e comissões,14/Jun/26 4:27 AM,"14/Jun/26 6:06 AM;maxyjulio18@gmail.com;Olá! Sim, ao abrir o detalhe de qualquer operação no histórico, você encontra a taxa cobrada especificada separadamente do valor principal da transação.","14/Jun/26 7:20 AM;qm:96e3bf0d-beea-4cd2-bca9-568ee30412d2:90ddc072-98d5-472a-8bd1-0e91d161e3ed;achei, muito claro assim. obrigado",,,,
taxa incorreta aplicada afetando varias operações do mesmo dia,"percebi que todas as operações que fiz num dia especifico tiveram uma taxa bem acima do normal, parece um erro sistemico daquele dia",Highest,Resolved,qm:96e3bf0d-beea-4cd2-bca9-568ee30412d2:5705c77d-869a-4f2d-b789-7fe84a892889,maximilianojavierjulio@gmail.com,Portal Tokenia,Service Request,Tarifas e comissões,10/Jul/26 1:04 PM,"10/Jul/26 1:09 PM;maximilianojavierjulio@gmail.com;Olá, entendemos a seriedade de um possível erro afetando múltiplas operações no mesmo dia. Vamos verificar detalhadamente o período informado para identificar se houve realmente uma falha sistêmica na aplicação das taxas.","10/Jul/26 1:48 PM;qm:96e3bf0d-beea-4cd2-bca9-568ee30412d2:5705c77d-869a-4f2d-b789-7fe84a892889;por favor, sao varias operações, o impacto e considerável","10/Jul/26 2:29 PM;maximilianojavierjulio@gmail.com;Compreendemos totalmente a importância. Confirmamos que houve uma instabilidade pontual na configuração de taxas naquele dia específico, já corrigida. Vamos processar o estorno da diferença em todas as operações afetadas da sua conta em até 5 dias úteis.",10/Jul/26 3:51 PM;qm:96e3bf0d-beea-4cd2-bca9-568ee30412d2:5705c77d-869a-4f2d-b789-7fe84a892889;muito obrigado por identificarem e corrigirem rapido,,
a taxa de saque em reais via TED é diferente do PIX,confirmando se existe alguma taxa cobrada quando eu saco via TED em vez de PIX,Low,Resolved,qm:96e3bf0d-beea-4cd2-bca9-568ee30412d2:7c253ab9-2d35-4a94-8bdc-a3901c3156f8,maxi220julio@gmail.com,Tokenia App,Service Request,Tarifas e comissões,15/Apr/25 2:01 AM,"15/Apr/25 5:11 AM;maxi220julio@gmail.com;Olá! Saques via TED também não possuem taxa cobrada pela Tokenia, sendo gratuitos assim como o PIX. A diferença fica apenas no tempo de processamento.","15/Apr/25 5:49 AM;qm:96e3bf0d-beea-4cd2-bca9-568ee30412d2:7c253ab9-2d35-4a94-8bdc-a3901c3156f8;que bom, obrigado pela confirmação",,,,
quero entender como funciona a taxa em operações de conversão entre cripto e cripto,"queria saber exatamente como é calculada a taxa quando eu troco uma cripto direto por outra, sem passar por reais",Medium,Waiting for Agent,qm:96e3bf0d-beea-4cd2-bca9-568ee30412d2:dcd8d81d-4933-40c2-b3f2-7d9c8757ab99,maxi220julio@gmail.com,Tokenia Web,Service Request,Tarifas e comissões,20/Jul/26 8:07 AM,"20/Jul/26 7:15 PM;qm:96e3bf0d-beea-4cd2-bca9-568ee30412d2:dcd8d81d-4933-40c2-b3f2-7d9c8757ab99;boa tarde, gostaria de entender melhor o calculo da taxa em conversões diretas entre criptomoedas, pode me explicar",,,,,
posso atualizar minha profissão declarada na verificação,"troquei de profissão recentemente, preciso atualizar essa informação no meu cadastro de verificação",Medium,Resolved,qm:96e3bf0d-beea-4cd2-bca9-568ee30412d2:eb9cbe24-105c-40ed-844a-c2c2ea40c29f,maxyjulio18@gmail.com,Tokenia Email,General request,Verificação de identidade,7/Jul/26 7:37 AM,"7/Jul/26 8:39 AM;maxyjulio18@gmail.com;Olá! Sim, você pode atualizar sua profissão declarada em Configurações > Dados pessoais > Informações profissionais, a qualquer momento.","7/Jul/26 8:49 AM;qm:96e3bf0d-beea-4cd2-bca9-568ee30412d2:eb9cbe24-105c-40ed-844a-c2c2ea40c29f;otimo, vou atualizar agora. obrigado",,,,
conta suspensa apos alerta de multiplas contas com mesmo documento,"recebi um aviso grave dizendo que meu documento foi identificado em multiplas contas diferentes, mas eu so tenho uma conta aqui",Highest,Escalated,qm:96e3bf0d-beea-4cd2-bca9-568ee30412d2:e145fbce-fd98-4ca0-8b5b-23769ae5f2ad,maximilianojavierjulio@gmail.com,Tokenia App,Service Request,Verificação de identidade,7/Aug/24 4:25 PM,"7/Aug/24 4:51 PM;maximilianojavierjulio@gmail.com;Olá, entendemos a gravidade dessa situação. Esse tipo de alerta exige uma investigação detalhada da nossa equipe especializada de compliance. Vou escalar seu caso imediatamente com prioridade máxima.","7/Aug/24 6:15 PM;qm:96e3bf0d-beea-4cd2-bca9-568ee30412d2:e145fbce-fd98-4ca0-8b5b-23769ae5f2ad;por favor, so tenho essa unica conta, isso deve ser algum engano",7/Aug/24 6:39 PM;maximilianojavierjulio@gmail.com;Compreendemos completamente sua posição. Nosso time vai revisar minuciosamente o que gerou esse alerta e retornar com uma explicação clara e uma solução definitiva o mais breve possível.,,,
posso verificar minha identidade usando CIN em vez do RG tradicional,"ja tirei a nova carteira de identidade nacional, ela é aceita pra verificação no lugar do RG antigo",Low,Resolved,qm:96e3bf0d-beea-4cd2-bca9-568ee30412d2:e6f6df0e-e5ea-45cc-b313-3724b1a6b631,maxyjulio18@gmail.com,Tokenia App,Service Request,Verificação de identidade,1/Dec/25 11:26 AM,"2/Dec/25 4:06 PM;maxyjulio18@gmail.com;Olá! Sim, a Carteira de Identidade Nacional (CIN) é aceita normalmente como documento válido para verificação de identidade.","2/Dec/25 5:03 PM;qm:96e3bf0d-beea-4cd2-bca9-568ee30412d2:e6f6df0e-e5ea-45cc-b313-3724b1a6b631;otimo, vou usar ela entao. obrigado",,,,
recebi confirmação de verificação em duplicidade,"recebi dois emails de confirmação de verificação aprovada no mesmo dia, isso é normal ou algum erro",Medium,Resolved,qm:96e3bf0d-beea-4cd2-bca9-568ee30412d2:e6f6df0e-e5ea-45cc-b313-3724b1a6b631,maximilianojavierjulio@gmail.com,Tokenia App,Service Request,Verificação de identidade,19/Apr/25 11:14 AM,"19/Apr/25 2:11 PM;maximilianojavierjulio@gmail.com;Olá! Verificamos aqui e sua conta consta com apenas uma verificação processada corretamente. O segundo e-mail pode ter sido um reenvio automático do sistema, sem nenhum impacto na sua conta.","19/Apr/25 2:20 PM;qm:96e3bf0d-beea-4cd2-bca9-568ee30412d2:e6f6df0e-e5ea-45cc-b313-3724b1a6b631;entendi, tudo certo entao. obrigado pela confirmação",,,,
posso recuperar o acesso usando so a pergunta de recuperação,"esqueci minha senha e o email de redefinição nao esta chegando, tem outra forma de recuperar o acesso",Medium,Resolved,qm:96e3bf0d-beea-4cd2-bca9-568ee30412d2:74b34d2b-8c7a-4390-a0d5-6fe51576bcc9,maxyjulio18@gmail.com,Portal Tokenia,Service Request,Acesso e autenticação,2/May/25 5:50 AM,"2/May/25 9:36 AM;maxyjulio18@gmail.com;Olá! Além do e-mail, você pode tentar recuperar o acesso via SMS, caso tenha um número de celular cadastrado e verificado na conta. Você gostaria de tentar por esse caminho?","2/May/25 10:56 AM;qm:96e3bf0d-beea-4cd2-bca9-568ee30412d2:74b34d2b-8c7a-4390-a0d5-6fe51576bcc9;sim, tenho o numero cadastrado, vou tentar assim",2/May/25 11:55 AM;maxyjulio18@gmail.com;Perfeito! Vou enviar o código de recuperação por SMS agora.,"2/May/25 12:04 PM;qm:96e3bf0d-beea-4cd2-bca9-568ee30412d2:74b34d2b-8c7a-4390-a0d5-6fe51576bcc9;recebi e ja consegui trocar a senha, obrigado",,
conta bloqueada apos uso de VPN durante acesso,"estava usando VPN pra acessar de outro pais e minha conta foi bloqueada automaticamente, precisava resolver isso urgente",High,Escalated,qm:96e3bf0d-beea-4cd2-bca9-568ee30412d2:1007ee5e-c272-40ae-811d-eed78b3d4e7c,maxyjulio18@gmail.com,Tokenia App,Service Request,Acesso e autenticação,25/Apr/26 1:00 AM,"25/Apr/26 1:58 AM;maxyjulio18@gmail.com;Olá, entendemos a situação. Acessos via VPN podem acionar bloqueios automáticos de segurança por parecerem uma localização suspeita. Vou escalar seu caso para uma análise manual mais rápida.","25/Apr/26 3:12 AM;qm:96e3bf0d-beea-4cd2-bca9-568ee30412d2:1007ee5e-c272-40ae-811d-eed78b3d4e7c;por favor, preciso acessar minha conta com urgencia","25/Apr/26 4:10 AM;maxyjulio18@gmail.com;Compreendemos a urgência. Nosso time vai revisar o bloqueio o quanto antes. Enquanto isso, recomendamos desativar a VPN e tentar acessar diretamente, caso ainda esteja no exterior.",,,
posso ver quais permissões o app tem no meu celular,"queria saber quais permissões o aplicativo da tokenia solicita no meu celular, tipo camera e localização",Low,Resolved,qm:96e3bf0d-beea-4cd2-bca9-568ee30412d2:3aac0f08-6d3d-4bb7-adb0-090a0412c60a,maximilianojavierjulio@gmail.com,Tokenia Email,General request,Segurança da conta,11/Mar/24 2:17 AM,11/Mar/24 4:15 AM;maximilianojavierjulio@gmail.com;Olá! O app solicita permissão de câmera (para envio de documentos e selfie de verificação) e notificações push. Você pode conferir e gerenciar todas as permissões diretamente nas configurações do seu celular.,"11/Mar/24 4:55 AM;qm:96e3bf0d-beea-4cd2-bca9-568ee30412d2:3aac0f08-6d3d-4bb7-adb0-090a0412c60a;entendi, obrigado pela explicação",,,,
recebi confirmação de troca de email que eu nao solicitei,"recebi um email avisando sobre uma tentativa de troca do meu email cadastrado, mas eu nao fiz essa solicitação",Medium,Resolved,qm:96e3bf0d-beea-4cd2-bca9-568ee30412d2:e145fbce-fd98-4ca0-8b5b-23769ae5f2ad,maxi220julio@gmail.com,Portal Tokenia,Service Request,Segurança da conta,23/Jul/24 1:48 AM,"23/Jul/24 3:20 AM;maxi220julio@gmail.com;Olá! Agradecemos por nos avisar. Como a solicitação não foi concluída e você não a reconhece, recomendamos trocar sua senha por precaução. Podemos confirmar que nenhuma alteração foi efetivada na sua conta.","23/Jul/24 3:58 AM;qm:96e3bf0d-beea-4cd2-bca9-568ee30412d2:e145fbce-fd98-4ca0-8b5b-23769ae5f2ad;que bom que nao foi concluida, vou trocar a senha entao. obrigado",,,,
diferença no preço executado numa compra grande de uma vez,fiz uma compra de valor bem alto de bitcoin de uma vez e o preço medio executado ficou um pouco acima do preço inicial mostrado,High,Resolved,qm:96e3bf0d-beea-4cd2-bca9-568ee30412d2:dcd8d81d-4933-40c2-b3f2-7d9c8757ab99,maxi220julio@gmail.com,Portal Tokenia,Service Request,Operações de compra/venda cripto,10/Oct/25 12:47 AM,"11/Oct/25 2:47 AM;maxi220julio@gmail.com;Olá! Em operações de valor elevado, o preço final pode variar levemente devido à profundidade do livro de ofertas disponível naquele momento, fenômeno conhecido como slippage. Isso é mais perceptível em compras grandes de uma só vez.","11/Oct/25 4:12 AM;qm:96e3bf0d-beea-4cd2-bca9-568ee30412d2:dcd8d81d-4933-40c2-b3f2-7d9c8757ab99;ah entendi, nao sabia que compras grandes afetavam o preço assim","11/Oct/25 5:36 AM;maxi220julio@gmail.com;Exatamente. Uma alternativa para operações grandes é dividir a compra em partes menores ao longo do dia, o que costuma reduzir esse efeito.","11/Oct/25 6:27 AM;qm:96e3bf0d-beea-4cd2-bca9-568ee30412d2:dcd8d81d-4933-40c2-b3f2-7d9c8757ab99;boa dica, vou considerar fazer assim da proxima vez. obrigado",,
posso ver o volume de negociação de uma criptomoeda antes de comprar,queria ver o volume de negociação das ultimas 24h de uma cripto antes de decidir comprar,Medium,Resolved,qm:96e3bf0d-beea-4cd2-bca9-568ee30412d2:e145fbce-fd98-4ca0-8b5b-23769ae5f2ad,maximilianojavierjulio@gmail.com,Portal Tokenia,Service Request,Operações de compra/venda cripto,11/May/24 4:27 AM,"11/May/24 5:59 AM;maximilianojavierjulio@gmail.com;Olá! Sim, essa informação está disponível na tela de detalhes de cada criptomoeda, junto com o gráfico de preços e outras estatísticas de mercado.","11/May/24 6:50 AM;qm:96e3bf0d-beea-4cd2-bca9-568ee30412d2:e145fbce-fd98-4ca0-8b5b-23769ae5f2ad;achei, muito util pra decidir. obrigado",,,,
ordens antigas continuam aparecendo como abertas mesmo ja executadas,"tenho ordens de dias atras que ja foram executadas mas ainda aparecem na lista de ordens abertas, isso ta confundindo meu controle",High,Work in Progress,qm:96e3bf0d-beea-4cd2-bca9-568ee30412d2:8a99a275-7ced-4af7-bae8-9d134b24be3e,maxi220julio@gmail.com,Tokenia App,Service Request,Operações de compra/venda cripto,19/Apr/25 5:39 PM,"19/Apr/25 6:36 PM;maxi220julio@gmail.com;Olá, obrigado por reportar. Identificamos uma falha pontual na atualização de status de algumas ordens antigas e nosso time técnico já está corrigindo. As ordens realmente já foram executadas corretamente, é apenas um problema de exibição.","19/Apr/25 8:02 PM;qm:96e3bf0d-beea-4cd2-bca9-568ee30412d2:8a99a275-7ced-4af7-bae8-9d134b24be3e;que bom que o saldo esta certo pelo menos, fico no aguardo da correção",,,,
posso usar mais de uma chave PIX cadastrada,"tenho duas chaves PIX diferentes, posso cadastrar as duas na minha conta pra usar quando precisar",Medium,Resolved,qm:96e3bf0d-beea-4cd2-bca9-568ee30412d2:eb9cbe24-105c-40ed-844a-c2c2ea40c29f,maximilianojavierjulio@gmail.com,Tokenia App,Service Request,Operações de compra/venda fiat,9/Nov/24 8:05 PM,"9/Nov/24 10:45 PM;maximilianojavierjulio@gmail.com;Olá! No momento é possível cadastrar apenas uma chave PIX principal por vez para saques, mas você pode trocá-la a qualquer momento nas configurações de dados bancários.","9/Nov/24 11:31 PM;qm:96e3bf0d-beea-4cd2-bca9-568ee30412d2:eb9cbe24-105c-40ed-844a-c2c2ea40c29f;entendi, vou usar so uma entao. obrigado",,,,
depositei um valor mas a compra automatica configurada nao executou,"tinha uma compra recorrente configurada pra debitar do meu deposito, mas o deposito caiu e a compra nao aconteceu no horario esperado",High,Escalated,qm:96e3bf0d-beea-4cd2-bca9-568ee30412d2:4d958f1b-e893-41fe-b2c5-f0f6163cdd67,maxyjulio18@gmail.com,Tokenia Email,General request,Operações de compra/venda fiat,14/Nov/25 4:30 AM,"14/Nov/25 5:57 AM;maxyjulio18@gmail.com;Olá, entendemos a preocupação com essa falha na automação. Vou escalar seu caso para o time técnico verificar o que ocorreu com a execução da sua compra recorrente configurada.","14/Nov/25 7:25 AM;qm:96e3bf0d-beea-4cd2-bca9-568ee30412d2:4d958f1b-e893-41fe-b2c5-f0f6163cdd67;por favor, contava com essa compra acontecendo automaticamente",14/Nov/25 8:33 AM;maxyjulio18@gmail.com;Compreendemos totalmente. Vamos investigar detalhadamente o que impediu a execução automática e retornar com uma explicação e solução o quanto antes.,,,
posso comprar cripto usando saldo residual de centavos,"tenho um saldo bem pequeno de centavos sobrando em reais, da pra usar esse valor pra comprar cripto tambem",Low,Resolved,qm:96e3bf0d-beea-4cd2-bca9-568ee30412d2:bc0cf60c-4d7c-44c5-b1c0-9ddfc9a18eb2,maximilianojavierjulio@gmail.com,Tokenia Web,Service Request,Operações de compra/venda fiat,8/Oct/24 10:38 PM,"9/Oct/24 12:37 AM;maximilianojavierjulio@gmail.com;Olá! Sim, desde que o valor atinja o mínimo de R$10 por operação, você pode usar qualquer saldo disponível, incluindo valores residuais, para realizar compras.","9/Oct/24 1:15 AM;qm:96e3bf0d-beea-4cd2-bca9-568ee30412d2:bc0cf60c-4d7c-44c5-b1c0-9ddfc9a18eb2;entendi, vou juntar mais um pouco entao. obrigado",,,,
posso ver o comprovante do meu saque depois de processado,"queria um comprovante formal do saque que fiz, pra guardar como registro pessoal",Medium,Resolved,qm:96e3bf0d-beea-4cd2-bca9-568ee30412d2:3b3304dc-2f4a-4a0c-94fd-cfc9d201d002,maximilianojavierjulio@gmail.com,Tokenia Web,Service Request,Depósitos e saques,14/Sep/25 8:12 AM,"14/Sep/25 8:46 AM;maximilianojavierjulio@gmail.com;Olá! Sim, você pode gerar o comprovante de qualquer operação, incluindo saques, na seção 'Atividade', tocando na transação desejada e selecionando 'Gerar comprovante'.","14/Sep/25 9:45 AM;qm:96e3bf0d-beea-4cd2-bca9-568ee30412d2:3b3304dc-2f4a-4a0c-94fd-cfc9d201d002;achei, muito util. obrigado",,,,
saque em reais recusado pelo banco de destino,"tentei sacar via TED mas recebi um aviso que o banco de destino recusou a transferencia, sem entender o motivo",High,Waiting for Customer,qm:96e3bf0d-beea-4cd2-bca9-568ee30412d2:1007ee5e-c272-40ae-811d-eed78b3d4e7c,maxi220julio@gmail.com,Tokenia Web,Service Request,Depósitos e saques,26/Feb/26 2:09 AM,26/Feb/26 3:21 AM;maxi220julio@gmail.com;Olá! Recusas desse tipo geralmente ocorrem por dados bancários desatualizados ou conta encerrada no destino. Poderia confirmar se os dados da sua conta bancária cadastrada ainda estão corretos e ativos?,26/Feb/26 4:00 AM;qm:96e3bf0d-beea-4cd2-bca9-568ee30412d2:1007ee5e-c272-40ae-811d-eed78b3d4e7c;vou verificar com meu banco e confirmo aqui,,,,
posso depositar em finais de semana e feriados,queria saber se consigo fazer depositos normalmente em fins de semana ou feriados bancarios,Low,Resolved,qm:96e3bf0d-beea-4cd2-bca9-568ee30412d2:cf6bd68c-2cf4-4fa6-93ba-fc96a0e57143,maxyjulio18@gmail.com,Tokenia Email,General request,Depósitos e saques,5/Jan/26 9:13 AM,"5/Jan/26 4:47 PM;maxyjulio18@gmail.com;Olá! Depósitos via PIX funcionam normalmente 24 horas, incluindo finais de semana e feriados. Já TED e boleto seguem o calendário bancário, sendo processados apenas em dias úteis.","5/Jan/26 5:05 PM;qm:96e3bf0d-beea-4cd2-bca9-568ee30412d2:cf6bd68c-2cf4-4fa6-93ba-fc96a0e57143;entendi, vou usar PIX no fim de semana entao. obrigado",,,,
posso ver graficos de desempenho da minha carteira ao longo do tempo,"queria acompanhar como minha carteira evoluiu nos ultimos meses, tem algum grafico pra isso",Medium,Resolved,qm:96e3bf0d-beea-4cd2-bca9-568ee30412d2:82ce44fa-76c2-43f3-bf42-64a209d1fd28,maximilianojavierjulio@gmail.com,Tokenia App,Service Request,Carteira e endereços,24/Oct/24 10:15 AM,"24/Oct/24 12:46 PM;maximilianojavierjulio@gmail.com;Olá! Sim, na seção 'Meu Portfólio' você encontra um gráfico de evolução do valor total da sua carteira ao longo do tempo, com diferentes períodos de visualização disponíveis.","24/Oct/24 1:05 PM;qm:96e3bf0d-beea-4cd2-bca9-568ee30412d2:82ce44fa-76c2-43f3-bf42-64a209d1fd28;achei, muito legal acompanhar assim. obrigado",,,,
posso adicionar uma nota pessoal em cada endereço salvo,"alem do apelido, gostaria de colocar uma observação mais detalhada em cada endereço favorito",Low,Resolved,qm:96e3bf0d-beea-4cd2-bca9-568ee30412d2:bc0cf60c-4d7c-44c5-b1c0-9ddfc9a18eb2,maxi220julio@gmail.com,Tokenia App,Service Request,Carteira e endereços,29/May/24 11:36 PM,"30/May/24 3:58 AM;maxi220julio@gmail.com;Olá! No momento é possível apenas dar um apelido personalizado ao endereço, sem campo específico para observações mais longas. Registramos sua sugestão para futuras melhorias.","30/May/24 5:05 AM;qm:96e3bf0d-beea-4cd2-bca9-568ee30412d2:bc0cf60c-4d7c-44c5-b1c0-9ddfc9a18eb2;entendi, tudo bem entao. obrigado",,,,
quero entender melhor a diferença entre carteira custodial e nao custodial,vi esses termos em algum lugar e queria entender se minha carteira na Tokenia é custodial ou nao,Medium,Waiting for Agent,qm:96e3bf0d-beea-4cd2-bca9-568ee30412d2:ebdc7d4f-7a89-4bb1-a131-b652ee3ba99b,maximilianojavierjulio@gmail.com,Tokenia App,Service Request,Carteira e endereços,16/Sep/24 10:46 AM,"16/Sep/24 12:56 PM;qm:96e3bf0d-beea-4cd2-bca9-568ee30412d2:ebdc7d4f-7a89-4bb1-a131-b652ee3ba99b;boa tarde, gostaria de entender se a carteira da Tokenia é custodial ou nao custodial, pode me explicar a diferença",,,,,
posso ver historico de todas as mudanças de limite da minha conta,"queria ver quando meu limite foi alterado ao longo do tempo, tanto aumentos quanto reduções",Medium,Resolved,qm:96e3bf0d-beea-4cd2-bca9-568ee30412d2:8a0ee7d5-029c-4a08-a42f-b06768b64927,maximilianojavierjulio@gmail.com,Tokenia App,Service Request,Limites e restrições,28/Jun/25 5:37 AM,"28/Jun/25 8:23 AM;maximilianojavierjulio@gmail.com;Olá! Sim, você pode consultar esse histórico completo na seção 'Limites' do seu perfil, com a data e o valor de cada alteração registrada.","28/Jun/25 9:34 AM;qm:96e3bf0d-beea-4cd2-bca9-568ee30412d2:8a0ee7d5-029c-4a08-a42f-b06768b64927;achei, muito util. obrigado",,,,
o limite se aplica igual pra compra de qualquer criptomoeda,queria saber se o limite diario é o mesmo pra qualquer cripto ou se muda dependendo do ativo escolhido,Low,Resolved,qm:96e3bf0d-beea-4cd2-bca9-568ee30412d2:ed04d6ae-f36e-4f44-ba75-dad36ede95b7,maxyjulio18@gmail.com,Tokenia App,Service Request,Limites e restrições,8/Jun/24 11:03 AM,"8/Jun/24 3:38 PM;maxyjulio18@gmail.com;Olá! O limite diário é aplicado sobre o valor total convertido em reais, independente da criptomoeda específica que está sendo comprada.","8/Jun/24 4:11 PM;qm:96e3bf0d-beea-4cd2-bca9-568ee30412d2:ed04d6ae-f36e-4f44-ba75-dad36ede95b7;entendi, obrigado pela confirmação",,,,
conta totalmente congelada apos alerta regulatorio grave,"minha conta foi completamente congelada com uma mensagem falando em analise regulatoria, nao consigo fazer absolutamente nada",Highest,Escalated,qm:96e3bf0d-beea-4cd2-bca9-568ee30412d2:1007ee5e-c272-40ae-811d-eed78b3d4e7c,maximilianojavierjulio@gmail.com,Portal Tokenia,Service Request,Limites e restrições,19/Feb/25 3:34 PM,"19/Feb/25 11:42 PM;maximilianojavierjulio@gmail.com;Olá, entendemos a extrema gravidade dessa situação. Congelamentos por questões regulatórias exigem análise específica do nosso time de compliance, com processo mais rigoroso. Vou escalar seu caso imediatamente com prioridade máxima.","20/Feb/25 12:29 AM;qm:96e3bf0d-beea-4cd2-bca9-568ee30412d2:1007ee5e-c272-40ae-811d-eed78b3d4e7c;por favor, isso esta afetando toda minha operação financeira, preciso de uma resposta","20/Feb/25 12:43 AM;maximilianojavierjulio@gmail.com;Compreendemos completamente a gravidade da situação para você. Nosso time especializado vai revisar seu caso com máxima prioridade, e vamos manter contato direto para atualizações conforme a análise avançar.",,,
app pede pra avaliar na loja toda vez que abro,"toda vez que abro o app aparece um pop-up pedindo pra avaliar na loja, ja avaliei uma vez e continua aparecendo",Medium,Resolved,qm:96e3bf0d-beea-4cd2-bca9-568ee30412d2:4d958f1b-e893-41fe-b2c5-f0f6163cdd67,maxi220julio@gmail.com,Tokenia Web,Service Request,Problemas técnicos do app/site,27/Jan/25 7:19 PM,27/Jan/25 9:34 PM;maxi220julio@gmail.com;Olá! Obrigado por reportar. Isso pode acontecer por uma falha pontual no registro da sua avaliação anterior. Vamos verificar e ajustar essa configuração para não solicitar novamente.,"27/Jan/25 10:39 PM;qm:96e3bf0d-beea-4cd2-bca9-568ee30412d2:4d958f1b-e893-41fe-b2c5-f0f6163cdd67;obrigado, era so um pouco incomodo mesmo",,,,
compra via PIX nao atualiza o status automaticamente,"faço a compra, pago o PIX, mas o status na tela continua como pendente mesmo depois de confirmado no banco",High,Work in Progress,qm:96e3bf0d-beea-4cd2-bca9-568ee30412d2:e145fbce-fd98-4ca0-8b5b-23769ae5f2ad,maxyjulio18@gmail.com,Portal Tokenia,Service Request,Problemas técnicos do app/site,30/Dec/25 2:45 PM,"30/Dec/25 3:05 PM;maxyjulio18@gmail.com;Olá, obrigado por reportar. Identificamos uma lentidão pontual na atualização automática de status para pagamentos via PIX e nosso time técnico já está atuando na correção. O saldo já deve estar sendo processado corretamente por trás.","30/Dec/25 3:16 PM;qm:96e3bf0d-beea-4cd2-bca9-568ee30412d2:e145fbce-fd98-4ca0-8b5b-23769ae5f2ad;ok, vou atualizar a tela manualmente enquanto isso",,,,
app mostra data errada nas notificações,"recebi uma notificação com a data de ontem mesmo sendo uma operação de hoje, so um detalhe visual",Low,Resolved,qm:96e3bf0d-beea-4cd2-bca9-568ee30412d2:74b34d2b-8c7a-4390-a0d5-6fe51576bcc9,maxyjulio18@gmail.com,Portal Tokenia,Service Request,Problemas técnicos do app/site,16/Nov/25 10:48 AM,16/Nov/25 4:47 PM;maxyjulio18@gmail.com;Olá! Obrigado por reportar. Encaminhamos essa observação para nosso time técnico ajustar a exibição da data nas notificações.,"16/Nov/25 5:16 PM;qm:96e3bf0d-beea-4cd2-bca9-568ee30412d2:74b34d2b-8c7a-4390-a0d5-6fe51576bcc9;tranquilo, era so pra avisar. obrigado",,,,
a taxa muda dependendo se eu sou usuario novo ou antigo,"sou usuario ha bastante tempo, minha taxa deveria ser diferente de um usuario que acabou de se cadastrar",Medium,Resolved,qm:96e3bf0d-beea-4cd2-bca9-568ee30412d2:eb9cbe24-105c-40ed-844a-c2c2ea40c29f,maxi220julio@gmail.com,Tokenia App,Service Request,Tarifas e comissões,16/Dec/25 8:53 AM,"16/Dec/25 10:16 AM;maxi220julio@gmail.com;Olá! A taxa padrão é a mesma para todos os usuários independente do tempo de conta, exceto em casos de acordos comerciais específicos negociados por alto volume mensal.","16/Dec/25 10:30 AM;qm:96e3bf0d-beea-4cd2-bca9-568ee30412d2:eb9cbe24-105c-40ed-844a-c2c2ea40c29f;entendi, obrigado pela explicação",,,,
taxa cobrada em desacordo com contrato empresarial assinado,"temos um contrato empresarial especifico com condicoes de taxa diferenciadas, mas a ultima fatura nao reflete o que foi acordado",Highest,Resolved,qm:96e3bf0d-beea-4cd2-bca9-568ee30412d2:9e1ed28d-2f8a-4bda-a163-752da5ee08d8,maximilianojavierjulio@gmail.com,Portal Tokenia,Service Request,Tarifas e comissões,18/May/24 2:04 PM,"18/May/24 2:19 PM;maximilianojavierjulio@gmail.com;Olá, entendemos a seriedade dessa divergência considerando o contrato empresarial firmado. Vamos verificar imediatamente a aplicação das condições contratuais na sua conta e comparar com a fatura emitida.","18/May/24 2:35 PM;qm:96e3bf0d-beea-4cd2-bca9-568ee30412d2:9e1ed28d-2f8a-4bda-a163-752da5ee08d8;por favor, precisamos de uma correção o quanto antes, é uma diferença significativa de valor",18/May/24 3:10 PM;maximilianojavierjulio@gmail.com;Compreendemos totalmente a importância. Confirmamos uma falha na aplicação das condições contratuais nessa fatura específica. Já corrigimos a configuração e vamos providenciar o ajuste financeiro correspondente em até 5 dias úteis.,,,
diferença de taxa entre app e versao web pra mesma operação,"percebi uma pequena diferença na taxa exibida entre o app e o site pra mesma operação, gostaria de entender o motivo",Medium,Waiting for Customer,qm:96e3bf0d-beea-4cd2-bca9-568ee30412d2:3b3304dc-2f4a-4a0c-94fd-cfc9d201d002,maxi220julio@gmail.com,Tokenia Web,Service Request,Tarifas e comissões,27/Jan/25 1:04 AM,27/Jan/25 4:38 AM;maxi220julio@gmail.com;Olá! Não deveria haver diferença de taxa entre as plataformas para a mesma operação. Poderia nos enviar prints das duas telas mostrando a diferença que você identificou?,27/Jan/25 4:43 AM;qm:96e3bf0d-beea-4cd2-bca9-568ee30412d2:3b3304dc-2f4a-4a0c-94fd-cfc9d201d002;vou tirar os prints e te mando aqui,,,,
posso verificar minha conta com documento de outro pais,"sou brasileiro mas moro fora do brasil, posso usar meu documento estrangeiro ou preciso de um documento brasileiro",Low,Resolved,qm:96e3bf0d-beea-4cd2-bca9-568ee30412d2:b9908a88-c7cb-48d9-b10c-f21b473a87ee,maxi220julio@gmail.com,Tokenia Email,General request,Verificação de identidade,18/Dec/25 2:51 AM,"18/Dec/25 5:12 PM;maxi220julio@gmail.com;Olá! Para contas registradas no Brasil, recomendamos utilizar um documento brasileiro válido (RG, CNH ou passaporte). Caso não possua nenhum desses em mãos, entre em contato conosco para avaliarmos alternativas.","18/Dec/25 6:41 PM;qm:96e3bf0d-beea-4cd2-bca9-568ee30412d2:b9908a88-c7cb-48d9-b10c-f21b473a87ee;tenho meu passaporte brasileiro, vou usar ele entao. obrigado",,,,
verificação aprovada mas depois revertida sem aviso,"minha verificação foi aprovada semana passada mas hoje aparece como pendente de novo, sem eu ter feito nada",High,Escalated,qm:96e3bf0d-beea-4cd2-bca9-568ee30412d2:79582374-52c1-48cf-9693-7f7e4f450adc,maxyjulio18@gmail.com,Tokenia Email,General request,Verificação de identidade,2/Feb/25 4:28 AM,"2/Feb/25 5:23 AM;maxyjulio18@gmail.com;Olá, entendemos a gravidade dessa reversão inesperada. Vou escalar seu caso para nossa equipe de compliance investigar o que causou essa mudança de status sem justificativa aparente.","2/Feb/25 6:08 AM;qm:96e3bf0d-beea-4cd2-bca9-568ee30412d2:79582374-52c1-48cf-9693-7f7e4f450adc;por favor, isso é bem estranho, preciso entender o que aconteceu",2/Feb/25 6:20 AM;maxyjulio18@gmail.com;Compreendemos completamente. Nosso time especializado vai analisar o histórico da sua verificação e retornar com uma explicação clara sobre essa reversão o quanto antes.,,,
posso solicitar verificação prioritaria em caso de urgencia,"preciso verificar minha conta com urgencia por causa de uma oportunidade de investimento com prazo curto, tem prioridade pra esses casos",Medium,Resolved,qm:96e3bf0d-beea-4cd2-bca9-568ee30412d2:90ddc072-98d5-472a-8bd1-0e91d161e3ed,maxi220julio@gmail.com,Tokenia App,Service Request,Verificação de identidade,28/May/24 8:37 AM,"28/May/24 9:41 AM;maxi220julio@gmail.com;Olá! Entendemos a urgência. Embora não tenhamos um processo de prioridade formal, você pode nos contatar informando a situação específica, e faremos o possível para agilizar a análise dentro do processo padrão.","28/May/24 11:02 AM;qm:96e3bf0d-beea-4cd2-bca9-568ee30412d2:90ddc072-98d5-472a-8bd1-0e91d161e3ed;entendi, vou enviar meus documentos o quanto antes entao. obrigado",,,,
posso configurar login automatico so no meu wifi de casa,"queria que o app pedisse senha so quando eu tentasse entrar fora da minha rede wifi conhecida, tem essa opção",Medium,Resolved,qm:96e3bf0d-beea-4cd2-bca9-568ee30412d2:74b34d2b-8c7a-4390-a0d5-6fe51576bcc9,maxyjulio18@gmail.com,Portal Tokenia,Service Request,Acesso e autenticação,2/May/25 5:50 AM,"2/May/25 9:36 AM;maxyjulio18@gmail.com;Olá! No momento não temos uma configuração de login condicionado à rede wifi específica. A segurança da conta é baseada no dispositivo reconhecido e na sessão ativa, independente da rede utilizada.","2/May/25 10:56 AM;qm:96e3bf0d-beea-4cd2-bca9-568ee30412d2:74b34d2b-8c7a-4390-a0d5-6fe51576bcc9;entendi, tudo bem entao. obrigado",,,,
app nao reconhece meu dispositivo mesmo apos varios acessos,sempre uso o mesmo celular mas o app continua pedindo verificação adicional como se fosse um dispositivo novo toda vez,High,Resolved,qm:96e3bf0d-beea-4cd2-bca9-568ee30412d2:1c6c8f3c-0b42-4193-b8f6-814150c2f7da,maxyjulio18@gmail.com,Portal Tokenia,Service Request,Acesso e autenticação,3/Feb/25 3:24 PM,"3/Feb/25 4:23 PM;maxyjulio18@gmail.com;Olá! Isso pode acontecer se o app estiver sendo reinstalado com frequência, ou se os dados do aplicativo estiverem sendo limpos automaticamente pelo sistema do celular. Você poderia verificar se há alguma configuração de limpeza automática de apps ativa no seu aparelho?","3/Feb/25 5:51 PM;qm:96e3bf0d-beea-4cd2-bca9-568ee30412d2:1c6c8f3c-0b42-4193-b8f6-814150c2f7da;verifiquei e realmente tinha uma limpeza automatica configurada, desativei agora",3/Feb/25 7:05 PM;maxyjulio18@gmail.com;Ótimo! Isso deve resolver o problema. Agora o app deve reconhecer seu dispositivo normalmente nos próximos acessos.,,,
conta completamente inacessivel apos falha critica no sistema de login,"nenhuma opção de login funciona mais, nem senha, nem 2FA, nem recuperação por email, minha conta parece travada por completo",Highest,Escalated,qm:96e3bf0d-beea-4cd2-bca9-568ee30412d2:4d958f1b-e893-41fe-b2c5-f0f6163cdd67,maxi220julio@gmail.com,Tokenia Email,General request,Acesso e autenticação,11/Mar/24 2:17 AM,"11/Mar/24 2:24 AM;maxi220julio@gmail.com;Olá, entendemos a extrema gravidade dessa situação com todas as opções de acesso falhando. Vou escalar seu caso imediatamente com prioridade máxima para nosso time técnico especializado investigar a fundo.","11/Mar/24 3:04 AM;qm:96e3bf0d-beea-4cd2-bca9-568ee30412d2:4d958f1b-e893-41fe-b2c5-f0f6163cdd67;por favor, preciso de ajuda urgente, nao consigo fazer absolutamente nada",11/Mar/24 3:28 AM;maxi220julio@gmail.com;Compreendemos completamente a urgência. Nosso time vai analisar profundamente os logs técnicos da sua conta e retornar com uma solução definitiva o mais rápido possível.,,,
posso comprar cripto direto pra um endereço externo sem passar pela minha carteira,"queria comprar bitcoin e ja mandar direto pra minha carteira externa numa unica operação, isso é possivel",Medium,Resolved,qm:96e3bf0d-beea-4cd2-bca9-568ee30412d2:ebdc7d4f-7a89-4bb1-a131-b652ee3ba99b,maxi220julio@gmail.com,Portal Tokenia,Service Request,Operações de compra/venda cripto,23/Jul/24 1:48 AM,"23/Jul/24 3:20 AM;maxi220julio@gmail.com;Olá! No momento, a compra é sempre creditada primeiro na sua carteira dentro da Tokenia. Depois, você pode fazer um saque separado para o endereço externo desejado.","23/Jul/24 3:58 AM;qm:96e3bf0d-beea-4cd2-bca9-568ee30412d2:ebdc7d4f-7a89-4bb1-a131-b652ee3ba99b;entendi, vou fazer os dois passos entao. obrigado",,,,
existe algum aviso quando o mercado esta muito volatil,"seria legal ter algum alerta avisando quando o mercado ta com movimentação muito forte, tem algo assim",Low,Resolved,qm:96e3bf0d-beea-4cd2-bca9-568ee30412d2:dcd8d81d-4933-40c2-b3f2-7d9c8757ab99,maxi220julio@gmail.com,Portal Tokenia,Service Request,Operações de compra/venda cripto,10/Oct/25 12:47 AM,"11/Oct/25 2:47 AM;maxi220julio@gmail.com;Olá! No momento não temos um alerta específico de volatilidade geral do mercado, mas você pode configurar alertas de preço individuais para os ativos que acompanha mais de perto.","11/Oct/25 4:12 AM;qm:96e3bf0d-beea-4cd2-bca9-568ee30412d2:dcd8d81d-4933-40c2-b3f2-7d9c8757ab99;entendi, vou configurar os alertas de preço entao. obrigado",,,,
ordens ficam pendentes mesmo com preço ja atingido no mercado,"configurei ordens limite que deveriam ter executado ha horas, o preço ja passou do valor definido mas continuam pendentes",High,Work in Progress,qm:96e3bf0d-beea-4cd2-bca9-568ee30412d2:bc0cf60c-4d7c-44c5-b1c0-9ddfc9a18eb2,maxi220julio@gmail.com,Tokenia App,Service Request,Operações de compra/venda cripto,17/Jun/24 1:12 AM,"17/Jun/24 10:45 PM;maxi220julio@gmail.com;Olá, obrigado por reportar. Identificamos uma lentidão pontual no motor de execução de ordens limite e nosso time técnico já está atuando com prioridade na correção. Vamos acompanhar suas ordens especificamente e te atualizar.","17/Jun/24 11:27 PM;qm:96e3bf0d-beea-4cd2-bca9-568ee30412d2:bc0cf60c-4d7c-44c5-b1c0-9ddfc9a18eb2;ok, preciso que isso seja resolvido logo, fico no aguardo",,,,
posso ver a cotação usada exatamente numa compra passada,queria confirmar qual foi a cotação exata usada numa compra que fiz semana passada,Medium,Resolved,qm:96e3bf0d-beea-4cd2-bca9-568ee30412d2:e6f6df0e-e5ea-45cc-b313-3724b1a6b631,maxyjulio18@gmail.com,Portal Tokenia,Service Request,Operações de compra/venda fiat,12/Oct/25 12:07 PM,"12/Oct/25 2:42 PM;maxyjulio18@gmail.com;Olá! Sim, você pode conferir a cotação exata utilizada em qualquer operação no detalhe dela, dentro do histórico de 'Atividade'.","12/Oct/25 3:34 PM;qm:96e3bf0d-beea-4cd2-bca9-568ee30412d2:e6f6df0e-e5ea-45cc-b313-3724b1a6b631;achei, obrigado pela informação",,,,
compra parcelada no cartao com juros diferentes do informado,fiz uma compra parcelada e os juros cobrados no cartao ficaram diferentes do que apareceu antes de confirmar,High,Waiting for Customer,qm:96e3bf0d-beea-4cd2-bca9-568ee30412d2:e145fbce-fd98-4ca0-8b5b-23769ae5f2ad,maximilianojavierjulio@gmail.com,Tokenia Email,General request,Operações de compra/venda fiat,19/Jun/24 10:04 PM,"19/Jun/24 10:14 PM;maximilianojavierjulio@gmail.com;Olá! Para verificarmos corretamente, você poderia nos enviar uma captura de tela da fatura do cartão mostrando os juros cobrados, junto com a data e valor da operação original?",19/Jun/24 10:39 PM;qm:96e3bf0d-beea-4cd2-bca9-568ee30412d2:e145fbce-fd98-4ca0-8b5b-23769ae5f2ad;vou providenciar essas informações e envio em breve,,,,
posso agendar uma venda de cripto pra converter em reais automaticamente,queria configurar uma venda automatica periodica pra sempre ter algum saldo em reais disponivel,Low,Resolved,qm:96e3bf0d-beea-4cd2-bca9-568ee30412d2:98550bc5-9bb9-469f-b7d4-4756a5f09e88,maxi220julio@gmail.com,Tokenia App,Service Request,Operações de compra/venda fiat,17/Jul/25 6:08 PM,"18/Jul/25 12:16 AM;maxi220julio@gmail.com;Olá! No momento não temos essa função de venda automática recorrente, apenas compra recorrente. Registramos sua sugestão para futuras melhorias na plataforma.","18/Jul/25 12:25 AM;qm:96e3bf0d-beea-4cd2-bca9-568ee30412d2:98550bc5-9bb9-469f-b7d4-4756a5f09e88;entendi, vou fazer manual por enquanto entao. obrigado",,,,
posso ver quanto ja depositei no total desde que abri a conta,queria saber o valor total que ja depositei ao longo do tempo na plataforma,Medium,Resolved,qm:96e3bf0d-beea-4cd2-bca9-568ee30412d2:98550bc5-9bb9-469f-b7d4-4756a5f09e88,maxi220julio@gmail.com,Portal Tokenia,Service Request,Depósitos e saques,22/Jan/25 6:00 PM,"22/Jan/25 8:39 PM;maxi220julio@gmail.com;Olá! Você pode conferir esse total consolidado no relatório disponível na seção 'Relatórios', filtrando por tipo de operação 'Depósitos'.","22/Jan/25 9:11 PM;qm:96e3bf0d-beea-4cd2-bca9-568ee30412d2:98550bc5-9bb9-469f-b7d4-4756a5f09e88;achei, muito util pra ter esse controle. obrigado",,,,
saque solicitado mas cancelado automaticamente sem explicação,"meu saque foi cancelado sozinho pelo sistema depois de algumas horas, sem nenhuma mensagem explicando o motivo",High,Escalated,qm:96e3bf0d-beea-4cd2-bca9-568ee30412d2:b7a06e76-4e6b-48b6-a6c2-1f5297504226,maxi220julio@gmail.com,Tokenia Web,Service Request,Depósitos e saques,8/Oct/24 10:38 PM,"8/Oct/24 11:00 PM;maxi220julio@gmail.com;Olá, entendemos a preocupação com esse cancelamento sem explicação clara. Vou escalar seu caso para o time financeiro verificar o motivo exato dessa ocorrência com prioridade.","8/Oct/24 11:38 PM;qm:96e3bf0d-beea-4cd2-bca9-568ee30412d2:b7a06e76-4e6b-48b6-a6c2-1f5297504226;por favor, preciso entender o que aconteceu com meu dinheiro","9/Oct/24 12:57 AM;maxi220julio@gmail.com;Compreendemos totalmente. Seu saldo permanece integralmente disponível na sua conta, já que o saque não foi processado. Vamos investigar a causa do cancelamento automático e retornar com uma explicação.",,,
posso ver o hash da transação de um deposito em cripto ja recebido,"queria conferir o hash da blockchain de um deposito de bitcoin que ja recebi, pra ter registro",Low,Resolved,qm:96e3bf0d-beea-4cd2-bca9-568ee30412d2:bc0cf60c-4d7c-44c5-b1c0-9ddfc9a18eb2,maximilianojavierjulio@gmail.com,Tokenia Web,Service Request,Depósitos e saques,14/Sep/25 8:12 AM,"14/Sep/25 9:20 AM;maximilianojavierjulio@gmail.com;Olá! Sim, você pode encontrar o hash (TxID) completo no detalhe da transação de depósito, dentro do histórico de 'Atividade'.","14/Sep/25 10:19 AM;qm:96e3bf0d-beea-4cd2-bca9-568ee30412d2:bc0cf60c-4d7c-44c5-b1c0-9ddfc9a18eb2;achei, obrigado pela informação",,,,
posso configurar um contato de emergencia pra minha conta,queria deixar um contato de confiança cadastrado caso algo aconteça comigo e eu nao consiga acessar,Medium,Resolved,qm:96e3bf0d-beea-4cd2-bca9-568ee30412d2:1007ee5e-c272-40ae-811d-eed78b3d4e7c,maxi220julio@gmail.com,Tokenia Web,Service Request,Segurança da conta,26/Feb/26 2:09 AM,"26/Feb/26 5:21 AM;maxi220julio@gmail.com;Olá! No momento não temos essa funcionalidade de contato de emergência formal. Para situações de sucessão, recomendamos verificar nosso processo específico para herdeiros legais, que exige documentação apropriada.","26/Feb/26 6:00 AM;qm:96e3bf0d-beea-4cd2-bca9-568ee30412d2:1007ee5e-c272-40ae-811d-eed78b3d4e7c;entendi, vou pesquisar mais sobre isso entao. obrigado",,,,
recebo um resumo periodico da atividade da minha conta,"seria interessante receber um resumo mensal por email das minhas operações, isso existe",Low,Resolved,qm:96e3bf0d-beea-4cd2-bca9-568ee30412d2:cf6bd68c-2cf4-4fa6-93ba-fc96a0e57143,maxyjulio18@gmail.com,Tokenia Email,General request,Segurança da conta,5/Jan/26 9:13 AM,"5/Jan/26 4:47 PM;maxyjulio18@gmail.com;Olá! No momento não enviamos um resumo mensal automático por e-mail, mas você pode gerar esse relatório manualmente a qualquer momento na seção 'Relatórios'.","5/Jan/26 5:05 PM;qm:96e3bf0d-beea-4cd2-bca9-568ee30412d2:cf6bd68c-2cf4-4fa6-93ba-fc96a0e57143;entendi, vou gerar manual entao quando precisar. obrigado",,,,
quero denunciar um perfil falso da Tokenia em rede social,"vi um perfil falso da Tokenia numa rede social oferecendo promoções suspeitas, como faço pra denunciar",High,Waiting for Agent,qm:96e3bf0d-beea-4cd2-bca9-568ee30412d2:82ce44fa-76c2-43f3-bf42-64a209d1fd28,maximilianojavierjulio@gmail.com,Tokenia App,Service Request,Segurança da conta,24/Oct/24 10:15 AM,"24/Oct/24 11:11 AM;qm:96e3bf0d-beea-4cd2-bca9-568ee30412d2:82ce44fa-76c2-43f3-bf42-64a209d1fd28;boa tarde, encontrei um perfil falso se passando pela Tokenia numa rede social oferecendo promoções estranhas, gostaria de denunciar isso pra voces",,,,,
posso organizar minha carteira em categorias personalizadas,"queria separar minhas criptos entre longo prazo e trade rapido, tem alguma forma de organizar assim",Medium,Resolved,qm:96e3bf0d-beea-4cd2-bca9-568ee30412d2:8a0ee7d5-029c-4a08-a42f-b06768b64927,maxi220julio@gmail.com,Tokenia Email,General request,Carteira e endereços,7/Mar/25 11:25 PM,"9/Mar/25 8:08 PM;maxi220julio@gmail.com;Olá! No momento não temos categorização personalizada dentro da carteira, mas registramos sua sugestão como uma ideia interessante para futuras atualizações da plataforma.","9/Mar/25 8:23 PM;qm:96e3bf0d-beea-4cd2-bca9-568ee30412d2:8a0ee7d5-029c-4a08-a42f-b06768b64927;entendi, vou controlar manualmente por enquanto. obrigado",,,,
posso ver quantas transações ja fiz pra um endereço especifico,queria ver um historico de todas as vezes que enviei pra um endereço favorito especifico,Low,Resolved,qm:96e3bf0d-beea-4cd2-bca9-568ee30412d2:dcd8d81d-4933-40c2-b3f2-7d9c8757ab99,maxi220julio@gmail.com,Portal Tokenia,Service Request,Carteira e endereços,6/Jun/26 12:43 PM,"6/Jun/26 2:25 PM;maxi220julio@gmail.com;Olá! Sim, você pode filtrar o histórico de 'Atividade' por destinatário específico para ver todas as transações relacionadas a um endereço favorito.","6/Jun/26 3:40 PM;qm:96e3bf0d-beea-4cd2-bca9-568ee30412d2:dcd8d81d-4933-40c2-b3f2-7d9c8757ab99;achei, muito util. obrigado",,,,
ia adicionar um novo endereço mas encontrei que ja tinha salvo,ia cadastrar o endereço da minha carteira externa mas percebi que ja tinha salvo anteriormente,Low,Canceled,qm:96e3bf0d-beea-4cd2-bca9-568ee30412d2:b9908a88-c7cb-48d9-b10c-f21b473a87ee,maximilianojavierjulio@gmail.com,Tokenia Web,Service Request,Carteira e endereços,24/Jan/25 12:24 AM,"24/Jan/25 11:08 AM;maximilianojavierjulio@gmail.com;Olá! Sem problemas, o endereço já está disponível na sua lista de favoritos para uso quando precisar.",,,,,
a Tokenia oferece atendimento em outros idiomas alem do portugues,"tenho um familiar que nao fala portugues, o suporte atende em ingles ou espanhol tambem",Low,Resolved,qm:96e3bf0d-beea-4cd2-bca9-568ee30412d2:98550bc5-9bb9-469f-b7d4-4756a5f09e88,maximilianojavierjulio@gmail.com,Tokenia Email,General request,Informações e dúvidas gerais,10/Jan/26 1:33 PM,"10/Jan/26 5:15 PM;maximilianojavierjulio@gmail.com;Olá! Sim, nosso suporte também atende em espanhol, já que operamos em outros países da região. Para inglês, dependendo da disponibilidade da equipe, também podemos auxiliar.","10/Jan/26 5:28 PM;qm:96e3bf0d-beea-4cd2-bca9-568ee30412d2:98550bc5-9bb9-469f-b7d4-4756a5f09e88;otimo, vou avisar ele entao. obrigado",,,,
como funciona o suporte em caso de feriados nacionais,queria saber se o atendimento funciona normal em feriados nacionais brasileiros,Medium,Resolved,qm:96e3bf0d-beea-4cd2-bca9-568ee30412d2:9c34e718-8ff6-4bf1-b378-04f3dfd6d4b6,maximilianojavierjulio@gmail.com,Tokenia App,Service Request,Informações e dúvidas gerais,6/Feb/25 2:17 AM,"6/Feb/25 12:18 PM;maximilianojavierjulio@gmail.com;Olá! Em feriados nacionais, nosso atendimento funciona com horário reduzido, geralmente das 10h às 16h, horário de Brasília. Fora desse período, você ainda pode abrir um chamado que será respondido no próximo dia útil.","6/Feb/25 12:52 PM;qm:96e3bf0d-beea-4cd2-bca9-568ee30412d2:9c34e718-8ff6-4bf1-b378-04f3dfd6d4b6;entendi, obrigado pela informação",,,,
a Tokenia divulga relatorios de transparencia ou auditoria,queria saber se voces publicam algum tipo de relatorio de transparencia ou auditoria das reservas,Low,Resolved,qm:96e3bf0d-beea-4cd2-bca9-568ee30412d2:bc0cf60c-4d7c-44c5-b1c0-9ddfc9a18eb2,maxyjulio18@gmail.com,Tokenia Email,General request,Informações e dúvidas gerais,19/Jun/24 1:45 AM,"19/Jun/24 4:08 AM;maxyjulio18@gmail.com;Olá! Sim, divulgamos periodicamente informações sobre nossas práticas de segurança e conformidade no nosso site institucional, na seção 'Transparência'.","19/Jun/24 5:22 AM;qm:96e3bf0d-beea-4cd2-bca9-568ee30412d2:bc0cf60c-4d7c-44c5-b1c0-9ddfc9a18eb2;vou dar uma olhada la entao, obrigado",,,,
posso indicar melhorias diretamente pra equipe de produto,"tenho algumas ideias de melhoria pro app, tem um canal especifico pra enviar sugestões de produto",Medium,Resolved,qm:96e3bf0d-beea-4cd2-bca9-568ee30412d2:dcd8d81d-4933-40c2-b3f2-7d9c8757ab99,maximilianojavierjulio@gmail.com,Tokenia Web,Service Request,Informações e dúvidas gerais,13/Mar/25 11:35 AM,"13/Mar/25 2:44 PM;maximilianojavierjulio@gmail.com;Olá! Você pode enviar suas sugestões diretamente por aqui no chat ou pelo e-mail de suporte, que encaminhamos internamente para nossa equipe de produto avaliar.","13/Mar/25 3:01 PM;qm:96e3bf0d-beea-4cd2-bca9-568ee30412d2:dcd8d81d-4933-40c2-b3f2-7d9c8757ab99;otimo, vou mandar minhas ideias por email entao. obrigado",,,,
o limite considera operações canceladas no calculo diario,"cancelei uma ordem grande hoje, isso ainda conta pro meu limite diario mesmo cancelada",Medium,Resolved,qm:96e3bf0d-beea-4cd2-bca9-568ee30412d2:3b3304dc-2f4a-4a0c-94fd-cfc9d201d002,maxi220julio@gmail.com,Tokenia Web,Service Request,Limites e restrições,29/Nov/25 3:00 PM,"29/Nov/25 7:38 PM;maxi220julio@gmail.com;Olá! Ordens canceladas não contam para o limite diário, apenas operações efetivamente concluídas são consideradas no cálculo.","29/Nov/25 9:05 PM;qm:96e3bf0d-beea-4cd2-bca9-568ee30412d2:3b3304dc-2f4a-4a0c-94fd-cfc9d201d002;entendi, obrigado pela confirmação",,,,
limite reduzido drasticamente sem nenhuma explicação previa,"meu limite caiu pra menos da metade do que era de um dia pro outro, sem nenhum aviso ou explicação",High,Escalated,qm:96e3bf0d-beea-4cd2-bca9-568ee30412d2:1c6c8f3c-0b42-4193-b8f6-814150c2f7da,maxi220julio@gmail.com,Tokenia Email,General request,Limites e restrições,17/Aug/24 5:50 PM,"17/Aug/24 6:12 PM;maxi220julio@gmail.com;Olá, entendemos a preocupação com essa redução tão significativa e sem aviso prévio. Vou escalar seu caso para o time responsável revisar o motivo exato dessa alteração com prioridade.","17/Aug/24 7:11 PM;qm:96e3bf0d-beea-4cd2-bca9-568ee30412d2:1c6c8f3c-0b42-4193-b8f6-814150c2f7da;por favor, isso afetou meu planejamento de operações, preciso entender o motivo",17/Aug/24 7:39 PM;maxi220julio@gmail.com;Compreendemos totalmente. Vamos investigar detalhadamente o critério aplicado na sua conta e retornar com uma explicação clara sobre essa redução.,,,
app apresenta tela branca ao abrir pela primeira vez do dia,toda primeira vez que abro o app no dia aparece uma tela branca por alguns segundos antes de carregar normal,Medium,Resolved,qm:96e3bf0d-beea-4cd2-bca9-568ee30412d2:3aac0f08-6d3d-4bb7-adb0-090a0412c60a,maxyjulio18@gmail.com,Portal Tokenia,Service Request,Problemas técnicos do app/site,18/Jan/26 9:06 AM,18/Jan/26 12:04 PM;maxyjulio18@gmail.com;Olá! Obrigado por reportar. Isso pode ocorrer por conta do carregamento inicial de dados em cache após período sem uso. Você pode verificar se está na versão mais recente do app?,"18/Jan/26 12:10 PM;qm:96e3bf0d-beea-4cd2-bca9-568ee30412d2:3aac0f08-6d3d-4bb7-adb0-090a0412c60a;atualizei e melhorou bastante essa demora inicial, obrigado",,,,
não consigo enviar mensagens pelo chat de suporte dentro do app,toda vez que tento digitar uma mensagem no chat de suporte pelo app o campo de texto trava e nao envia,High,Work in Progress,qm:96e3bf0d-beea-4cd2-bca9-568ee30412d2:8a0ee7d5-029c-4a08-a42f-b06768b64927,maxyjulio18@gmail.com,Tokenia App,Service Request,Problemas técnicos do app/site,22/Nov/25 8:12 AM,"22/Nov/25 8:37 AM;maxyjulio18@gmail.com;Olá, obrigado por reportar através deste canal alternativo. Identificamos uma instabilidade pontual no chat integrado do app e nosso time técnico já está corrigindo. Por enquanto, você pode continuar utilizando o e-mail ou o chat pelo site.","22/Nov/25 8:49 AM;qm:96e3bf0d-beea-4cd2-bca9-568ee30412d2:8a0ee7d5-029c-4a08-a42f-b06768b64927;ok, vou usar pelo site entao enquanto isso",,,,
taxa aplicada incorretamente em serie de operações de alto valor institucional,somos uma empresa que opera valores altos regularmente e identificamos que uma serie de operações recentes teve taxa acima do acordado no nosso contrato,Highest,Resolved,qm:96e3bf0d-beea-4cd2-bca9-568ee30412d2:98550bc5-9bb9-469f-b7d4-4756a5f09e88,maxyjulio18@gmail.com,Tokenia Web,Service Request,Tarifas e comissões,16/Apr/25 11:29 PM,"16/Apr/25 11:53 PM;maxyjulio18@gmail.com;Olá, entendemos a gravidade dessa situação considerando o volume institucional envolvido. Vamos verificar imediatamente todas as operações do período mencionado e comparar com as condições do contrato firmado.","17/Apr/25 1:09 AM;qm:96e3bf0d-beea-4cd2-bca9-568ee30412d2:98550bc5-9bb9-469f-b7d4-4756a5f09e88;por favor, precisamos de uma resposta rapida, o impacto financeiro é relevante pra nossa operação",17/Apr/25 2:38 AM;maxyjulio18@gmail.com;Compreendemos completamente a urgência. Confirmamos uma falha na aplicação das condições contratuais nesse período específico. Já corrigimos a configuração da conta e vamos processar o ajuste financeiro de todas as operações afetadas.,,,
a taxa é a mesma pra operações via app e via site,queria confirmar se opero pelo app ou pelo site a taxa cobrada continua sendo a mesma,Medium,Resolved,qm:96e3bf0d-beea-4cd2-bca9-568ee30412d2:79582374-52c1-48cf-9693-7f7e4f450adc,maxyjulio18@gmail.com,Tokenia Email,General request,Tarifas e comissões,2/Feb/25 4:28 AM,"2/Feb/25 6:55 AM;maxyjulio18@gmail.com;Olá! Sim, a taxa é exatamente a mesma independente da plataforma utilizada, app ou site, para o mesmo tipo de operação.","2/Feb/25 7:40 AM;qm:96e3bf0d-beea-4cd2-bca9-568ee30412d2:79582374-52c1-48cf-9693-7f7e4f450adc;entendi, obrigado pela confirmação",,,,
verificação bloqueada apos identificação incorreta como pessoa politicamente exposta,"recebi uma notificação dizendo que fui identificado como pessoa politicamente exposta, mas nunca ocupei nenhum cargo publico",Highest,Escalated,qm:96e3bf0d-beea-4cd2-bca9-568ee30412d2:1c6c8f3c-0b42-4193-b8f6-814150c2f7da,maximilianojavierjulio@gmail.com,Tokenia Web,Service Request,Verificação de identidade,21/Apr/26 3:37 AM,"21/Apr/26 3:52 AM;maximilianojavierjulio@gmail.com;Olá, entendemos a seriedade dessa classificação incorreta. Esse tipo de sinalização exige revisão manual detalhada pela nossa equipe de compliance. Vou escalar seu caso imediatamente com prioridade.","21/Apr/26 5:02 AM;qm:96e3bf0d-beea-4cd2-bca9-568ee30412d2:1c6c8f3c-0b42-4193-b8f6-814150c2f7da;por favor, isso esta completamente errado, nunca tive nenhum cargo publico",21/Apr/26 5:17 AM;maximilianojavierjulio@gmail.com;Compreendemos completamente sua posição. Nosso time especializado vai revisar minuciosamente os critérios que geraram essa classificação e corrigir o cadastro assim que confirmado o engano.,,,
posso acompanhar em tempo real o status da minha verificação,"queria ver em qual etapa exata esta minha verificação, tipo documento em analise ou selfie em analise",Medium,Resolved,qm:96e3bf0d-beea-4cd2-bca9-568ee30412d2:1007ee5e-c272-40ae-811d-eed78b3d4e7c,maximilianojavierjulio@gmail.com,Portal Tokenia,Service Request,Verificação de identidade,1/Mar/25 9:02 AM,"1/Mar/25 3:53 PM;maximilianojavierjulio@gmail.com;Olá! Sim, você pode acompanhar o status detalhado de cada etapa da verificação (documento, selfie, endereço) diretamente na seção 'Verificação' do seu perfil, atualizado em tempo real.","1/Mar/25 5:12 PM;qm:96e3bf0d-beea-4cd2-bca9-568ee30412d2:1007ee5e-c272-40ae-811d-eed78b3d4e7c;achei, muito util acompanhar assim. obrigado",,,,
posso ter uma senha diferente pra cada dispositivo,"queria usar uma senha no celular e outra no computador, isso é possivel configurar",Medium,Resolved,qm:96e3bf0d-beea-4cd2-bca9-568ee30412d2:74b34d2b-8c7a-4390-a0d5-6fe51576bcc9,maxyjulio18@gmail.com,Portal Tokenia,Service Request,Acesso e autenticação,2/May/25 5:50 AM,"2/May/25 9:36 AM;maxyjulio18@gmail.com;Olá! A senha da conta é única e compartilhada entre todos os dispositivos. Para diferenciar o acesso por aparelho, recomendamos usar o login por biometria em cada dispositivo, que funciona de forma independente.","2/May/25 10:56 AM;qm:96e3bf0d-beea-4cd2-bca9-568ee30412d2:74b34d2b-8c7a-4390-a0d5-6fe51576bcc9;entendi, vou usar biometria em cada um entao. obrigado",,,,
app pede login toda hora mesmo com sessão configurada pra ficar ativa,"configurei pra manter conectado mas o app continua pedindo login com muita frequencia, bem mais que o normal",High,Resolved,qm:96e3bf0d-beea-4cd2-bca9-568ee30412d2:1c6c8f3c-0b42-4193-b8f6-814150c2f7da,maxyjulio18@gmail.com,Portal Tokenia,Service Request,Acesso e autenticação,3/Feb/25 3:24 PM,3/Feb/25 4:23 PM;maxyjulio18@gmail.com;Olá! Obrigado por reportar. Isso pode acontecer se o sistema operacional do seu celular estiver otimizando o consumo de bateria de forma agressiva para o app. Você poderia verificar se há alguma restrição de bateria configurada para o aplicativo?,"3/Feb/25 5:51 PM;qm:96e3bf0d-beea-4cd2-bca9-568ee30412d2:1c6c8f3c-0b42-4193-b8f6-814150c2f7da;verifiquei e tinha uma otimização de bateria bem restritiva, desativei pro app agora","3/Feb/25 7:05 PM;maxyjulio18@gmail.com;Perfeito! Isso deve resolver o problema, já que o sistema não vai mais encerrar a sessão do app em segundo plano.",,,
impossibilidade total de acesso apos falha em atualização critica do sistema,"depois de uma atualização do app minha conta simplesmente nao abre mais, tela preta direto, ja tentei tudo que sei",Highest,Escalated,qm:96e3bf0d-beea-4cd2-bca9-568ee30412d2:4d958f1b-e893-41fe-b2c5-f0f6163cdd67,maxi220julio@gmail.com,Tokenia Email,General request,Acesso e autenticação,11/Mar/24 2:17 AM,"11/Mar/24 2:24 AM;maxi220julio@gmail.com;Olá, entendemos a extrema gravidade dessa falha completa de acesso após a atualização. Vou escalar seu caso imediatamente com prioridade máxima para nosso time técnico investigar essa falha crítica.","11/Mar/24 3:04 AM;qm:96e3bf0d-beea-4cd2-bca9-568ee30412d2:4d958f1b-e893-41fe-b2c5-f0f6163cdd67;por favor, preciso urgente resolver isso, nao consigo fazer nada",11/Mar/24 3:28 AM;maxi220julio@gmail.com;Compreendemos completamente a urgência. Nosso time vai analisar profundamente essa falha técnica e retornar com uma solução definitiva com máxima prioridade.,,,
ordem grande foi dividida em varias execuções parciais sem eu saber,"fiz uma ordem grande de bitcoin e no extrato aparecem varias execuções parciais em vez de uma unica, isso é normal",High,Resolved,qm:96e3bf0d-beea-4cd2-bca9-568ee30412d2:ebdc7d4f-7a89-4bb1-a131-b652ee3ba99b,maxi220julio@gmail.com,Portal Tokenia,Service Request,Operações de compra/venda cripto,23/Jul/24 1:48 AM,"23/Jul/24 2:22 AM;maxi220julio@gmail.com;Olá! Sim, é normal. Ordens de valor elevado podem ser executadas em partes conforme a liquidez disponível no mercado naquele momento, resultando em múltiplas execuções parciais até completar o valor total solicitado.","23/Jul/24 3:00 AM;qm:96e3bf0d-beea-4cd2-bca9-568ee30412d2:ebdc7d4f-7a89-4bb1-a131-b652ee3ba99b;ah entendi, o preço medio final considera tudo isso",23/Jul/24 3:10 AM;maxi220julio@gmail.com;Exatamente! O preço médio exibido já reflete a combinação de todas as execuções parciais realizadas.,"23/Jul/24 4:13 AM;qm:96e3bf0d-beea-4cd2-bca9-568ee30412d2:ebdc7d4f-7a89-4bb1-a131-b652ee3ba99b;entendi agora, obrigado pela explicação",,
posso ver o impacto de uma ordem grande no preço antes de confirmar,queria saber antes de confirmar uma compra grande se o valor vai impactar muito o preço final,Medium,Resolved,qm:96e3bf0d-beea-4cd2-bca9-568ee30412d2:ed04d6ae-f36e-4f44-ba75-dad36ede95b7,maxi220julio@gmail.com,Portal Tokenia,Service Request,Operações de compra/venda cripto,6/Jul/26 1:33 PM,"6/Jul/26 9:15 PM;maxi220julio@gmail.com;Olá! Na tela de confirmação, mostramos uma estimativa do preço médio esperado com base na liquidez atual do mercado, antes de você finalizar a operação.","6/Jul/26 10:06 PM;qm:96e3bf0d-beea-4cd2-bca9-568ee30412d2:ed04d6ae-f36e-4f44-ba75-dad36ede95b7;otimo, vou conferir isso antes de confirmar entao. obrigado",,,,
ordem stop loss nao dispara mesmo com preço atingido a horas,"configurei uma stop loss de proteção e o preço ja passou do valor definido ha varias horas, mas a ordem continua sem executar",High,Work in Progress,qm:96e3bf0d-beea-4cd2-bca9-568ee30412d2:e145fbce-fd98-4ca0-8b5b-23769ae5f2ad,maximilianojavierjulio@gmail.com,Portal Tokenia,Service Request,Operações de compra/venda cripto,11/May/24 4:27 AM,"11/May/24 5:01 AM;maximilianojavierjulio@gmail.com;Olá, obrigado por reportar. Identificamos uma falha pontual na execução de algumas ordens stop loss e nosso time técnico já está atuando com prioridade na correção, já que envolve risco financeiro para os usuários afetados.","11/May/24 5:52 AM;qm:96e3bf0d-beea-4cd2-bca9-568ee30412d2:e145fbce-fd98-4ca0-8b5b-23769ae5f2ad;por favor, preciso que isso seja resolvido rapido, estou exposto a mais perdas enquanto isso",,,,
posso ver o comprovante fiscal de uma compra de cripto,"preciso de um comprovante mais formal, tipo nota fiscal, de uma compra que fiz, isso é possivel",Medium,Resolved,qm:96e3bf0d-beea-4cd2-bca9-568ee30412d2:8a99a275-7ced-4af7-bae8-9d134b24be3e,maxi220julio@gmail.com,Tokenia App,Service Request,Operações de compra/venda fiat,19/Apr/25 5:39 PM,"19/Apr/25 8:11 PM;maxi220julio@gmail.com;Olá! Você pode gerar um comprovante detalhado da operação na seção 'Atividade', que serve como documento de registro. Para questões fiscais mais específicas, recomendamos consultar um contador especializado em criptoativos.","19/Apr/25 9:37 PM;qm:96e3bf0d-beea-4cd2-bca9-568ee30412d2:8a99a275-7ced-4af7-bae8-9d134b24be3e;entendi, vou gerar o comprovante e levar pro meu contador. obrigado",,,,
compra parcelada cobrada em duplicidade no cartao,fiz uma compra parcelada uma unica vez mas na fatura do cartao apareceu cobrado duas vezes o mesmo valor,High,Escalated,qm:96e3bf0d-beea-4cd2-bca9-568ee30412d2:eb9cbe24-105c-40ed-844a-c2c2ea40c29f,maximilianojavierjulio@gmail.com,Tokenia App,Service Request,Operações de compra/venda fiat,9/Nov/24 8:05 PM,"9/Nov/24 9:05 PM;maximilianojavierjulio@gmail.com;Olá, entendemos a gravidade dessa duplicidade na fatura do cartão. Vou escalar seu caso imediatamente para o time financeiro verificar junto ao processador de pagamentos com prioridade.","9/Nov/24 9:51 PM;qm:96e3bf0d-beea-4cd2-bca9-568ee30412d2:eb9cbe24-105c-40ed-844a-c2c2ea40c29f;por favor, preciso do estorno o quanto antes, isso afeta meu orçamento","9/Nov/24 10:03 PM;maximilianojavierjulio@gmail.com;Compreendemos totalmente a urgência. Caso a duplicidade seja confirmada, o valor cobrado indevidamente será estornado com prioridade junto à operadora do cartão.",,,
posso comprar cripto usando saldo de mais de uma moeda fiat junto,"tenho saldo em reais e em dolares, posso usar os dois juntos numa unica compra",Low,Resolved,qm:96e3bf0d-beea-4cd2-bca9-568ee30412d2:b12e56d5-73d2-49e3-b5e3-60b23bef9f3b,maxyjulio18@gmail.com,Tokenia Email,General request,Operações de compra/venda fiat,14/Nov/25 4:30 AM,14/Nov/25 12:14 PM;maxyjulio18@gmail.com;Olá! No momento cada compra utiliza apenas uma moeda fiduciária de origem por vez. Você pode escolher qual saldo utilizar na tela de confirmação da compra.,"14/Nov/25 1:42 PM;qm:96e3bf0d-beea-4cd2-bca9-568ee30412d2:b12e56d5-73d2-49e3-b5e3-60b23bef9f3b;entendi, vou usar um de cada vez entao. obrigado",,,,
deposito de valor extremamente alto travado por horas gerando grande preocupação,"fiz um deposito de valor muito significativo via TED e ficou travado processando por muitas horas, entrei em panico com esse valor parado",Highest,Resolved,qm:96e3bf0d-beea-4cd2-bca9-568ee30412d2:98550bc5-9bb9-469f-b7d4-4756a5f09e88,maximilianojavierjulio@gmail.com,Tokenia Web,Service Request,Depósitos e saques,8/Oct/24 10:38 PM,"8/Oct/24 10:45 PM;maximilianojavierjulio@gmail.com;Olá, compreendemos completamente a preocupação considerando o valor envolvido nessa transferência. Verificamos imediatamente e confirmamos que sua TED foi recebida corretamente pelo nosso sistema financeiro, apenas com uma lentidão pontual no processamento de compensação bancária de valores elevados.","8/Oct/24 11:23 PM;qm:96e3bf0d-beea-4cd2-bca9-568ee30412d2:98550bc5-9bb9-469f-b7d4-4756a5f09e88;que alivio saber que o dinheiro esta seguro, mas fiquei bastante aflito com a demora",9/Oct/24 12:42 AM;maximilianojavierjulio@gmail.com;Entendemos completamente sua aflição. Já finalizamos o processamento e o valor está disponível no seu saldo agora. Pedimos desculpas pela ansiedade causada durante esse período de espera.,,,
posso ver o total de saques feitos num periodo especifico,queria ver o total sacado nos ultimos 3 meses pra controle pessoal de fluxo de caixa,Medium,Resolved,qm:96e3bf0d-beea-4cd2-bca9-568ee30412d2:bc0cf60c-4d7c-44c5-b1c0-9ddfc9a18eb2,maximilianojavierjulio@gmail.com,Tokenia Web,Service Request,Depósitos e saques,14/Sep/25 8:12 AM,"14/Sep/25 8:46 AM;maximilianojavierjulio@gmail.com;Olá! Você pode filtrar esse período específico na seção 'Relatórios', selecionando 'Saques' como tipo de operação e o intervalo de datas desejado.","14/Sep/25 9:45 AM;qm:96e3bf0d-beea-4cd2-bca9-568ee30412d2:bc0cf60c-4d7c-44c5-b1c0-9ddfc9a18eb2;achei, muito util pra esse controle. obrigado",,,,
posso ver o log completo de todas as ações feitas na minha conta,"queria um registro detalhado de tudo que foi feito na minha conta, nao so operações financeiras",Medium,Resolved,qm:96e3bf0d-beea-4cd2-bca9-568ee30412d2:1007ee5e-c272-40ae-811d-eed78b3d4e7c,maxi220julio@gmail.com,Tokenia Web,Service Request,Segurança da conta,26/Feb/26 2:09 AM,"26/Feb/26 5:21 AM;maxi220julio@gmail.com;Olá! Você pode conferir o histórico de acessos e alterações de segurança em Configurações > Segurança > Registro de atividades, que inclui logins, trocas de senha e alterações de dados.","26/Feb/26 6:00 AM;qm:96e3bf0d-beea-4cd2-bca9-568ee30412d2:1007ee5e-c272-40ae-811d-eed78b3d4e7c;achei, muito completo. obrigado",,,,
recebi um link suspeito se passando por confirmação de operação,"recebi uma mensagem por SMS com um link estranho falando de uma operação que eu nao reconheco, achei suspeito",High,Waiting for Customer,qm:96e3bf0d-beea-4cd2-bca9-568ee30412d2:cf6bd68c-2cf4-4fa6-93ba-fc96a0e57143,maxyjulio18@gmail.com,Tokenia Email,General request,Segurança da conta,5/Jan/26 9:13 AM,"5/Jan/26 10:38 AM;maxyjulio18@gmail.com;Olá! Muito bem em não clicar no link antes de confirmar. Poderia nos encaminhar uma captura de tela dessa mensagem, sem clicar em nenhum link, para analisarmos e alertar sobre essa tentativa de fraude?","5/Jan/26 10:56 AM;qm:96e3bf0d-beea-4cd2-bca9-568ee30412d2:cf6bd68c-2cf4-4fa6-93ba-fc96a0e57143;vou tirar o print e te mando aqui, sem clicar em nada",,,,
posso configurar minha conta pra exigir confirmação em duas etapas pra qualquer mudança de dados,"queria uma proteção extra pra qualquer alteração de dados pessoais, nao so pra saques",Low,Resolved,qm:96e3bf0d-beea-4cd2-bca9-568ee30412d2:82ce44fa-76c2-43f3-bf42-64a209d1fd28,maximilianojavierjulio@gmail.com,Tokenia App,Service Request,Segurança da conta,24/Oct/24 10:15 AM,"24/Oct/24 3:17 PM;maximilianojavierjulio@gmail.com;Olá! Alterações sensíveis de dados pessoais, como e-mail e telefone, já exigem uma verificação adicional por padrão, independente de configuração extra.","24/Oct/24 3:36 PM;qm:96e3bf0d-beea-4cd2-bca9-568ee30412d2:82ce44fa-76c2-43f3-bf42-64a209d1fd28;que bom, ja tem essa proteção entao. obrigado",,,,
posso ver o preço de custo medio ajustado apos varias compras e vendas,"fiz varias compras e vendas parciais de ethereum, o preço medio de custo é recalculado automaticamente",Medium,Resolved,qm:96e3bf0d-beea-4cd2-bca9-568ee30412d2:bc0cf60c-4d7c-44c5-b1c0-9ddfc9a18eb2,maxi220julio@gmail.com,Tokenia App,Service Request,Carteira e endereços,29/May/24 11:36 PM,"30/May/24 1:47 AM;maxi220julio@gmail.com;Olá! Sim, o preço médio de custo é recalculado automaticamente a cada nova operação, considerando todo o histórico de compras e vendas do ativo.","30/May/24 2:54 AM;qm:96e3bf0d-beea-4cd2-bca9-568ee30412d2:bc0cf60c-4d7c-44c5-b1c0-9ddfc9a18eb2;entendi, otimo saber que é automatico. obrigado",,,,
endereço de carteira duplicado gerando confusão em depositos,"percebi que dois usuarios diferentes que conheço receberam o mesmo endereço de deposito de bitcoin, isso me preocupou",High,Escalated,qm:96e3bf0d-beea-4cd2-bca9-568ee30412d2:ebdc7d4f-7a89-4bb1-a131-b652ee3ba99b,maximilianojavierjulio@gmail.com,Tokenia App,Service Request,Carteira e endereços,16/Sep/24 10:46 AM,"16/Sep/24 11:34 AM;maximilianojavierjulio@gmail.com;Olá, entendemos a seriedade dessa observação sobre possível duplicidade de endereços. Vou escalar seu caso imediatamente para nosso time técnico investigar essa situação com prioridade, já que é fundamental que cada endereço seja único.","16/Sep/24 12:06 PM;qm:96e3bf0d-beea-4cd2-bca9-568ee30412d2:ebdc7d4f-7a89-4bb1-a131-b652ee3ba99b;por favor, isso é bem preocupante pra segurança dos depositos",16/Sep/24 1:20 PM;maximilianojavierjulio@gmail.com;Compreendemos completamente a gravidade. Nosso time vai verificar minuciosamente a geração de endereços e retornar com uma confirmação detalhada sobre o que foi observado.,,,
a Tokenia tem algum limite de contas por familia,"eu e minha esposa queremos ter conta cada um, isso é permitido mesmo morando na mesma casa",Low,Resolved,qm:96e3bf0d-beea-4cd2-bca9-568ee30412d2:7c253ab9-2d35-4a94-8bdc-a3901c3156f8,maxi220julio@gmail.com,Tokenia Web,Service Request,Informações e dúvidas gerais,2/Oct/25 2:07 AM,"2/Oct/25 6:12 AM;maxi220julio@gmail.com;Olá! Sim, cada pessoa pode ter sua própria conta individual vinculada ao seu CPF, independente de morarem no mesmo endereço.","2/Oct/25 6:45 AM;qm:96e3bf0d-beea-4cd2-bca9-568ee30412d2:7c253ab9-2d35-4a94-8bdc-a3901c3156f8;otimo, vamos fazer as duas contas entao. obrigado",,,,
como funciona a recuperação de conta em caso de falecimento sem herdeiro cadastrado,queria entender melhor o processo caso eu venha a falecer e nao tenha deixado nenhuma instrução previa sobre minha conta,Medium,Resolved,qm:96e3bf0d-beea-4cd2-bca9-568ee30412d2:cf6bd68c-2cf4-4fa6-93ba-fc96a0e57143,maxyjulio18@gmail.com,Tokenia App,Service Request,Informações e dúvidas gerais,6/Feb/25 2:17 AM,"6/Feb/25 12:18 PM;maxyjulio18@gmail.com;Olá! Nesses casos, os herdeiros legais precisam apresentar documentação jurídica apropriada, como inventário ou alvará judicial, para que possamos processar a transferência do saldo conforme a legislação vigente.","6/Feb/25 12:52 PM;qm:96e3bf0d-beea-4cd2-bca9-568ee30412d2:cf6bd68c-2cf4-4fa6-93ba-fc96a0e57143;entendi, vou deixar essa informação registrada pra minha familia entao. obrigado",,,,
a Tokenia oferece algum tipo de seguro pros ativos guardados,queria saber se meus ativos guardados na plataforma tem algum tipo de seguro ou proteção adicional,Low,Resolved,qm:96e3bf0d-beea-4cd2-bca9-568ee30412d2:bc0cf60c-4d7c-44c5-b1c0-9ddfc9a18eb2,maxyjulio18@gmail.com,Tokenia Email,General request,Informações e dúvidas gerais,19/Jun/24 1:45 AM,"19/Jun/24 4:08 AM;maxyjulio18@gmail.com;Olá! Mantemos práticas rigorosas de segurança e custódia dos ativos, seguindo padrões reconhecidos do mercado. Para detalhes específicos sobre proteções e políticas de segurança, recomendamos consultar nossos termos de uso completos.","19/Jun/24 5:22 AM;qm:96e3bf0d-beea-4cd2-bca9-568ee30412d2:bc0cf60c-4d7c-44c5-b1c0-9ddfc9a18eb2;vou dar uma olhada la entao, obrigado",,,,
posso solicitar limite diferenciado pra uma operação empresarial,"represento uma pequena empresa e precisamos de limites maiores que o padrao pessoa fisica, como funciona pra empresas",Medium,Resolved,qm:96e3bf0d-beea-4cd2-bca9-568ee30412d2:dcd8d81d-4933-40c2-b3f2-7d9c8757ab99,maximilianojavierjulio@gmail.com,Tokenia Web,Service Request,Limites e restrições,13/Mar/25 11:35 AM,"13/Mar/25 2:44 PM;maximilianojavierjulio@gmail.com;Olá! Para contas empresariais, temos um processo específico de verificação com limites diferenciados, adequados ao porte da operação. Você pode iniciar esse processo entrando em contato com nosso time comercial.","13/Mar/25 3:01 PM;qm:96e3bf0d-beea-4cd2-bca9-568ee30412d2:dcd8d81d-4933-40c2-b3f2-7d9c8757ab99;otimo, vou entrar em contato com eles entao. obrigado",,,,
gostaria de entender o processo completo de reavaliação de limite apos denuncia,"minha conta passou por uma restrição por denuncia e foi liberada, mas meu limite ficou bem menor do que antes, gostaria de entender o processo de reavaliação",High,Waiting for Agent,qm:96e3bf0d-beea-4cd2-bca9-568ee30412d2:3b3304dc-2f4a-4a0c-94fd-cfc9d201d002,maxi220julio@gmail.com,Tokenia Web,Service Request,Limites e restrições,29/Nov/25 3:00 PM,"29/Nov/25 4:44 PM;qm:96e3bf0d-beea-4cd2-bca9-568ee30412d2:3b3304dc-2f4a-4a0c-94fd-cfc9d201d002;boa tarde, minha conta foi liberada apos uma restrição mas o limite ficou bem reduzido, gostaria de entender como funciona o processo de reavaliação pra voltar ao normal",,,,,
posso consultar meu limite atual a qualquer momento sem afetar nada,queria so consultar meu limite disponivel sem que isso conte como uma tentativa de operação,Low,Resolved,qm:96e3bf0d-beea-4cd2-bca9-568ee30412d2:ed04d6ae-f36e-4f44-ba75-dad36ede95b7,maxyjulio18@gmail.com,Tokenia Web,Service Request,Limites e restrições,10/Aug/25 2:07 AM,"10/Aug/25 4:21 AM;maxyjulio18@gmail.com;Olá! Sim, consultar seu limite disponível na seção 'Limites' não afeta em nada sua conta, é apenas uma visualização informativa.","10/Aug/25 5:34 AM;qm:96e3bf0d-beea-4cd2-bca9-568ee30412d2:ed04d6ae-f36e-4f44-ba75-dad36ede95b7;entendi, obrigado pela confirmação",,,,
app fecha sozinho quando o celular recebe uma ligação,"toda vez que recebo uma ligação enquanto uso o app, ele fecha completamente e preciso abrir de novo depois",Medium,Resolved,qm:96e3bf0d-beea-4cd2-bca9-568ee30412d2:79582374-52c1-48cf-9693-7f7e4f450adc,maxi220julio@gmail.com,Tokenia App,Service Request,Problemas técnicos do app/site,7/May/25 4:54 PM,7/May/25 5:23 PM;maxi220julio@gmail.com;Olá! Obrigado por reportar. Isso pode acontecer por conta do gerenciamento de memória do celular ao alternar entre aplicativos. Você pode verificar se está com a versão mais recente do app instalada?,"7/May/25 6:37 PM;qm:96e3bf0d-beea-4cd2-bca9-568ee30412d2:79582374-52c1-48cf-9693-7f7e4f450adc;atualizei e parece ter melhorado, vou continuar acompanhando. obrigado",,,,
"impossivel completar cadastro novo, trava na etapa final","estou tentando ajudar um amigo a se cadastrar mas o processo trava exatamente na ultima etapa, antes de confirmar",High,Work in Progress,qm:96e3bf0d-beea-4cd2-bca9-568ee30412d2:1007ee5e-c272-40ae-811d-eed78b3d4e7c,maxyjulio18@gmail.com,Tokenia App,Service Request,Problemas técnicos do app/site,22/Nov/25 8:12 AM,"22/Nov/25 8:37 AM;maxyjulio18@gmail.com;Olá, obrigado por reportar. Identificamos uma instabilidade pontual na etapa final de novos cadastros e nosso time técnico já está atuando com prioridade, já que impacta a entrada de novos usuários na plataforma.","22/Nov/25 8:49 AM;qm:96e3bf0d-beea-4cd2-bca9-568ee30412d2:1007ee5e-c272-40ae-811d-eed78b3d4e7c;ok, vamos aguardar e tentar novamente mais tarde entao",,,,
falha critica impediu qualquer operação durante horas em toda a plataforma,"a plataforma inteira ficou instavel por varias horas, nenhuma operação funcionava, foi bem preocupante considerando o momento de mercado",Highest,Resolved,qm:96e3bf0d-beea-4cd2-bca9-568ee30412d2:98550bc5-9bb9-469f-b7d4-4756a5f09e88,maxyjulio18@gmail.com,Tokenia Web,Service Request,Problemas técnicos do app/site,16/Apr/25 11:29 PM,"16/Apr/25 11:53 PM;maxyjulio18@gmail.com;Olá, pedimos sinceras desculpas por essa instabilidade generalizada e prolongada. Confirmamos um problema crítico em nossa infraestrutura durante esse período, já totalmente resolvido. Nenhum saldo ou histórico de usuários foi afetado.","17/Apr/25 1:09 AM;qm:96e3bf0d-beea-4cd2-bca9-568ee30412d2:98550bc5-9bb9-469f-b7d4-4756a5f09e88;que bom que nada foi perdido, mas foi bem preocupante durante esse tempo todo",17/Apr/25 2:38 AM;maxyjulio18@gmail.com;Compreendemos completamente sua preocupação. Registramos formalmente esse incidente crítico e nosso time de infraestrutura está implementando melhorias para prevenir situações semelhantes no futuro.,,,
existe algum desconto de taxa em datas promocionais,"vi uma menção de taxa reduzida numa data especial, isso é uma pratica comum da Tokenia",Medium,Resolved,qm:96e3bf0d-beea-4cd2-bca9-568ee30412d2:79582374-52c1-48cf-9693-7f7e4f450adc,maxyjulio18@gmail.com,Tokenia Email,General request,Tarifas e comissões,2/Feb/25 4:28 AM,"2/Feb/25 6:55 AM;maxyjulio18@gmail.com;Olá! Sim, ocasionalmente realizamos promoções pontuais com taxas reduzidas em datas especiais, divulgadas com antecedência nos nossos canais oficiais.","2/Feb/25 7:40 AM;qm:96e3bf0d-beea-4cd2-bca9-568ee30412d2:79582374-52c1-48cf-9693-7f7e4f450adc;legal, vou ficar de olho nessas datas entao. obrigado",,,,
cobranca de taxa extremamente alta e injustificada numa operação critica,"fiz uma operação de valor muito alto e a taxa cobrada foi absurdamente maior que o percentual padrão, parece um erro grave no sistema",Highest,Escalated,qm:96e3bf0d-beea-4cd2-bca9-568ee30412d2:1c6c8f3c-0b42-4193-b8f6-814150c2f7da,maximilianojavierjulio@gmail.com,Tokenia Web,Service Request,Tarifas e comissões,21/Apr/26 3:37 AM,"21/Apr/26 3:52 AM;maximilianojavierjulio@gmail.com;Olá, entendemos a extrema gravidade dessa discrepância considerando o valor envolvido. Vou escalar seu caso imediatamente com prioridade máxima para o time financeiro investigar essa cobrança.","21/Apr/26 5:02 AM;qm:96e3bf0d-beea-4cd2-bca9-568ee30412d2:1c6c8f3c-0b42-4193-b8f6-814150c2f7da;por favor, preciso de uma resposta urgente, é um valor muito significativo de diferenca","21/Apr/26 5:17 AM;maximilianojavierjulio@gmail.com;Compreendemos completamente a urgência. Já priorizamos ao máximo a análise do seu caso e, caso confirmado qualquer erro na cobrança, o ajuste será processado com a maior brevidade possível.",,,
a taxa de rede muda conforme a hora do dia,"notei que a taxa de rede pra sacar cripto parece diferente dependendo do horario que eu faço, isso é normal",Low,Resolved,qm:96e3bf0d-beea-4cd2-bca9-568ee30412d2:1007ee5e-c272-40ae-811d-eed78b3d4e7c,maximilianojavierjulio@gmail.com,Portal Tokenia,Service Request,Tarifas e comissões,1/Mar/25 9:02 AM,"1/Mar/25 10:45 PM;maximilianojavierjulio@gmail.com;Olá! Sim, é normal. A taxa de rede reflete o congestionamento da blockchain no momento, que costuma variar ao longo do dia conforme o volume de transações na rede.","2/Mar/25 12:04 AM;qm:96e3bf0d-beea-4cd2-bca9-568ee30412d2:1007ee5e-c272-40ae-811d-eed78b3d4e7c;entendi, obrigado pela explicação",,,,
posso reenviar apenas um documento especifico sem refazer tudo,"so preciso corrigir a foto do meu RG, preciso refazer toda a verificação ou so reenviar esse documento especifico",Medium,Resolved,qm:96e3bf0d-beea-4cd2-bca9-568ee30412d2:1c6c8f3c-0b42-4193-b8f6-814150c2f7da,maximilianojavierjulio@gmail.com,Portal Tokenia,Service Request,Verificação de identidade,12/Dec/25 5:50 AM,"12/Dec/25 8:04 AM;maximilianojavierjulio@gmail.com;Olá! Você pode reenviar apenas o documento específico que precisa de correção, na seção 'Verificação', sem necessidade de refazer as outras etapas já aprovadas.","12/Dec/25 8:42 AM;qm:96e3bf0d-beea-4cd2-bca9-568ee30412d2:1c6c8f3c-0b42-4193-b8f6-814150c2f7da;que bom, vou reenviar so a foto do RG entao. obrigado",,,,
ia solicitar upgrade de nivel de verificação mas mudei de ideia por enquanto,ia iniciar o processo de verificação avançada mas decidi esperar mais um tempo antes de fazer isso,Low,Canceled,qm:96e3bf0d-beea-4cd2-bca9-568ee30412d2:806cb782-ea88-4c57-b1ad-9d5a2e5efab3,maximilianojavierjulio@gmail.com,Tokenia Email,General request,Verificação de identidade,6/Mar/25 6:51 PM,"6/Mar/25 7:59 PM;maximilianojavierjulio@gmail.com;Olá! Sem problemas, o processo continua disponível sempre que quiser iniciar.",,,,,
ia solicitar recuperação de acesso mas resolvi sozinho,"estava com dificuldade grave pra entrar na conta e ia abrir uma solicitação formal de recuperação, mas consegui resolver testando outras opções antes de enviar",High,Canceled,qm:96e3bf0d-beea-4cd2-bca9-568ee30412d2:74b34d2b-8c7a-4390-a0d5-6fe51576bcc9,maxyjulio18@gmail.com,Portal Tokenia,Service Request,Acesso e autenticação,2/May/25 5:50 AM,2/May/25 7:14 AM;maxyjulio18@gmail.com;Olá! Que bom que conseguiu resolver por conta própria. Fico à disposição caso enfrente qualquer dificuldade no futuro.,,,,,
ordens de venda de ethereum ficando presas em fila de processamento,"minhas ultimas tres ordens de venda de ethereum ficaram travadas em fila de processamento por bastante tempo, mesmo em horario de baixo movimento",High,Work in Progress,qm:96e3bf0d-beea-4cd2-bca9-568ee30412d2:3b3304dc-2f4a-4a0c-94fd-cfc9d201d002,maxyjulio18@gmail.com,Portal Tokenia,Service Request,Operações de compra/venda cripto,24/Jul/24 1:12 PM,"24/Jul/24 1:57 PM;maxyjulio18@gmail.com;Olá, obrigado por reportar. Identificamos uma lentidão pontual específica no motor de execução para ordens de venda de ETH e nosso time técnico já está atuando com prioridade na correção, já que envolve múltiplas ordens da sua conta.","24/Jul/24 2:27 PM;qm:96e3bf0d-beea-4cd2-bca9-568ee30412d2:3b3304dc-2f4a-4a0c-94fd-cfc9d201d002;por favor, preciso que isso seja resolvido logo, tenho posições que preciso ajustar",,,,
operação de altissimo valor cancelada apos identificação de risco pela propria conta,ia fazer uma conversão de um valor extremamente alto em reais mas decidi cancelar apos perceber que o momento de mercado nao era favoravel,Highest,Canceled,qm:96e3bf0d-beea-4cd2-bca9-568ee30412d2:7c253ab9-2d35-4a94-8bdc-a3901c3156f8,maximilianojavierjulio@gmail.com,Tokenia Web,Service Request,Operações de compra/venda fiat,6/Feb/25 10:37 AM,6/Feb/25 10:58 AM;maximilianojavierjulio@gmail.com;Olá! Entendemos sua decisão considerando o valor envolvido. A operação foi cancelada com sucesso e nenhum valor foi debitado da sua conta. Fico à disposição caso queira retomar em outro momento.,,,,,
multiplos saques da mesma conta ficaram travados simultaneamente,"tenho tres solicitações de saque diferentes, todas travadas em processamento ao mesmo tempo, isso nunca tinha acontecido antes",High,Work in Progress,qm:96e3bf0d-beea-4cd2-bca9-568ee30412d2:cf6bd68c-2cf4-4fa6-93ba-fc96a0e57143,maxi220julio@gmail.com,Tokenia App,Service Request,Depósitos e saques,29/Jan/25 11:28 AM,"29/Jan/25 12:04 PM;maxi220julio@gmail.com;Olá, obrigado por reportar essa situação incomum com múltiplas solicitações. Identificamos uma instabilidade pontual afetando o processamento de saques em lote e nosso time técnico já está atuando com prioridade máxima.","29/Jan/25 12:21 PM;qm:96e3bf0d-beea-4cd2-bca9-568ee30412d2:cf6bd68c-2cf4-4fa6-93ba-fc96a0e57143;por favor, sao valores importantes pra mim, preciso de uma resolução rapida",,,,
deposito de valor muito significativo gerou bloqueio preventivo resolvido com agilidade,fiz um deposito de valor bem acima do meu padrão habitual e minha conta ficou temporariamente restrita por análise automática de segurança,Highest,Resolved,qm:96e3bf0d-beea-4cd2-bca9-568ee30412d2:e6f6df0e-e5ea-45cc-b313-3724b1a6b631,maxi220julio@gmail.com,Tokenia Email,General request,Depósitos e saques,7/May/24 11:56 AM,"7/May/24 1:11 PM;maxi220julio@gmail.com;Olá, entendemos a preocupação considerando o valor envolvido. Verificamos imediatamente sua conta e não identificamos nenhuma irregularidade, apenas o padrão automático de segurança para valores fora do seu histórico habitual. Já removemos a restrição.","7/May/24 2:04 PM;qm:96e3bf0d-beea-4cd2-bca9-568ee30412d2:e6f6df0e-e5ea-45cc-b313-3724b1a6b631;que bom, fiquei preocupado por um momento, mas ja esta tudo liberado. obrigado pela agilidade",7/May/24 2:19 PM;maxi220julio@gmail.com;Disponha! Qualquer necessidade estamos à disposição.,,,
ia reportar atividade suspeita mas identifiquei que era eu mesmo,"ia abrir um chamado urgente reportando um acesso suspeito, mas depois percebi que era eu mesmo tentando entrar de um dispositivo novo",High,Canceled,qm:96e3bf0d-beea-4cd2-bca9-568ee30412d2:82ce44fa-76c2-43f3-bf42-64a209d1fd28,maximilianojavierjulio@gmail.com,Tokenia Email,General request,Segurança da conta,24/Dec/24 5:02 PM,24/Dec/24 5:24 PM;maximilianojavierjulio@gmail.com;Olá! Que bom que identificou a tempo. Fico à disposição caso identifique qualquer atividade realmente suspeita no futuro.,,,,,
saldo de multiplas criptomoedas exibindo valores inconsistentes simultaneamente,"de repente varias das minhas criptomoedas, nao so uma, começaram a mostrar saldos que parecem incorretos ao mesmo tempo",High,Work in Progress,qm:96e3bf0d-beea-4cd2-bca9-568ee30412d2:1007ee5e-c272-40ae-811d-eed78b3d4e7c,maxyjulio18@gmail.com,Portal Tokenia,Service Request,Carteira e endereços,12/Oct/25 12:07 PM,"12/Oct/25 1:05 PM;maxyjulio18@gmail.com;Olá, obrigado por reportar essa inconsistência afetando múltiplos ativos simultaneamente. Identificamos uma instabilidade pontual na sincronização de saldos e nosso time técnico já está atuando com prioridade máxima na correção.","12/Oct/25 1:57 PM;qm:96e3bf0d-beea-4cd2-bca9-568ee30412d2:1007ee5e-c272-40ae-811d-eed78b3d4e7c;ok, mas fico preocupado, meu saldo real esta seguro mesmo com essa exibição errada?",,,,
ia consolidar meus enderecos favoritos mas decidi manter organizado como esta,"ia reorganizar toda minha lista de enderecos favoritos removendo os antigos, mas decidi manter como esta por enquanto",Medium,Canceled,qm:96e3bf0d-beea-4cd2-bca9-568ee30412d2:e145fbce-fd98-4ca0-8b5b-23769ae5f2ad,maximilianojavierjulio@gmail.com,Tokenia Email,General request,Carteira e endereços,19/Jun/24 10:04 PM,"19/Jun/24 10:31 PM;maximilianojavierjulio@gmail.com;Olá! Sem problemas, sua lista continua disponível para reorganizar quando preferir.",,,,,
a Tokenia participa de algum programa de fidelizacao entre paises onde atua,"sei que voces atuam em varios paises da america latina, os beneficios sao os mesmos em todos os paises",Medium,Resolved,qm:96e3bf0d-beea-4cd2-bca9-568ee30412d2:3aac0f08-6d3d-4bb7-adb0-090a0412c60a,maxi220julio@gmail.com,Tokenia Email,General request,Informações e dúvidas gerais,14/Jul/26 4:35 AM,"14/Jul/26 5:23 AM;maxi220julio@gmail.com;Olá! Cada país onde atuamos (Argentina, Brasil, Uruguai e Estados Unidos) pode ter condições e promoções específicas adaptadas à regulamentação e ao mercado local, mas os princípios gerais da plataforma são os mesmos.","14/Jul/26 5:35 AM;qm:96e3bf0d-beea-4cd2-bca9-568ee30412d2:3aac0f08-6d3d-4bb7-adb0-090a0412c60a;entendi, faz sentido essa adaptação por pais. obrigado pela explicação",,,,
ia solicitar aumento de limite mas o valor que eu precisava mudou,"ia pedir um aumento especifico de limite pra uma operação, mas o valor da operação mudou e nao preciso mais desse aumento",High,Canceled,qm:96e3bf0d-beea-4cd2-bca9-568ee30412d2:b12e56d5-73d2-49e3-b5e3-60b23bef9f3b,maxyjulio18@gmail.com,Tokenia Email,General request,Limites e restrições,14/Nov/25 4:30 AM,"14/Nov/25 5:57 AM;maxyjulio18@gmail.com;Olá! Sem problemas, a solicitação continua disponível sempre que precisar novamente.",,,,,
restrição critica aplicada a conta empresarial afetando operações de grande porte,nossa conta empresarial recebeu uma restrição severa que esta impedindo operações de grande porte que fazem parte da nossa operação regular,Highest,Work in Progress,qm:96e3bf0d-beea-4cd2-bca9-568ee30412d2:b7a06e76-4e6b-48b6-a6c2-1f5297504226,maxi220julio@gmail.com,Tokenia Web,Service Request,Limites e restrições,8/Oct/24 10:38 PM,"8/Oct/24 10:45 PM;maxi220julio@gmail.com;Olá, entendemos a extrema gravidade dessa restrição considerando o impacto na operação empresarial. Já priorizamos a análise do seu caso junto ao time responsável, dado o porte e a urgência envolvida.","8/Oct/24 11:23 PM;qm:96e3bf0d-beea-4cd2-bca9-568ee30412d2:b7a06e76-4e6b-48b6-a6c2-1f5297504226;por favor, isso esta impactando diretamente nossas atividades, precisamos de uma resolução rapida",,,,
multiplas funcionalidades do app apresentando falhas simultaneas apos atualização,"depois da ultima atualização, varias partes do app pararam de funcionar direito ao mesmo tempo: grafico, carteira e historico",High,Work in Progress,qm:96e3bf0d-beea-4cd2-bca9-568ee30412d2:3b3304dc-2f4a-4a0c-94fd-cfc9d201d002,maximilianojavierjulio@gmail.com,Tokenia Web,Service Request,Problemas técnicos do app/site,14/Sep/25 8:12 AM,"14/Sep/25 8:24 AM;maximilianojavierjulio@gmail.com;Olá, obrigado por reportar essas falhas múltiplas após a atualização. Identificamos uma instabilidade generalizada relacionada à última versão lançada e nosso time técnico está trabalhando com prioridade máxima na correção.","14/Sep/25 9:23 AM;qm:96e3bf0d-beea-4cd2-bca9-568ee30412d2:3b3304dc-2f4a-4a0c-94fd-cfc9d201d002;ok, ta bem prejudicando meu uso do app, espero que resolvam logo",,,,
falha tecnica persistente impedindo conclusão de operações ha varios dias,"ha uma semana venho tentando concluir operações e sempre da algum tipo de erro tecnico diferente, ja tentei de tudo que o suporte sugeriu",High,Escalated,qm:96e3bf0d-beea-4cd2-bca9-568ee30412d2:1007ee5e-c272-40ae-811d-eed78b3d4e7c,maxi220julio@gmail.com,Tokenia Web,Service Request,Problemas técnicos do app/site,26/Feb/26 2:09 AM,"26/Feb/26 3:21 AM;maxi220julio@gmail.com;Olá, pedimos sinceras desculpas por essa persistência do problema ao longo de uma semana inteira. Considerando o tempo já decorrido sem solução, vou escalar seu caso com máxima prioridade para uma equipe técnica especializada resolver definitivamente.","26/Feb/26 4:00 AM;qm:96e3bf0d-beea-4cd2-bca9-568ee30412d2:1007ee5e-c272-40ae-811d-eed78b3d4e7c;por favor, ja tentei varias vezes seguir as orientações e nada resolveu, preciso de uma solução definitiva",26/Feb/26 5:27 AM;maxi220julio@gmail.com;Compreendemos completamente sua frustração após tantas tentativas. Nosso time especializado vai analisar profundamente sua conta e o histórico de erros reportados para identificar a causa raiz e resolver definitivamente.,,,
ia contestar uma taxa mas percebi que estava calculando errado,"ia abrir uma contestação formal sobre uma taxa que considerava excessiva, mas percebi que tinha calculado o percentual errado por engano",High,Canceled,qm:96e3bf0d-beea-4cd2-bca9-568ee30412d2:ed04d6ae-f36e-4f44-ba75-dad36ede95b7,maxi220julio@gmail.com,Tokenia Web,Service Request,Tarifas e comissões,1/Nov/24 4:32 PM,"1/Nov/24 4:57 PM;maxi220julio@gmail.com;Olá! Sem problemas, acontece! Qualquer outra dúvida sobre taxas estamos à disposição.",,,,,
divergencia critica de taxa em contrato empresarial de grande porte finalmente resolvida,"depois de varias interações, nossa divergencia sobre a taxa contratual aplicada em operações de grande porte finalmente foi esclarecida e corrigida pela equipe",Highest,Resolved,qm:96e3bf0d-beea-4cd2-bca9-568ee30412d2:c76e25ce-1103-4288-a853-a756f7dcaabf,maxyjulio18@gmail.com,Tokenia Email,General request,Tarifas e comissões,28/Apr/26 3:02 PM,"28/Apr/26 3:20 PM;maxyjulio18@gmail.com;Olá! Confirmamos a conclusão da análise do seu caso. Identificamos e corrigimos a configuração incorreta na sua conta empresarial, e o estorno da diferença cobrada em todas as operações afetadas já foi processado integralmente.","28/Apr/26 4:32 PM;qm:96e3bf0d-beea-4cd2-bca9-568ee30412d2:c76e25ce-1103-4288-a853-a756f7dcaabf;muito obrigado pela dedicação em resolver essa situação, foi um processo bem importante pra nossa operação","28/Apr/26 4:37 PM;maxyjulio18@gmail.com;Ficamos felizes em ajudar e agradecemos a paciência durante todo o processo. Qualquer necessidade futura, estamos à disposição.",,,
verificação critica bloqueada por multiplos sinais de alerta simultaneos,"minha verificação foi sinalizada com varios alertas ao mesmo tempo, incluindo suspeita de documento e possivel duplicidade de identidade, situação muito complexa",Highest,Escalated,qm:96e3bf0d-beea-4cd2-bca9-568ee30412d2:cf6bd68c-2cf4-4fa6-93ba-fc96a0e57143,maxi220julio@gmail.com,Portal Tokenia,Service Request,Verificação de identidade,21/Aug/24 6:43 PM,"21/Aug/24 6:54 PM;maxi220julio@gmail.com;Olá, entendemos a extrema complexidade dessa situação com múltiplos sinais de alerta simultâneos. Vou escalar seu caso imediatamente com prioridade máxima para uma análise conjunta e detalhada da nossa equipe especializada de compliance.","21/Aug/24 8:11 PM;qm:96e3bf0d-beea-4cd2-bca9-568ee30412d2:cf6bd68c-2cf4-4fa6-93ba-fc96a0e57143;por favor, isso é muito serio pra mim, preciso resolver o quanto antes",21/Aug/24 8:26 PM;maxi220julio@gmail.com;Compreendemos completamente a gravidade da situação para você. Nosso time mais experiente vai revisar minuciosamente cada um dos pontos sinalizados e retornar com uma posição clara e definitiva o mais breve possível.,,,
verificação avançada pendente aguardando documentação complementar especifica,"estou no meio do processo de verificação avançada pra aumentar meu limite, e falta so um documento complementar especifico",High,Waiting for Customer,qm:96e3bf0d-beea-4cd2-bca9-568ee30412d2:dcd8d81d-4933-40c2-b3f2-7d9c8757ab99,maxi220julio@gmail.com,Portal Tokenia,Service Request,Verificação de identidade,6/Jun/26 12:43 PM,6/Jun/26 1:02 PM;maxi220julio@gmail.com;Olá! Verificamos aqui e falta apenas o comprovante de origem de fundos mais recente para finalizar sua verificação avançada. Poderia nos enviar esse documento atualizado?,6/Jun/26 2:17 PM;qm:96e3bf0d-beea-4cd2-bca9-568ee30412d2:dcd8d81d-4933-40c2-b3f2-7d9c8757ab99;vou providenciar e enviar em breve pra finalizar o processo,,,,
revisão critica de conta empresarial em andamento com multiplos documentos em analise,"nossa conta empresarial esta passando por uma revisão completa de verificação, com varios documentos societarios e financeiros em analise simultanea",Highest,Work in Progress,qm:96e3bf0d-beea-4cd2-bca9-568ee30412d2:b9908a88-c7cb-48d9-b10c-f21b473a87ee,maximilianojavierjulio@gmail.com,Tokenia Web,Service Request,Verificação de identidade,24/Jan/25 12:24 AM,"24/Jan/25 1:04 AM;maximilianojavierjulio@gmail.com;Olá! Confirmamos que sua conta empresarial está em processo de revisão completa, com múltiplos documentos sendo analisados em paralelo pela nossa equipe de compliance. Esse tipo de análise costuma levar um pouco mais de tempo devido à complexidade societária envolvida.","24/Jan/25 1:48 AM;qm:96e3bf0d-beea-4cd2-bca9-568ee30412d2:b9908a88-c7cb-48d9-b10c-f21b473a87ee;entendi, sabemos que é um processo mais complexo mesmo, vamos aguardar o retorno",,,,